date,city,latitude,longitude,AQI,PM2.5,PM10,NO2,SO2,CO,month,season_factor,month_num,year
2023-01-01,Delhi,28.6139,77.209,431.7,258.3,393.7,114.0,42.7,21.35,1,1.4,1,2023
2023-01-01,Mumbai,19.076,72.8777,259.2,159.4,229.5,67.0,25.0,12.49,1,1.4,1,2023
2023-01-01,Chennai,13.0827,80.2707,132.0,69.6,105.0,30.8,11.2,6.91,1,1.4,1,2023
2023-01-01,Kolkata,22.5726,88.3639,206.6,116.9,197.7,50.7,20.8,8.91,1,1.4,1,2023
2023-01-01,Bengaluru,12.9716,77.5946,123.7,74.8,102.1,32.4,11.2,5.89,1,1.4,1,2023
2023-01-01,Hyderabad,17.385,78.4867,146.9,97.4,132.1,32.5,16.3,6.12,1,1.4,1,2023
2023-01-01,Puducherry,11.9416,79.8083,109.2,55.7,87.7,28.1,12.4,5.63,1,1.4,1,2023
2023-01-01,Lucknow,26.8467,80.9462,300.5,178.8,258.6,72.2,29.1,16.08,1,1.4,1,2023
2023-01-01,Patna,25.5941,85.1376,360.1,207.2,326.7,88.5,34.7,18.62,1,1.4,1,2023
2023-01-01,Ahmedabad,23.0225,72.5714,270.4,166.9,236.6,66.4,27.7,14.5,1,1.4,1,2023
2023-01-02,Delhi,28.6139,77.209,353.7,211.3,309.5,83.6,37.0,19.04,1,1.4,1,2023
2023-01-02,Mumbai,19.076,72.8777,193.1,120.9,176.7,45.7,20.0,11.19,1,1.4,1,2023
2023-01-02,Chennai,13.0827,80.2707,125.1,82.9,91.6,34.6,12.7,5.96,1,1.4,1,2023
2023-01-02,Kolkata,22.5726,88.3639,256.6,144.0,229.2,65.6,28.6,12.31,1,1.4,1,2023
2023-01-02,Bengaluru,12.9716,77.5946,115.7,66.9,111.5,30.2,10.5,6.3,1,1.4,1,2023
2023-01-02,Hyderabad,17.385,78.4867,171.4,107.7,148.6,41.5,16.4,7.11,1,1.4,1,2023
2023-01-02,Puducherry,11.9416,79.8083,110.9,67.8,99.9,26.8,8.3,5.12,1,1.4,1,2023
2023-01-02,Lucknow,26.8467,80.9462,285.7,167.4,255.8,73.0,32.3,14.46,1,1.4,1,2023
2023-01-02,Patna,25.5941,85.1376,354.0,212.0,303.2,88.4,35.5,20.16,1,1.4,1,2023
2023-01-02,Ahmedabad,23.0225,72.5714,215.3,130.7,193.5,49.2,23.8,11.52,1,1.4,1,2023
2023-01-03,Delhi,28.6139,77.209,455.3,268.6,421.0,108.2,46.7,24.96,1,1.4,1,2023
2023-01-03,Mumbai,19.076,72.8777,156.4,91.0,141.6,37.1,12.5,7.89,1,1.4,1,2023
2023-01-03,Chennai,13.0827,80.2707,99.4,62.0,82.1,31.0,8.4,4.65,1,1.4,1,2023
2023-01-03,Kolkata,22.5726,88.3639,292.7,169.5,265.2,78.4,26.1,14.82,1,1.4,1,2023
2023-01-03,Bengaluru,12.9716,77.5946,147.8,92.6,123.1,31.7,15.8,7.69,1,1.4,1,2023
2023-01-03,Hyderabad,17.385,78.4867,176.8,107.8,153.7,45.1,18.3,8.13,1,1.4,1,2023
2023-01-03,Puducherry,11.9416,79.8083,142.3,87.7,118.5,38.2,12.3,7.9,1,1.4,1,2023
2023-01-03,Lucknow,26.8467,80.9462,383.3,225.9,352.7,97.5,40.0,21.06,1,1.4,1,2023
2023-01-03,Patna,25.5941,85.1376,318.8,187.5,279.8,76.4,31.7,16.28,1,1.4,1,2023
2023-01-03,Ahmedabad,23.0225,72.5714,236.5,146.0,213.0,64.9,23.1,14.55,1,1.4,1,2023
2023-01-04,Delhi,28.6139,77.209,442.1,261.0,389.3,112.5,43.8,22.82,1,1.4,1,2023
2023-01-04,Mumbai,19.076,72.8777,214.9,128.6,186.6,47.7,20.6,11.6,1,1.4,1,2023
2023-01-04,Chennai,13.0827,80.2707,131.4,72.6,119.6,34.4,11.4,6.72,1,1.4,1,2023
2023-01-04,Kolkata,22.5726,88.3639,254.9,147.2,232.3,66.0,27.7,13.8,1,1.4,1,2023
2023-01-04,Bengaluru,12.9716,77.5946,98.7,54.5,93.0,26.7,10.9,8.79,1,1.4,1,2023
2023-01-04,Hyderabad,17.385,78.4867,188.0,118.5,176.8,49.6,18.2,10.16,1,1.4,1,2023
2023-01-04,Puducherry,11.9416,79.8083,89.5,52.5,76.7,22.7,13.6,2.61,1,1.4,1,2023
2023-01-04,Lucknow,26.8467,80.9462,352.6,203.5,313.6,92.5,35.4,16.55,1,1.4,1,2023
2023-01-04,Patna,25.5941,85.1376,285.9,174.9,251.5,72.3,28.7,13.64,1,1.4,1,2023
2023-01-04,Ahmedabad,23.0225,72.5714,320.5,195.5,272.2,80.9,30.7,16.88,1,1.4,1,2023
2023-01-05,Delhi,28.6139,77.209,328.6,196.6,299.8,85.6,30.5,16.1,1,1.4,1,2023
2023-01-05,Mumbai,19.076,72.8777,177.0,102.9,173.4,45.9,15.2,9.77,1,1.4,1,2023
2023-01-05,Chennai,13.0827,80.2707,179.1,112.6,149.0,42.8,20.4,8.25,1,1.4,1,2023
2023-01-05,Kolkata,22.5726,88.3639,274.2,168.4,239.4,68.3,20.9,12.69,1,1.4,1,2023
2023-01-05,Bengaluru,12.9716,77.5946,132.4,73.2,132.2,27.4,12.4,6.75,1,1.4,1,2023
2023-01-05,Hyderabad,17.385,78.4867,218.4,123.9,205.9,54.6,19.9,11.38,1,1.4,1,2023
2023-01-05,Puducherry,11.9416,79.8083,109.0,62.4,98.7,25.7,11.1,6.11,1,1.4,1,2023
2023-01-05,Lucknow,26.8467,80.9462,411.1,240.5,387.1,95.0,40.8,21.14,1,1.4,1,2023
2023-01-05,Patna,25.5941,85.1376,355.7,210.3,318.5,87.0,34.4,18.63,1,1.4,1,2023
2023-01-05,Ahmedabad,23.0225,72.5714,240.1,140.6,223.3,61.3,25.6,12.63,1,1.4,1,2023
2023-01-06,Delhi,28.6139,77.209,325.7,192.6,299.1,83.9,32.5,16.4,1,1.4,1,2023
2023-01-06,Mumbai,19.076,72.8777,247.1,145.3,226.8,61.0,24.3,13.45,1,1.4,1,2023
2023-01-06,Chennai,13.0827,80.2707,146.6,92.0,142.4,36.7,16.0,7.02,1,1.4,1,2023
2023-01-06,Kolkata,22.5726,88.3639,268.2,160.3,242.2,69.4,25.2,15.5,1,1.4,1,2023
2023-01-06,Bengaluru,12.9716,77.5946,109.8,59.8,108.1,30.6,12.2,6.12,1,1.4,1,2023
2023-01-06,Hyderabad,17.385,78.4867,167.6,96.1,151.4,39.2,18.7,8.23,1,1.4,1,2023
2023-01-06,Puducherry,11.9416,79.8083,88.5,51.5,83.0,19.9,7.2,4.67,1,1.4,1,2023
2023-01-06,Lucknow,26.8467,80.9462,323.9,191.8,287.7,81.9,29.5,14.79,1,1.4,1,2023
2023-01-06,Patna,25.5941,85.1376,285.7,170.4,259.6,77.3,30.3,14.13,1,1.4,1,2023
2023-01-06,Ahmedabad,23.0225,72.5714,223.1,128.8,200.6,54.6,23.0,10.33,1,1.4,1,2023
2023-01-07,Delhi,28.6139,77.209,433.5,267.8,389.3,110.0,44.7,21.27,1,1.4,1,2023
2023-01-07,Mumbai,19.076,72.8777,205.0,123.1,185.3,48.2,20.5,10.75,1,1.4,1,2023
2023-01-07,Chennai,13.0827,80.2707,162.3,102.2,163.3,37.5,18.0,8.3,1,1.4,1,2023
2023-01-07,Kolkata,22.5726,88.3639,361.5,212.9,318.6,88.0,31.9,17.55,1,1.4,1,2023
2023-01-07,Bengaluru,12.9716,77.5946,117.2,71.1,108.2,36.8,13.6,5.28,1,1.4,1,2023
2023-01-07,Hyderabad,17.385,78.4867,136.6,84.4,112.4,41.5,16.0,6.36,1,1.4,1,2023
2023-01-07,Puducherry,11.9416,79.8083,70.7,49.2,62.7,22.6,3.9,2.94,1,1.4,1,2023
2023-01-07,Lucknow,26.8467,80.9462,308.3,185.2,273.9,79.6,28.7,15.27,1,1.4,1,2023
2023-01-07,Patna,25.5941,85.1376,344.4,209.2,315.7,81.6,31.4,18.5,1,1.4,1,2023
2023-01-07,Ahmedabad,23.0225,72.5714,239.0,139.7,227.5,60.2,26.3,12.02,1,1.4,1,2023
2023-01-08,Delhi,28.6139,77.209,556.9,342.9,499.2,143.1,57.0,29.21,1,1.4,1,2023
2023-01-08,Mumbai,19.076,72.8777,157.4,97.9,150.1,32.3,13.4,5.83,1,1.4,1,2023
2023-01-08,Chennai,13.0827,80.2707,119.3,75.2,119.4,30.1,15.2,4.58,1,1.4,1,2023
2023-01-08,Kolkata,22.5726,88.3639,166.8,99.8,153.2,41.6,12.5,8.25,1,1.4,1,2023
2023-01-08,Bengaluru,12.9716,77.5946,100.9,63.9,93.7,21.5,9.1,3.99,1,1.4,1,2023
2023-01-08,Hyderabad,17.385,78.4867,165.8,104.3,141.3,43.5,15.5,7.5,1,1.4,1,2023
2023-01-08,Puducherry,11.9416,79.8083,102.9,56.6,88.2,20.9,14.2,5.18,1,1.4,1,2023
2023-01-08,Lucknow,26.8467,80.9462,262.5,158.6,235.4,64.7,27.5,13.88,1,1.4,1,2023
2023-01-08,Patna,25.5941,85.1376,298.9,176.5,266.8,65.5,26.9,16.31,1,1.4,1,2023
2023-01-08,Ahmedabad,23.0225,72.5714,298.0,177.6,272.8,75.7,36.0,16.02,1,1.4,1,2023
2023-01-09,Delhi,28.6139,77.209,381.8,224.3,330.8,96.3,36.7,17.67,1,1.4,1,2023
2023-01-09,Mumbai,19.076,72.8777,170.1,96.7,166.6,46.1,17.0,9.98,1,1.4,1,2023
2023-01-09,Chennai,13.0827,80.2707,127.9,72.4,127.3,34.1,10.7,6.2,1,1.4,1,2023
2023-01-09,Kolkata,22.5726,88.3639,208.2,118.0,194.8,59.7,18.0,10.97,1,1.4,1,2023
2023-01-09,Bengaluru,12.9716,77.5946,120.5,69.9,103.7,26.7,12.1,5.19,1,1.4,1,2023
2023-01-09,Hyderabad,17.385,78.4867,177.5,106.2,157.8,40.7,16.6,9.63,1,1.4,1,2023
2023-01-09,Puducherry,11.9416,79.8083,115.0,64.1,104.3,31.8,8.2,6.29,1,1.4,1,2023
2023-01-09,Lucknow,26.8467,80.9462,264.9,161.8,232.3,59.0,23.2,13.29,1,1.4,1,2023
2023-01-09,Patna,25.5941,85.1376,354.2,208.0,323.9,81.9,35.3,16.5,1,1.4,1,2023
2023-01-09,Ahmedabad,23.0225,72.5714,194.7,117.1,168.3,47.1,21.5,9.16,1,1.4,1,2023
2023-01-10,Delhi,28.6139,77.209,458.9,269.7,417.2,120.5,40.9,22.15,1,1.4,1,2023
2023-01-10,Mumbai,19.076,72.8777,219.1,130.4,200.2,52.4,22.1,10.8,1,1.4,1,2023
2023-01-10,Chennai,13.0827,80.2707,155.2,94.4,142.4,37.2,14.5,7.33,1,1.4,1,2023
2023-01-10,Kolkata,22.5726,88.3639,271.7,160.9,246.8,76.2,28.9,13.26,1,1.4,1,2023
2023-01-10,Bengaluru,12.9716,77.5946,176.0,103.6,142.1,40.0,13.9,8.45,1,1.4,1,2023
2023-01-10,Hyderabad,17.385,78.4867,168.6,109.5,154.4,41.3,18.5,6.22,1,1.4,1,2023
2023-01-10,Puducherry,11.9416,79.8083,109.7,69.7,86.9,32.0,11.6,5.07,1,1.4,1,2023
2023-01-10,Lucknow,26.8467,80.9462,349.1,220.8,315.6,88.3,34.0,16.61,1,1.4,1,2023
2023-01-10,Patna,25.5941,85.1376,394.1,232.2,355.3,96.6,40.4,20.04,1,1.4,1,2023
2023-01-10,Ahmedabad,23.0225,72.5714,270.7,159.9,241.5,63.8,26.2,13.91,1,1.4,1,2023
2023-01-11,Delhi,28.6139,77.209,452.6,266.9,414.3,118.6,46.1,24.51,1,1.4,1,2023
2023-01-11,Mumbai,19.076,72.8777,165.0,92.8,134.3,47.2,17.8,8.19,1,1.4,1,2023
2023-01-11,Chennai,13.0827,80.2707,133.0,74.2,139.3,33.8,13.5,7.38,1,1.4,1,2023
2023-01-11,Kolkata,22.5726,88.3639,276.1,166.8,242.2,70.9,31.4,15.15,1,1.4,1,2023
2023-01-11,Bengaluru,12.9716,77.5946,187.8,110.1,161.1,46.4,18.9,10.48,1,1.4,1,2023
2023-01-11,Hyderabad,17.385,78.4867,108.8,72.9,96.7,25.5,8.9,3.79,1,1.4,1,2023
2023-01-11,Puducherry,11.9416,79.8083,121.5,73.3,99.0,25.2,11.5,7.74,1,1.4,1,2023
2023-01-11,Lucknow,26.8467,80.9462,291.1,167.1,260.0,71.7,23.7,14.5,1,1.4,1,2023
2023-01-11,Patna,25.5941,85.1376,319.8,195.4,302.6,84.5,31.4,14.88,1,1.4,1,2023
2023-01-11,Ahmedabad,23.0225,72.5714,339.8,204.2,305.9,84.9,34.4,16.85,1,1.4,1,2023
2023-01-12,Delhi,28.6139,77.209,346.1,204.9,311.2,84.4,33.2,17.41,1,1.4,1,2023
2023-01-12,Mumbai,19.076,72.8777,185.8,119.0,146.0,50.8,21.1,7.22,1,1.4,1,2023
2023-01-12,Chennai,13.0827,80.2707,117.4,68.6,94.4,26.2,9.5,7.62,1,1.4,1,2023
2023-01-12,Kolkata,22.5726,88.3639,298.8,185.6,274.7,70.2,28.8,15.43,1,1.4,1,2023
2023-01-12,Bengaluru,12.9716,77.5946,103.3,65.5,91.0,24.3,11.8,5.61,1,1.4,1,2023
2023-01-12,Hyderabad,17.385,78.4867,155.4,99.0,131.2,41.3,16.7,7.46,1,1.4,1,2023
2023-01-12,Puducherry,11.9416,79.8083,111.5,60.6,107.7,27.1,10.1,6.62,1,1.4,1,2023
2023-01-12,Lucknow,26.8467,80.9462,262.2,150.3,223.5,68.0,23.7,14.86,1,1.4,1,2023
2023-01-12,Patna,25.5941,85.1376,190.3,122.7,173.0,47.2,17.9,9.91,1,1.4,1,2023
2023-01-12,Ahmedabad,23.0225,72.5714,222.3,138.9,201.0,56.2,21.5,11.06,1,1.4,1,2023
2023-01-13,Delhi,28.6139,77.209,416.6,241.4,364.2,107.1,42.0,20.65,1,1.4,1,2023
2023-01-13,Mumbai,19.076,72.8777,196.7,119.8,172.7,46.1,20.1,8.86,1,1.4,1,2023
2023-01-13,Chennai,13.0827,80.2707,136.2,73.2,130.8,35.9,14.1,7.79,1,1.4,1,2023
2023-01-13,Kolkata,22.5726,88.3639,335.3,206.3,287.0,78.7,32.3,16.79,1,1.4,1,2023
2023-01-13,Bengaluru,12.9716,77.5946,155.5,89.7,141.4,35.9,14.3,6.37,1,1.4,1,2023
2023-01-13,Hyderabad,17.385,78.4867,135.7,74.7,114.3,38.1,11.7,9.42,1,1.4,1,2023
2023-01-13,Puducherry,11.9416,79.8083,114.9,69.9,96.5,31.5,10.3,5.87,1,1.4,1,2023
2023-01-13,Lucknow,26.8467,80.9462,474.4,284.2,436.2,115.8,47.4,25.49,1,1.4,1,2023
2023-01-13,Patna,25.5941,85.1376,292.1,184.3,268.6,70.8,30.5,15.58,1,1.4,1,2023
2023-01-13,Ahmedabad,23.0225,72.5714,252.0,143.3,221.0,62.0,25.1,13.22,1,1.4,1,2023
2023-01-14,Delhi,28.6139,77.209,406.2,237.0,368.6,104.0,41.7,21.39,1,1.4,1,2023
2023-01-14,Mumbai,19.076,72.8777,229.4,139.9,205.9,50.7,23.8,11.68,1,1.4,1,2023
2023-01-14,Chennai,13.0827,80.2707,132.8,73.3,110.9,37.4,13.2,7.32,1,1.4,1,2023
2023-01-14,Kolkata,22.5726,88.3639,253.4,152.2,235.6,61.3,25.5,12.21,1,1.4,1,2023
2023-01-14,Bengaluru,12.9716,77.5946,127.0,74.7,116.1,29.8,15.2,5.46,1,1.4,1,2023
2023-01-14,Hyderabad,17.385,78.4867,161.5,94.7,156.9,41.2,18.2,6.59,1,1.4,1,2023
2023-01-14,Puducherry,11.9416,79.8083,110.3,70.6,99.9,31.8,10.0,6.92,1,1.4,1,2023
2023-01-14,Lucknow,26.8467,80.9462,457.4,272.6,408.1,120.2,48.9,22.35,1,1.4,1,2023
2023-01-14,Patna,25.5941,85.1376,306.6,182.6,265.2,73.0,28.7,14.56,1,1.4,1,2023
2023-01-14,Ahmedabad,23.0225,72.5714,222.4,134.6,212.6,51.6,24.2,10.91,1,1.4,1,2023
2023-01-15,Delhi,28.6139,77.209,388.0,236.2,340.2,98.5,39.1,19.89,1,1.4,1,2023
2023-01-15,Mumbai,19.076,72.8777,207.6,136.8,181.7,49.8,19.5,9.82,1,1.4,1,2023
2023-01-15,Chennai,13.0827,80.2707,110.1,72.0,110.5,25.2,9.3,5.98,1,1.4,1,2023
2023-01-15,Kolkata,22.5726,88.3639,224.4,137.8,203.6,50.0,25.5,13.02,1,1.4,1,2023
2023-01-15,Bengaluru,12.9716,77.5946,121.6,71.0,111.7,31.7,13.5,8.09,1,1.4,1,2023
2023-01-15,Hyderabad,17.385,78.4867,161.8,93.1,134.6,37.5,16.1,9.88,1,1.4,1,2023
2023-01-15,Puducherry,11.9416,79.8083,94.6,57.9,85.0,28.4,14.5,4.2,1,1.4,1,2023
2023-01-15,Lucknow,26.8467,80.9462,276.2,170.9,254.0,76.4,28.8,13.45,1,1.4,1,2023
2023-01-15,Patna,25.5941,85.1376,377.3,231.9,346.1,96.4,39.9,20.03,1,1.4,1,2023
2023-01-15,Ahmedabad,23.0225,72.5714,286.2,175.0,256.2,72.1,31.0,13.49,1,1.4,1,2023
2023-01-16,Delhi,28.6139,77.209,421.5,250.9,379.6,110.5,42.5,21.12,1,1.4,1,2023
2023-01-16,Mumbai,19.076,72.8777,141.6,88.7,132.6,44.1,13.5,7.3,1,1.4,1,2023
2023-01-16,Chennai,13.0827,80.2707,132.2,87.2,118.2,34.2,14.4,6.8,1,1.4,1,2023
2023-01-16,Kolkata,22.5726,88.3639,229.7,138.8,215.3,53.3,23.2,10.78,1,1.4,1,2023
2023-01-16,Bengaluru,12.9716,77.5946,175.9,97.9,153.8,45.5,20.7,8.73,1,1.4,1,2023
2023-01-16,Hyderabad,17.385,78.4867,148.6,98.6,122.2,28.4,15.7,6.93,1,1.4,1,2023
2023-01-16,Puducherry,11.9416,79.8083,84.6,54.3,78.1,18.9,5.9,5.1,1,1.4,1,2023
2023-01-16,Lucknow,26.8467,80.9462,350.3,209.7,330.0,83.3,32.0,16.82,1,1.4,1,2023
2023-01-16,Patna,25.5941,85.1376,332.8,200.9,297.6,84.6,30.8,18.08,1,1.4,1,2023
2023-01-16,Ahmedabad,23.0225,72.5714,220.3,137.8,201.0,56.9,23.2,11.46,1,1.4,1,2023
2023-01-17,Delhi,28.6139,77.209,443.4,272.7,400.6,113.7,44.2,23.61,1,1.4,1,2023
2023-01-17,Mumbai,19.076,72.8777,168.9,110.3,151.7,36.5,17.1,7.76,1,1.4,1,2023
2023-01-17,Chennai,13.0827,80.2707,147.0,84.9,128.7,29.2,13.8,4.93,1,1.4,1,2023
2023-01-17,Kolkata,22.5726,88.3639,172.8,107.5,161.8,44.9,15.3,8.59,1,1.4,1,2023
2023-01-17,Bengaluru,12.9716,77.5946,139.9,78.1,137.9,38.5,13.5,7.02,1,1.4,1,2023
2023-01-17,Hyderabad,17.385,78.4867,175.3,95.0,155.8,41.1,15.5,8.48,1,1.4,1,2023
2023-01-17,Puducherry,11.9416,79.8083,141.0,87.8,122.3,37.5,16.9,7.97,1,1.4,1,2023
2023-01-17,Lucknow,26.8467,80.9462,311.9,183.9,286.3,79.5,33.0,16.23,1,1.4,1,2023
2023-01-17,Patna,25.5941,85.1376,409.5,243.0,379.1,103.2,45.1,19.79,1,1.4,1,2023
2023-01-17,Ahmedabad,23.0225,72.5714,302.1,182.2,266.7,73.6,29.6,15.53,1,1.4,1,2023
2023-01-18,Delhi,28.6139,77.209,433.8,257.4,390.2,117.0,46.8,22.13,1,1.4,1,2023
2023-01-18,Mumbai,19.076,72.8777,197.5,119.1,182.7,45.3,19.2,8.21,1,1.4,1,2023
2023-01-18,Chennai,13.0827,80.2707,136.0,84.8,118.5,40.3,11.1,5.34,1,1.4,1,2023
2023-01-18,Kolkata,22.5726,88.3639,263.2,163.2,250.4,64.0,28.5,13.12,1,1.4,1,2023
2023-01-18,Bengaluru,12.9716,77.5946,134.8,85.3,126.5,27.4,16.4,8.12,1,1.4,1,2023
2023-01-18,Hyderabad,17.385,78.4867,146.1,89.6,135.4,37.6,13.5,6.63,1,1.4,1,2023
2023-01-18,Puducherry,11.9416,79.8083,104.5,68.6,98.4,24.6,12.0,2.38,1,1.4,1,2023
2023-01-18,Lucknow,26.8467,80.9462,382.7,220.9,341.5,91.2,35.7,20.3,1,1.4,1,2023
2023-01-18,Patna,25.5941,85.1376,303.3,183.7,272.6,77.7,30.5,13.88,1,1.4,1,2023
2023-01-18,Ahmedabad,23.0225,72.5714,268.8,158.8,229.5,65.5,29.9,14.29,1,1.4,1,2023
2023-01-19,Delhi,28.6139,77.209,364.1,216.7,325.1,99.3,37.2,18.64,1,1.4,1,2023
2023-01-19,Mumbai,19.076,72.8777,237.2,143.5,211.4,58.5,23.6,11.82,1,1.4,1,2023
2023-01-19,Chennai,13.0827,80.2707,144.2,86.8,135.6,35.7,14.6,5.21,1,1.4,1,2023
2023-01-19,Kolkata,22.5726,88.3639,297.8,180.4,276.0,62.9,34.0,14.75,1,1.4,1,2023
2023-01-19,Bengaluru,12.9716,77.5946,173.2,98.7,160.8,39.1,16.1,10.57,1,1.4,1,2023
2023-01-19,Hyderabad,17.385,78.4867,161.3,97.9,152.1,42.3,16.4,8.43,1,1.4,1,2023
2023-01-19,Puducherry,11.9416,79.8083,153.1,91.6,139.4,42.5,17.5,8.84,1,1.4,1,2023
2023-01-19,Lucknow,26.8467,80.9462,349.5,204.0,327.6,82.8,35.6,16.72,1,1.4,1,2023
2023-01-19,Patna,25.5941,85.1376,331.5,200.5,300.9,84.6,36.4,17.03,1,1.4,1,2023
2023-01-19,Ahmedabad,23.0225,72.5714,213.0,132.6,201.2,48.3,22.5,11.35,1,1.4,1,2023
2023-01-20,Delhi,28.6139,77.209,368.2,227.8,330.2,92.6,36.5,18.43,1,1.4,1,2023
2023-01-20,Mumbai,19.076,72.8777,152.1,84.1,149.6,34.6,13.2,5.45,1,1.4,1,2023
2023-01-20,Chennai,13.0827,80.2707,110.0,59.4,112.1,31.5,9.6,7.75,1,1.4,1,2023
2023-01-20,Kolkata,22.5726,88.3639,301.1,179.0,251.0,84.4,27.3,13.41,1,1.4,1,2023
2023-01-20,Bengaluru,12.9716,77.5946,170.7,114.6,164.7,44.9,18.3,9.39,1,1.4,1,2023
2023-01-20,Hyderabad,17.385,78.4867,194.6,118.2,176.0,48.4,18.0,9.45,1,1.4,1,2023
2023-01-20,Puducherry,11.9416,79.8083,71.1,42.2,56.1,13.4,7.5,4.95,1,1.4,1,2023
2023-01-20,Lucknow,26.8467,80.9462,367.7,212.8,323.0,95.7,34.8,18.16,1,1.4,1,2023
2023-01-20,Patna,25.5941,85.1376,374.5,219.9,337.9,88.3,36.2,19.04,1,1.4,1,2023
2023-01-20,Ahmedabad,23.0225,72.5714,152.3,93.6,136.9,40.3,15.7,8.98,1,1.4,1,2023
2023-01-21,Delhi,28.6139,77.209,402.0,239.1,362.8,102.7,40.3,20.14,1,1.4,1,2023
2023-01-21,Mumbai,19.076,72.8777,167.9,97.4,139.9,49.0,14.3,7.7,1,1.4,1,2023
2023-01-21,Chennai,13.0827,80.2707,108.0,69.3,94.8,32.0,9.5,5.68,1,1.4,1,2023
2023-01-21,Kolkata,22.5726,88.3639,210.2,136.8,179.7,53.8,22.3,10.92,1,1.4,1,2023
2023-01-21,Bengaluru,12.9716,77.5946,134.4,80.0,121.3,33.0,15.4,8.93,1,1.4,1,2023
2023-01-21,Hyderabad,17.385,78.4867,148.5,82.3,132.9,47.4,13.2,9.06,1,1.4,1,2023
2023-01-21,Puducherry,11.9416,79.8083,138.6,80.4,129.3,41.2,13.1,6.73,1,1.4,1,2023
2023-01-21,Lucknow,26.8467,80.9462,270.2,157.0,238.0,62.7,27.1,12.74,1,1.4,1,2023
2023-01-21,Patna,25.5941,85.1376,352.4,203.7,319.8,91.4,31.3,17.99,1,1.4,1,2023
2023-01-21,Ahmedabad,23.0225,72.5714,279.2,161.5,264.7,71.5,26.5,13.9,1,1.4,1,2023
2023-01-22,Delhi,28.6139,77.209,436.7,262.4,397.3,105.5,44.0,20.42,1,1.4,1,2023
2023-01-22,Mumbai,19.076,72.8777,191.6,110.4,166.6,52.8,21.3,10.19,1,1.4,1,2023
2023-01-22,Chennai,13.0827,80.2707,98.7,57.6,98.5,25.2,14.5,5.33,1,1.4,1,2023
2023-01-22,Kolkata,22.5726,88.3639,261.6,155.4,236.5,64.8,27.6,14.04,1,1.4,1,2023
2023-01-22,Bengaluru,12.9716,77.5946,116.4,63.2,90.1,31.1,9.4,3.67,1,1.4,1,2023
2023-01-22,Hyderabad,17.385,78.4867,181.6,121.4,163.4,48.8,18.3,8.98,1,1.4,1,2023
2023-01-22,Puducherry,11.9416,79.8083,123.4,72.6,113.2,32.1,11.0,7.16,1,1.4,1,2023
2023-01-22,Lucknow,26.8467,80.9462,296.6,174.2,271.2,70.6,29.7,14.82,1,1.4,1,2023
2023-01-22,Patna,25.5941,85.1376,412.0,249.6,370.6,106.3,44.0,21.16,1,1.4,1,2023
2023-01-22,Ahmedabad,23.0225,72.5714,224.5,128.1,193.5,54.9,21.2,11.04,1,1.4,1,2023
2023-01-23,Delhi,28.6139,77.209,396.5,240.5,356.3,101.1,39.8,17.85,1,1.4,1,2023
2023-01-23,Mumbai,19.076,72.8777,158.4,94.3,132.9,42.0,18.9,9.14,1,1.4,1,2023
2023-01-23,Chennai,13.0827,80.2707,120.7,79.9,109.8,28.8,10.8,5.73,1,1.4,1,2023
2023-01-23,Kolkata,22.5726,88.3639,232.6,140.4,210.6,58.2,24.1,12.82,1,1.4,1,2023
2023-01-23,Bengaluru,12.9716,77.5946,168.5,93.7,131.2,45.9,14.1,8.2,1,1.4,1,2023
2023-01-23,Hyderabad,17.385,78.4867,127.0,67.2,118.6,34.8,11.5,3.76,1,1.4,1,2023
2023-01-23,Puducherry,11.9416,79.8083,94.1,58.4,72.9,24.3,9.4,5.28,1,1.4,1,2023
2023-01-23,Lucknow,26.8467,80.9462,315.8,184.6,293.8,78.3,31.5,14.86,1,1.4,1,2023
2023-01-23,Patna,25.5941,85.1376,305.0,178.6,273.1,83.1,27.8,13.64,1,1.4,1,2023
2023-01-23,Ahmedabad,23.0225,72.5714,290.2,173.1,255.8,76.7,27.8,16.34,1,1.4,1,2023
2023-01-24,Delhi,28.6139,77.209,446.2,265.3,418.8,109.1,46.1,22.61,1,1.4,1,2023
2023-01-24,Mumbai,19.076,72.8777,248.1,156.7,223.5,59.0,25.7,11.73,1,1.4,1,2023
2023-01-24,Chennai,13.0827,80.2707,176.3,106.5,155.7,44.8,14.9,7.84,1,1.4,1,2023
2023-01-24,Kolkata,22.5726,88.3639,312.0,183.9,272.4,80.1,33.6,16.32,1,1.4,1,2023
2023-01-24,Bengaluru,12.9716,77.5946,169.9,98.2,141.5,48.5,16.3,8.24,1,1.4,1,2023
2023-01-24,Hyderabad,17.385,78.4867,214.5,131.5,196.7,62.3,20.2,11.65,1,1.4,1,2023
2023-01-24,Puducherry,11.9416,79.8083,106.1,65.0,107.7,28.6,11.7,6.38,1,1.4,1,2023
2023-01-24,Lucknow,26.8467,80.9462,284.3,166.4,247.5,63.2,32.5,13.11,1,1.4,1,2023
2023-01-24,Patna,25.5941,85.1376,320.5,190.9,290.9,83.4,33.8,15.44,1,1.4,1,2023
2023-01-24,Ahmedabad,23.0225,72.5714,216.5,131.3,192.9,60.6,22.6,11.56,1,1.4,1,2023
2023-01-25,Delhi,28.6139,77.209,445.0,272.9,401.9,106.1,45.3,21.6,1,1.4,1,2023
2023-01-25,Mumbai,19.076,72.8777,174.9,107.9,167.3,43.8,18.1,10.45,1,1.4,1,2023
2023-01-25,Chennai,13.0827,80.2707,132.0,92.2,123.3,26.0,14.7,6.98,1,1.4,1,2023
2023-01-25,Kolkata,22.5726,88.3639,316.5,193.3,283.7,74.2,31.2,14.97,1,1.4,1,2023
2023-01-25,Bengaluru,12.9716,77.5946,122.6,76.5,123.7,32.2,9.9,6.57,1,1.4,1,2023
2023-01-25,Hyderabad,17.385,78.4867,209.9,122.9,187.8,52.5,19.4,11.14,1,1.4,1,2023
2023-01-25,Puducherry,11.9416,79.8083,102.6,63.7,85.2,23.9,11.7,4.76,1,1.4,1,2023
2023-01-25,Lucknow,26.8467,80.9462,420.3,250.2,380.1,108.8,39.2,19.25,1,1.4,1,2023
2023-01-25,Patna,25.5941,85.1376,229.2,143.8,201.9,67.5,21.8,11.64,1,1.4,1,2023
2023-01-25,Ahmedabad,23.0225,72.5714,293.4,186.1,280.6,78.2,31.4,15.26,1,1.4,1,2023
2023-01-26,Delhi,28.6139,77.209,454.3,269.8,402.3,113.6,45.1,22.26,1,1.4,1,2023
2023-01-26,Mumbai,19.076,72.8777,223.9,139.1,202.2,61.9,20.1,11.0,1,1.4,1,2023
2023-01-26,Chennai,13.0827,80.2707,108.1,55.5,96.6,26.5,13.8,6.04,1,1.4,1,2023
2023-01-26,Kolkata,22.5726,88.3639,200.8,129.8,190.5,52.5,19.6,9.08,1,1.4,1,2023
2023-01-26,Bengaluru,12.9716,77.5946,128.8,82.7,131.0,38.4,11.9,5.32,1,1.4,1,2023
2023-01-26,Hyderabad,17.385,78.4867,172.9,94.9,158.2,42.6,16.4,7.05,1,1.4,1,2023
2023-01-26,Puducherry,11.9416,79.8083,115.3,66.5,94.4,17.3,11.5,7.54,1,1.4,1,2023
2023-01-26,Lucknow,26.8467,80.9462,416.0,247.3,369.6,105.9,39.6,21.1,1,1.4,1,2023
2023-01-26,Patna,25.5941,85.1376,389.6,239.9,349.8,96.6,37.2,18.65,1,1.4,1,2023
2023-01-26,Ahmedabad,23.0225,72.5714,213.8,130.1,199.7,50.2,24.4,10.42,1,1.4,1,2023
2023-01-27,Delhi,28.6139,77.209,390.3,230.4,331.9,101.1,40.5,19.23,1,1.4,1,2023
2023-01-27,Mumbai,19.076,72.8777,198.7,121.8,166.3,47.6,21.5,8.68,1,1.4,1,2023
2023-01-27,Chennai,13.0827,80.2707,133.3,73.2,123.7,33.2,10.1,7.83,1,1.4,1,2023
2023-01-27,Kolkata,22.5726,88.3639,215.3,125.1,195.4,58.4,19.5,10.83,1,1.4,1,2023
2023-01-27,Bengaluru,12.9716,77.5946,152.9,95.2,139.0,36.8,13.6,7.73,1,1.4,1,2023
2023-01-27,Hyderabad,17.385,78.4867,130.5,63.7,120.9,36.2,8.3,5.52,1,1.4,1,2023
2023-01-27,Puducherry,11.9416,79.8083,117.4,80.7,105.8,26.4,11.4,7.24,1,1.4,1,2023
2023-01-27,Lucknow,26.8467,80.9462,266.0,155.6,235.5,62.7,26.8,14.92,1,1.4,1,2023
2023-01-27,Patna,25.5941,85.1376,358.6,213.9,320.4,83.4,37.6,17.85,1,1.4,1,2023
2023-01-27,Ahmedabad,23.0225,72.5714,215.9,145.5,196.7,51.0,20.7,11.94,1,1.4,1,2023
2023-01-28,Delhi,28.6139,77.209,401.1,233.5,368.3,97.6,43.9,21.14,1,1.4,1,2023
2023-01-28,Mumbai,19.076,72.8777,178.1,113.3,160.8,47.9,18.8,8.06,1,1.4,1,2023
2023-01-28,Chennai,13.0827,80.2707,109.9,71.1,96.2,25.9,9.1,5.92,1,1.4,1,2023
2023-01-28,Kolkata,22.5726,88.3639,355.1,207.7,319.8,94.4,35.4,18.21,1,1.4,1,2023
2023-01-28,Bengaluru,12.9716,77.5946,108.1,67.0,95.8,31.0,13.2,7.99,1,1.4,1,2023
2023-01-28,Hyderabad,17.385,78.4867,188.3,114.6,171.0,45.7,19.5,9.12,1,1.4,1,2023
2023-01-28,Puducherry,11.9416,79.8083,108.4,71.6,89.5,31.7,13.5,5.3,1,1.4,1,2023
2023-01-28,Lucknow,26.8467,80.9462,170.1,99.0,163.5,42.4,15.0,8.0,1,1.4,1,2023
2023-01-28,Patna,25.5941,85.1376,394.8,239.6,353.4,97.2,38.7,18.82,1,1.4,1,2023
2023-01-28,Ahmedabad,23.0225,72.5714,296.7,176.4,276.8,80.3,31.7,14.4,1,1.4,1,2023
2023-01-29,Delhi,28.6139,77.209,424.3,254.5,374.6,107.4,40.1,22.4,1,1.4,1,2023
2023-01-29,Mumbai,19.076,72.8777,177.4,107.4,161.9,43.3,18.9,8.4,1,1.4,1,2023
2023-01-29,Chennai,13.0827,80.2707,147.8,82.0,134.0,44.7,12.8,6.71,1,1.4,1,2023
2023-01-29,Kolkata,22.5726,88.3639,277.7,167.5,252.7,71.4,29.0,14.99,1,1.4,1,2023
2023-01-29,Bengaluru,12.9716,77.5946,152.3,90.2,142.5,45.7,15.0,6.64,1,1.4,1,2023
2023-01-29,Hyderabad,17.385,78.4867,206.7,123.4,168.6,55.1,19.6,10.24,1,1.4,1,2023
2023-01-29,Puducherry,11.9416,79.8083,111.6,67.9,106.1,26.2,12.2,5.32,1,1.4,1,2023
2023-01-29,Lucknow,26.8467,80.9462,356.0,216.7,312.9,93.3,34.5,18.61,1,1.4,1,2023
2023-01-29,Patna,25.5941,85.1376,361.7,226.2,323.7,89.0,36.1,17.78,1,1.4,1,2023
2023-01-29,Ahmedabad,23.0225,72.5714,260.0,147.9,225.6,60.7,27.9,14.71,1,1.4,1,2023
2023-01-30,Delhi,28.6139,77.209,383.6,229.3,345.8,100.5,36.5,19.42,1,1.4,1,2023
2023-01-30,Mumbai,19.076,72.8777,235.0,143.5,213.0,62.8,18.1,12.43,1,1.4,1,2023
2023-01-30,Chennai,13.0827,80.2707,109.6,56.6,102.7,32.9,10.7,6.43,1,1.4,1,2023
2023-01-30,Kolkata,22.5726,88.3639,332.6,206.1,312.5,86.1,33.4,15.03,1,1.4,1,2023
2023-01-30,Bengaluru,12.9716,77.5946,132.6,75.3,136.7,32.4,13.5,7.18,1,1.4,1,2023
2023-01-30,Hyderabad,17.385,78.4867,169.5,110.2,147.6,43.2,15.5,7.15,1,1.4,1,2023
2023-01-30,Puducherry,11.9416,79.8083,92.8,55.5,80.1,20.4,6.5,4.56,1,1.4,1,2023
2023-01-30,Lucknow,26.8467,80.9462,210.2,129.9,189.8,46.7,20.4,9.76,1,1.4,1,2023
2023-01-30,Patna,25.5941,85.1376,358.3,221.7,307.5,90.0,35.5,18.59,1,1.4,1,2023
2023-01-30,Ahmedabad,23.0225,72.5714,233.6,136.4,207.7,55.2,25.5,11.7,1,1.4,1,2023
2023-01-31,Delhi,28.6139,77.209,544.1,326.2,484.0,130.0,50.8,25.62,1,1.4,1,2023
2023-01-31,Mumbai,19.076,72.8777,206.7,126.6,173.4,55.3,19.7,10.48,1,1.4,1,2023
2023-01-31,Chennai,13.0827,80.2707,166.3,104.3,147.5,38.0,12.3,7.6,1,1.4,1,2023
2023-01-31,Kolkata,22.5726,88.3639,241.4,139.9,216.2,60.7,23.7,11.42,1,1.4,1,2023
2023-01-31,Bengaluru,12.9716,77.5946,145.1,89.3,121.9,41.9,14.3,7.27,1,1.4,1,2023
2023-01-31,Hyderabad,17.385,78.4867,192.8,116.8,181.1,49.3,18.1,10.0,1,1.4,1,2023
2023-01-31,Puducherry,11.9416,79.8083,82.1,49.8,73.6,19.7,8.0,2.22,1,1.4,1,2023
2023-01-31,Lucknow,26.8467,80.9462,272.3,163.8,246.3,64.0,29.8,12.75,1,1.4,1,2023
2023-01-31,Patna,25.5941,85.1376,403.9,244.5,358.3,108.1,38.0,21.11,1,1.4,1,2023
2023-01-31,Ahmedabad,23.0225,72.5714,269.0,158.0,253.2,66.2,27.5,13.71,1,1.4,1,2023
2023-02-01,Delhi,28.6139,77.209,381.3,232.8,349.5,88.3,40.7,17.4,2,1.4,2,2023
2023-02-01,Mumbai,19.076,72.8777,237.3,148.0,204.8,57.7,21.5,11.65,2,1.4,2,2023
2023-02-01,Chennai,13.0827,80.2707,118.3,74.9,117.0,35.2,10.7,5.71,2,1.4,2,2023
2023-02-01,Kolkata,22.5726,88.3639,167.8,96.7,158.7,48.4,14.3,7.8,2,1.4,2,2023
2023-02-01,Bengaluru,12.9716,77.5946,139.2,84.9,118.8,36.5,13.0,6.95,2,1.4,2,2023
2023-02-01,Hyderabad,17.385,78.4867,187.1,112.3,164.9,46.3,18.5,8.98,2,1.4,2,2023
2023-02-01,Puducherry,11.9416,79.8083,99.8,67.9,94.3,23.8,11.4,4.66,2,1.4,2,2023
2023-02-01,Lucknow,26.8467,80.9462,384.3,232.4,345.0,97.9,35.3,18.09,2,1.4,2,2023
2023-02-01,Patna,25.5941,85.1376,252.4,152.2,241.0,72.0,26.5,13.12,2,1.4,2,2023
2023-02-01,Ahmedabad,23.0225,72.5714,143.0,83.1,122.4,33.3,14.0,6.68,2,1.4,2,2023
2023-02-02,Delhi,28.6139,77.209,233.7,144.0,201.7,59.4,27.5,10.77,2,1.4,2,2023
2023-02-02,Mumbai,19.076,72.8777,94.8,55.4,94.1,31.5,7.0,5.24,2,1.4,2,2023
2023-02-02,Chennai,13.0827,80.2707,114.4,68.1,124.1,22.6,11.9,6.19,2,1.4,2,2023
2023-02-02,Kolkata,22.5726,88.3639,306.3,184.3,278.1,75.0,31.2,14.97,2,1.4,2,2023
2023-02-02,Bengaluru,12.9716,77.5946,158.6,93.3,145.8,39.5,18.1,7.88,2,1.4,2,2023
2023-02-02,Hyderabad,17.385,78.4867,105.9,69.8,88.1,23.9,9.4,6.67,2,1.4,2,2023
2023-02-02,Puducherry,11.9416,79.8083,62.3,53.1,64.5,16.5,6.1,3.4,2,1.4,2,2023
2023-02-02,Lucknow,26.8467,80.9462,341.9,208.4,312.2,85.8,33.8,16.94,2,1.4,2,2023
2023-02-02,Patna,25.5941,85.1376,322.4,199.1,294.9,68.8,33.6,16.31,2,1.4,2,2023
2023-02-02,Ahmedabad,23.0225,72.5714,223.2,132.0,209.9,59.6,20.8,11.57,2,1.4,2,2023
2023-02-03,Delhi,28.6139,77.209,314.3,181.7,277.9,82.0,33.3,16.23,2,1.4,2,2023
2023-02-03,Mumbai,19.076,72.8777,225.0,137.6,197.4,58.0,24.1,12.0,2,1.4,2,2023
2023-02-03,Chennai,13.0827,80.2707,155.7,97.0,142.9,43.2,15.5,6.9,2,1.4,2,2023
2023-02-03,Kolkata,22.5726,88.3639,243.8,142.6,214.0,60.4,22.8,11.88,2,1.4,2,2023
2023-02-03,Bengaluru,12.9716,77.5946,83.2,51.0,74.9,17.5,9.6,5.1,2,1.4,2,2023
2023-02-03,Hyderabad,17.385,78.4867,111.7,63.2,94.4,24.2,12.8,5.39,2,1.4,2,2023
2023-02-03,Puducherry,11.9416,79.8083,99.7,49.8,94.8,20.0,10.1,5.26,2,1.4,2,2023
2023-02-03,Lucknow,26.8467,80.9462,396.4,231.3,332.6,99.8,43.2,21.06,2,1.4,2,2023
2023-02-03,Patna,25.5941,85.1376,350.7,208.0,322.1,83.8,36.0,18.04,2,1.4,2,2023
2023-02-03,Ahmedabad,23.0225,72.5714,271.7,176.8,247.7,65.9,27.1,11.82,2,1.4,2,2023
2023-02-04,Delhi,28.6139,77.209,336.4,199.8,298.6,84.7,32.0,17.94,2,1.4,2,2023
2023-02-04,Mumbai,19.076,72.8777,196.0,117.6,173.8,49.6,21.3,8.93,2,1.4,2,2023
2023-02-04,Chennai,13.0827,80.2707,109.5,64.2,87.8,24.1,10.0,6.35,2,1.4,2,2023
2023-02-04,Kolkata,22.5726,88.3639,265.1,160.0,245.4,65.7,27.3,13.15,2,1.4,2,2023
2023-02-04,Bengaluru,12.9716,77.5946,148.0,85.9,113.7,36.5,17.6,8.33,2,1.4,2,2023
2023-02-04,Hyderabad,17.385,78.4867,201.8,127.3,182.3,51.2,18.9,9.77,2,1.4,2,2023
2023-02-04,Puducherry,11.9416,79.8083,117.3,76.4,104.5,27.5,11.7,6.47,2,1.4,2,2023
2023-02-04,Lucknow,26.8467,80.9462,214.1,117.0,188.3,48.6,20.4,10.56,2,1.4,2,2023
2023-02-04,Patna,25.5941,85.1376,304.3,189.8,276.5,77.3,31.7,14.08,2,1.4,2,2023
2023-02-04,Ahmedabad,23.0225,72.5714,270.8,162.1,249.1,63.4,24.0,14.36,2,1.4,2,2023
2023-02-05,Delhi,28.6139,77.209,422.1,248.7,372.9,110.0,39.8,22.75,2,1.4,2,2023
2023-02-05,Mumbai,19.076,72.8777,160.0,99.2,141.4,42.4,14.9,7.84,2,1.4,2,2023
2023-02-05,Chennai,13.0827,80.2707,127.0,71.2,120.2,29.7,12.2,5.36,2,1.4,2,2023
2023-02-05,Kolkata,22.5726,88.3639,123.9,73.4,130.8,34.1,12.4,5.93,2,1.4,2,2023
2023-02-05,Bengaluru,12.9716,77.5946,140.7,87.2,117.2,39.6,15.5,7.75,2,1.4,2,2023
2023-02-05,Hyderabad,17.385,78.4867,183.3,110.1,170.4,48.2,17.6,8.59,2,1.4,2,2023
2023-02-05,Puducherry,11.9416,79.8083,107.0,71.9,86.4,20.9,11.0,5.4,2,1.4,2,2023
2023-02-05,Lucknow,26.8467,80.9462,319.3,192.8,285.6,85.8,28.7,15.14,2,1.4,2,2023
2023-02-05,Patna,25.5941,85.1376,328.8,189.1,294.5,88.8,32.9,16.67,2,1.4,2,2023
2023-02-05,Ahmedabad,23.0225,72.5714,167.3,97.3,147.6,40.6,19.3,8.92,2,1.4,2,2023
2023-02-06,Delhi,28.6139,77.209,303.1,183.1,276.8,80.3,33.5,14.14,2,1.4,2,2023
2023-02-06,Mumbai,19.076,72.8777,163.6,91.9,145.4,42.8,18.3,8.1,2,1.4,2,2023
2023-02-06,Chennai,13.0827,80.2707,118.0,71.6,99.5,37.9,8.6,6.08,2,1.4,2,2023
2023-02-06,Kolkata,22.5726,88.3639,353.2,212.0,316.4,86.9,35.0,19.03,2,1.4,2,2023
2023-02-06,Bengaluru,12.9716,77.5946,73.6,51.8,54.8,17.3,6.5,4.27,2,1.4,2,2023
2023-02-06,Hyderabad,17.385,78.4867,112.1,69.6,117.1,22.6,11.6,4.94,2,1.4,2,2023
2023-02-06,Puducherry,11.9416,79.8083,113.5,68.2,97.0,30.3,15.0,5.48,2,1.4,2,2023
2023-02-06,Lucknow,26.8467,80.9462,354.8,206.4,311.7,90.6,38.4,18.1,2,1.4,2,2023
2023-02-06,Patna,25.5941,85.1376,314.1,188.5,272.7,80.9,33.2,15.25,2,1.4,2,2023
2023-02-06,Ahmedabad,23.0225,72.5714,202.8,123.0,179.0,50.4,24.5,9.89,2,1.4,2,2023
2023-02-07,Delhi,28.6139,77.209,363.3,214.7,332.9,90.1,35.0,19.49,2,1.4,2,2023
2023-02-07,Mumbai,19.076,72.8777,252.8,148.7,212.6,67.2,23.9,13.43,2,1.4,2,2023
2023-02-07,Chennai,13.0827,80.2707,76.7,50.5,59.3,22.1,7.7,2.88,2,1.4,2,2023
2023-02-07,Kolkata,22.5726,88.3639,231.6,142.4,209.3,60.2,27.1,10.02,2,1.4,2,2023
2023-02-07,Bengaluru,12.9716,77.5946,188.5,113.6,162.5,41.8,18.5,10.35,2,1.4,2,2023
2023-02-07,Hyderabad,17.385,78.4867,163.5,105.7,135.5,40.8,13.8,8.54,2,1.4,2,2023
2023-02-07,Puducherry,11.9416,79.8083,122.7,71.5,89.6,31.5,13.1,6.54,2,1.4,2,2023
2023-02-07,Lucknow,26.8467,80.9462,388.3,227.6,354.9,101.8,35.3,19.73,2,1.4,2,2023
2023-02-07,Patna,25.5941,85.1376,300.7,180.0,273.4,73.2,28.7,15.07,2,1.4,2,2023
2023-02-07,Ahmedabad,23.0225,72.5714,175.1,99.6,163.0,39.2,18.8,9.22,2,1.4,2,2023
2023-02-08,Delhi,28.6139,77.209,253.9,149.0,238.1,59.6,24.5,13.16,2,1.4,2,2023
2023-02-08,Mumbai,19.076,72.8777,227.3,135.1,199.8,62.5,26.2,12.34,2,1.4,2,2023
2023-02-08,Chennai,13.0827,80.2707,128.1,72.8,108.6,34.1,13.6,7.81,2,1.4,2,2023
2023-02-08,Kolkata,22.5726,88.3639,284.5,163.2,264.5,67.1,27.7,14.48,2,1.4,2,2023
2023-02-08,Bengaluru,12.9716,77.5946,199.9,135.5,184.8,49.2,21.1,10.88,2,1.4,2,2023
2023-02-08,Hyderabad,17.385,78.4867,156.8,103.1,143.0,41.2,17.0,8.26,2,1.4,2,2023
2023-02-08,Puducherry,11.9416,79.8083,121.8,70.0,105.2,26.0,13.1,6.87,2,1.4,2,2023
2023-02-08,Lucknow,26.8467,80.9462,337.8,211.1,304.0,87.1,31.6,16.5,2,1.4,2,2023
2023-02-08,Patna,25.5941,85.1376,384.7,235.1,343.9,95.9,35.4,18.88,2,1.4,2,2023
2023-02-08,Ahmedabad,23.0225,72.5714,264.1,161.3,241.7,66.2,26.4,12.54,2,1.4,2,2023
2023-02-09,Delhi,28.6139,77.209,447.9,270.8,407.0,109.9,40.5,23.49,2,1.4,2,2023
2023-02-09,Mumbai,19.076,72.8777,176.8,101.8,164.7,42.6,19.8,9.46,2,1.4,2,2023
2023-02-09,Chennai,13.0827,80.2707,143.1,79.0,138.5,36.8,13.6,7.3,2,1.4,2,2023
2023-02-09,Kolkata,22.5726,88.3639,163.2,100.0,138.6,35.4,13.3,9.27,2,1.4,2,2023
2023-02-09,Bengaluru,12.9716,77.5946,121.1,80.3,104.7,23.4,9.9,7.29,2,1.4,2,2023
2023-02-09,Hyderabad,17.385,78.4867,162.5,94.8,147.5,42.6,18.5,9.57,2,1.4,2,2023
2023-02-09,Puducherry,11.9416,79.8083,97.8,52.0,84.7,25.5,7.9,3.93,2,1.4,2,2023
2023-02-09,Lucknow,26.8467,80.9462,330.3,197.9,297.5,79.5,32.6,15.59,2,1.4,2,2023
2023-02-09,Patna,25.5941,85.1376,398.3,244.2,343.7,95.9,36.8,19.26,2,1.4,2,2023
2023-02-09,Ahmedabad,23.0225,72.5714,220.2,124.9,190.8,51.0,22.4,11.08,2,1.4,2,2023
2023-02-10,Delhi,28.6139,77.209,334.3,201.5,296.5,82.5,36.8,18.06,2,1.4,2,2023
2023-02-10,Mumbai,19.076,72.8777,144.0,90.5,136.1,31.4,16.0,8.74,2,1.4,2,2023
2023-02-10,Chennai,13.0827,80.2707,97.9,54.2,96.3,25.6,10.9,5.24,2,1.4,2,2023
2023-02-10,Kolkata,22.5726,88.3639,271.5,156.3,252.7,72.6,26.7,13.53,2,1.4,2,2023
2023-02-10,Bengaluru,12.9716,77.5946,94.1,59.0,89.3,23.3,11.7,4.37,2,1.4,2,2023
2023-02-10,Hyderabad,17.385,78.4867,187.8,107.6,168.8,46.3,19.2,9.02,2,1.4,2,2023
2023-02-10,Puducherry,11.9416,79.8083,102.4,65.6,88.7,19.2,13.7,6.5,2,1.4,2,2023
2023-02-10,Lucknow,26.8467,80.9462,224.0,137.8,197.6,57.1,23.0,10.97,2,1.4,2,2023
2023-02-10,Patna,25.5941,85.1376,281.1,165.2,245.7,66.9,28.0,13.34,2,1.4,2,2023
2023-02-10,Ahmedabad,23.0225,72.5714,254.7,160.3,224.6,64.6,26.5,13.21,2,1.4,2,2023
2023-02-11,Delhi,28.6139,77.209,398.1,242.6,362.1,94.6,41.5,20.79,2,1.4,2,2023
2023-02-11,Mumbai,19.076,72.8777,165.5,99.5,154.4,40.5,18.7,10.64,2,1.4,2,2023
2023-02-11,Chennai,13.0827,80.2707,106.4,56.9,98.2,29.5,10.2,6.77,2,1.4,2,2023
2023-02-11,Kolkata,22.5726,88.3639,185.1,114.5,161.7,53.2,22.5,8.49,2,1.4,2,2023
2023-02-11,Bengaluru,12.9716,77.5946,123.5,78.4,108.1,30.7,12.4,4.26,2,1.4,2,2023
2023-02-11,Hyderabad,17.385,78.4867,167.5,97.1,146.8,47.6,14.2,9.19,2,1.4,2,2023
2023-02-11,Puducherry,11.9416,79.8083,99.4,58.2,95.8,26.2,11.1,5.94,2,1.4,2,2023
2023-02-11,Lucknow,26.8467,80.9462,286.5,168.8,249.2,68.3,34.5,15.57,2,1.4,2,2023
2023-02-11,Patna,25.5941,85.1376,241.4,138.2,221.1,62.5,25.2,11.82,2,1.4,2,2023
2023-02-11,Ahmedabad,23.0225,72.5714,218.4,132.7,197.2,45.7,21.4,10.07,2,1.4,2,2023
2023-02-12,Delhi,28.6139,77.209,406.0,258.5,368.3,100.2,42.4,20.78,2,1.4,2,2023
2023-02-12,Mumbai,19.076,72.8777,212.8,130.7,208.0,48.7,22.2,9.71,2,1.4,2,2023
2023-02-12,Chennai,13.0827,80.2707,139.9,79.3,122.6,33.8,15.9,7.91,2,1.4,2,2023
2023-02-12,Kolkata,22.5726,88.3639,189.7,114.1,165.1,42.4,18.5,9.18,2,1.4,2,2023
2023-02-12,Bengaluru,12.9716,77.5946,212.8,129.8,180.5,50.9,23.3,12.73,2,1.4,2,2023
2023-02-12,Hyderabad,17.385,78.4867,112.5,58.1,116.2,29.7,9.5,6.16,2,1.4,2,2023
2023-02-12,Puducherry,11.9416,79.8083,52.3,31.4,49.7,16.8,3.2,2.7,2,1.4,2,2023
2023-02-12,Lucknow,26.8467,80.9462,247.8,150.0,215.9,60.3,22.8,13.04,2,1.4,2,2023
2023-02-12,Patna,25.5941,85.1376,396.1,236.5,356.8,93.2,39.0,19.75,2,1.4,2,2023
2023-02-12,Ahmedabad,23.0225,72.5714,341.9,199.6,319.4,89.5,34.8,18.85,2,1.4,2,2023
2023-02-13,Delhi,28.6139,77.209,421.8,255.0,379.2,110.3,44.4,20.46,2,1.4,2,2023
2023-02-13,Mumbai,19.076,72.8777,143.2,84.9,122.5,35.5,16.8,6.7,2,1.4,2,2023
2023-02-13,Chennai,13.0827,80.2707,124.9,75.2,119.2,22.2,11.3,6.46,2,1.4,2,2023
2023-02-13,Kolkata,22.5726,88.3639,312.0,184.7,265.8,80.5,29.9,14.41,2,1.4,2,2023
2023-02-13,Bengaluru,12.9716,77.5946,121.3,71.9,104.3,21.5,13.9,7.34,2,1.4,2,2023
2023-02-13,Hyderabad,17.385,78.4867,190.8,108.8,170.1,47.7,20.3,10.21,2,1.4,2,2023
2023-02-13,Puducherry,11.9416,79.8083,90.3,54.6,84.9,28.4,10.4,5.3,2,1.4,2,2023
2023-02-13,Lucknow,26.8467,80.9462,313.4,195.1,285.3,74.9,34.1,16.37,2,1.4,2,2023
2023-02-13,Patna,25.5941,85.1376,305.0,180.6,276.9,78.1,30.9,15.56,2,1.4,2,2023
2023-02-13,Ahmedabad,23.0225,72.5714,300.5,185.7,272.0,78.9,28.0,15.42,2,1.4,2,2023
2023-02-14,Delhi,28.6139,77.209,536.7,320.9,476.2,131.6,51.5,26.05,2,1.4,2,2023
2023-02-14,Mumbai,19.076,72.8777,181.2,101.7,163.2,48.9,16.3,10.58,2,1.4,2,2023
2023-02-14,Chennai,13.0827,80.2707,138.8,88.4,119.7,38.1,11.7,7.83,2,1.4,2,2023
2023-02-14,Kolkata,22.5726,88.3639,260.6,159.1,225.1,61.6,27.3,12.08,2,1.4,2,2023
2023-02-14,Bengaluru,12.9716,77.5946,153.9,85.5,145.3,33.5,16.5,8.32,2,1.4,2,2023
2023-02-14,Hyderabad,17.385,78.4867,143.6,89.1,131.3,33.7,12.3,5.22,2,1.4,2,2023
2023-02-14,Puducherry,11.9416,79.8083,112.0,59.4,101.6,26.9,12.6,5.3,2,1.4,2,2023
2023-02-14,Lucknow,26.8467,80.9462,286.6,175.6,260.6,72.9,29.6,12.79,2,1.4,2,2023
2023-02-14,Patna,25.5941,85.1376,389.0,236.5,342.0,96.3,38.8,19.32,2,1.4,2,2023
2023-02-14,Ahmedabad,23.0225,72.5714,239.0,150.6,223.8,54.5,25.1,13.28,2,1.4,2,2023
2023-02-15,Delhi,28.6139,77.209,422.9,259.2,396.7,109.8,42.8,22.19,2,1.4,2,2023
2023-02-15,Mumbai,19.076,72.8777,201.8,121.2,178.8,56.7,18.5,11.62,2,1.4,2,2023
2023-02-15,Chennai,13.0827,80.2707,138.5,76.1,127.6,26.2,15.1,7.81,2,1.4,2,2023
2023-02-15,Kolkata,22.5726,88.3639,222.4,134.1,215.8,53.6,20.1,12.6,2,1.4,2,2023
2023-02-15,Bengaluru,12.9716,77.5946,198.9,119.4,187.1,55.1,18.4,9.46,2,1.4,2,2023
2023-02-15,Hyderabad,17.385,78.4867,211.1,135.1,194.5,49.3,25.1,10.02,2,1.4,2,2023
2023-02-15,Puducherry,11.9416,79.8083,98.3,60.7,100.9,28.0,10.7,5.38,2,1.4,2,2023
2023-02-15,Lucknow,26.8467,80.9462,310.8,189.3,259.5,76.5,31.6,14.39,2,1.4,2,2023
2023-02-15,Patna,25.5941,85.1376,363.0,216.8,340.7,97.0,35.4,18.0,2,1.4,2,2023
2023-02-15,Ahmedabad,23.0225,72.5714,220.7,130.2,200.2,52.1,19.8,11.66,2,1.4,2,2023
2023-02-16,Delhi,28.6139,77.209,442.4,261.4,405.3,108.1,44.7,22.94,2,1.4,2,2023
2023-02-16,Mumbai,19.076,72.8777,194.7,119.1,171.1,47.9,19.1,8.99,2,1.4,2,2023
2023-02-16,Chennai,13.0827,80.2707,121.6,65.2,105.5,29.3,11.6,5.84,2,1.4,2,2023
2023-02-16,Kolkata,22.5726,88.3639,248.9,151.7,231.0,59.6,22.5,11.4,2,1.4,2,2023
2023-02-16,Bengaluru,12.9716,77.5946,125.4,73.5,106.7,26.2,11.6,6.45,2,1.4,2,2023
2023-02-16,Hyderabad,17.385,78.4867,188.8,110.5,166.6,43.5,18.8,8.59,2,1.4,2,2023
2023-02-16,Puducherry,11.9416,79.8083,116.5,61.0,102.0,30.3,12.0,8.52,2,1.4,2,2023
2023-02-16,Lucknow,26.8467,80.9462,330.7,193.4,296.9,75.6,32.9,15.7,2,1.4,2,2023
2023-02-16,Patna,25.5941,85.1376,400.1,237.3,359.2,97.5,43.5,19.68,2,1.4,2,2023
2023-02-16,Ahmedabad,23.0225,72.5714,306.5,188.0,279.7,78.1,31.4,13.4,2,1.4,2,2023
2023-02-17,Delhi,28.6139,77.209,369.7,226.0,332.3,86.8,36.9,20.19,2,1.4,2,2023
2023-02-17,Mumbai,19.076,72.8777,245.9,147.2,228.9,60.0,21.2,11.37,2,1.4,2,2023
2023-02-17,Chennai,13.0827,80.2707,165.1,97.7,146.6,40.1,20.3,9.88,2,1.4,2,2023
2023-02-17,Kolkata,22.5726,88.3639,362.9,216.9,329.0,84.7,39.2,16.98,2,1.4,2,2023
2023-02-17,Bengaluru,12.9716,77.5946,146.5,82.4,127.1,33.3,13.4,6.79,2,1.4,2,2023
2023-02-17,Hyderabad,17.385,78.4867,148.8,93.4,125.1,38.1,17.3,6.93,2,1.4,2,2023
2023-02-17,Puducherry,11.9416,79.8083,90.6,53.2,91.0,23.4,8.0,5.01,2,1.4,2,2023
2023-02-17,Lucknow,26.8467,80.9462,236.4,145.2,216.0,57.9,22.0,10.93,2,1.4,2,2023
2023-02-17,Patna,25.5941,85.1376,373.4,230.2,331.0,95.2,33.2,18.09,2,1.4,2,2023
2023-02-17,Ahmedabad,23.0225,72.5714,222.6,129.0,192.8,53.0,22.8,10.94,2,1.4,2,2023
2023-02-18,Delhi,28.6139,77.209,212.9,117.1,186.8,55.1,15.8,10.15,2,1.4,2,2023
2023-02-18,Mumbai,19.076,72.8777,175.0,111.9,154.4,45.3,17.8,6.62,2,1.4,2,2023
2023-02-18,Chennai,13.0827,80.2707,145.2,88.2,134.7,52.0,10.4,8.98,2,1.4,2,2023
2023-02-18,Kolkata,22.5726,88.3639,237.6,144.0,213.5,57.7,22.6,12.21,2,1.4,2,2023
2023-02-18,Bengaluru,12.9716,77.5946,94.5,60.5,81.7,19.1,8.5,5.98,2,1.4,2,2023
2023-02-18,Hyderabad,17.385,78.4867,149.3,91.4,128.5,40.4,16.3,9.31,2,1.4,2,2023
2023-02-18,Puducherry,11.9416,79.8083,101.5,64.2,92.1,30.6,8.7,5.82,2,1.4,2,2023
2023-02-18,Lucknow,26.8467,80.9462,295.3,176.9,266.5,74.8,29.3,14.98,2,1.4,2,2023
2023-02-18,Patna,25.5941,85.1376,446.5,272.8,408.8,109.8,42.9,23.28,2,1.4,2,2023
2023-02-18,Ahmedabad,23.0225,72.5714,263.4,165.4,232.2,64.9,23.1,12.78,2,1.4,2,2023
2023-02-19,Delhi,28.6139,77.209,471.7,280.7,429.7,117.2,47.8,22.44,2,1.4,2,2023
2023-02-19,Mumbai,19.076,72.8777,199.4,104.7,178.0,43.3,22.4,10.75,2,1.4,2,2023
2023-02-19,Chennai,13.0827,80.2707,137.7,90.2,116.3,41.4,15.6,6.65,2,1.4,2,2023
2023-02-19,Kolkata,22.5726,88.3639,308.8,179.7,271.3,74.8,29.8,14.38,2,1.4,2,2023
2023-02-19,Bengaluru,12.9716,77.5946,176.7,104.7,161.9,41.9,14.0,9.11,2,1.4,2,2023
2023-02-19,Hyderabad,17.385,78.4867,101.1,60.3,80.0,33.2,11.9,5.16,2,1.4,2,2023
2023-02-19,Puducherry,11.9416,79.8083,130.3,73.9,121.6,33.4,13.6,7.79,2,1.4,2,2023
2023-02-19,Lucknow,26.8467,80.9462,355.6,214.8,306.8,85.1,35.3,17.87,2,1.4,2,2023
2023-02-19,Patna,25.5941,85.1376,256.9,166.2,243.3,66.6,25.8,12.63,2,1.4,2,2023
2023-02-19,Ahmedabad,23.0225,72.5714,181.2,109.1,165.1,40.3,18.8,8.9,2,1.4,2,2023
2023-02-20,Delhi,28.6139,77.209,239.4,139.3,212.2,67.4,25.1,10.63,2,1.4,2,2023
2023-02-20,Mumbai,19.076,72.8777,215.4,121.5,202.5,52.0,21.4,12.1,2,1.4,2,2023
2023-02-20,Chennai,13.0827,80.2707,93.8,49.3,79.8,27.6,6.3,1.86,2,1.4,2,2023
2023-02-20,Kolkata,22.5726,88.3639,229.4,140.4,216.1,55.5,22.1,12.62,2,1.4,2,2023
2023-02-20,Bengaluru,12.9716,77.5946,83.9,48.4,77.0,22.8,7.4,4.23,2,1.4,2,2023
2023-02-20,Hyderabad,17.385,78.4867,80.9,45.2,76.4,16.3,8.2,4.49,2,1.4,2,2023
2023-02-20,Puducherry,11.9416,79.8083,98.1,59.7,80.6,23.7,11.0,5.06,2,1.4,2,2023
2023-02-20,Lucknow,26.8467,80.9462,269.9,163.1,248.6,59.3,29.3,13.16,2,1.4,2,2023
2023-02-20,Patna,25.5941,85.1376,365.8,225.5,318.2,88.6,36.0,17.51,2,1.4,2,2023
2023-02-20,Ahmedabad,23.0225,72.5714,302.1,177.0,267.4,76.3,27.8,14.71,2,1.4,2,2023
2023-02-21,Delhi,28.6139,77.209,417.4,248.8,374.9,102.2,38.7,21.19,2,1.4,2,2023
2023-02-21,Mumbai,19.076,72.8777,266.2,159.8,241.4,69.3,24.1,15.01,2,1.4,2,2023
2023-02-21,Chennai,13.0827,80.2707,131.1,86.8,112.1,40.0,14.7,7.11,2,1.4,2,2023
2023-02-21,Kolkata,22.5726,88.3639,263.7,157.0,246.9,66.5,22.4,12.07,2,1.4,2,2023
2023-02-21,Bengaluru,12.9716,77.5946,134.4,82.2,120.5,38.5,9.5,6.86,2,1.4,2,2023
2023-02-21,Hyderabad,17.385,78.4867,104.4,66.4,93.2,27.8,8.7,6.5,2,1.4,2,2023
2023-02-21,Puducherry,11.9416,79.8083,125.8,78.4,112.2,33.8,11.2,7.15,2,1.4,2,2023
2023-02-21,Lucknow,26.8467,80.9462,415.2,254.5,367.8,105.2,38.9,21.33,2,1.4,2,2023
2023-02-21,Patna,25.5941,85.1376,367.5,211.2,321.5,90.7,36.1,17.17,2,1.4,2,2023
2023-02-21,Ahmedabad,23.0225,72.5714,241.5,146.2,215.8,57.4,26.2,13.73,2,1.4,2,2023
2023-02-22,Delhi,28.6139,77.209,353.3,208.9,321.9,86.9,35.1,18.4,2,1.4,2,2023
2023-02-22,Mumbai,19.076,72.8777,119.6,78.4,108.2,28.3,11.8,5.94,2,1.4,2,2023
2023-02-22,Chennai,13.0827,80.2707,82.7,57.1,74.8,22.4,10.2,3.11,2,1.4,2,2023
2023-02-22,Kolkata,22.5726,88.3639,275.7,164.1,254.9,60.4,27.4,13.18,2,1.4,2,2023
2023-02-22,Bengaluru,12.9716,77.5946,153.0,94.2,132.0,35.4,15.1,6.75,2,1.4,2,2023
2023-02-22,Hyderabad,17.385,78.4867,197.5,116.7,154.5,47.9,17.7,8.24,2,1.4,2,2023
2023-02-22,Puducherry,11.9416,79.8083,80.3,48.7,82.9,21.3,6.8,4.47,2,1.4,2,2023
2023-02-22,Lucknow,26.8467,80.9462,278.2,163.4,241.1,62.5,27.0,14.07,2,1.4,2,2023
2023-02-22,Patna,25.5941,85.1376,329.2,195.4,288.7,84.7,30.3,17.24,2,1.4,2,2023
2023-02-22,Ahmedabad,23.0225,72.5714,178.9,103.6,149.3,42.7,19.8,9.46,2,1.4,2,2023
2023-02-23,Delhi,28.6139,77.209,470.3,284.8,414.4,116.3,45.5,24.85,2,1.4,2,2023
2023-02-23,Mumbai,19.076,72.8777,148.1,93.3,140.4,44.3,14.0,8.12,2,1.4,2,2023
2023-02-23,Chennai,13.0827,80.2707,183.0,106.7,152.4,38.2,19.7,7.27,2,1.4,2,2023
2023-02-23,Kolkata,22.5726,88.3639,233.4,142.2,211.5,60.1,23.8,12.95,2,1.4,2,2023
2023-02-23,Bengaluru,12.9716,77.5946,111.4,63.5,94.1,31.2,12.9,6.02,2,1.4,2,2023
2023-02-23,Hyderabad,17.385,78.4867,209.4,119.7,201.8,58.4,22.4,12.25,2,1.4,2,2023
2023-02-23,Puducherry,11.9416,79.8083,71.9,40.5,58.8,20.9,5.1,4.35,2,1.4,2,2023
2023-02-23,Lucknow,26.8467,80.9462,397.1,241.7,359.7,95.3,38.0,21.1,2,1.4,2,2023
2023-02-23,Patna,25.5941,85.1376,390.6,234.2,348.2,89.5,36.9,21.44,2,1.4,2,2023
2023-02-23,Ahmedabad,23.0225,72.5714,166.4,100.8,157.8,36.6,17.0,9.26,2,1.4,2,2023
2023-02-24,Delhi,28.6139,77.209,393.0,250.1,340.4,102.5,39.0,20.42,2,1.4,2,2023
2023-02-24,Mumbai,19.076,72.8777,213.7,124.6,194.2,46.0,22.6,10.98,2,1.4,2,2023
2023-02-24,Chennai,13.0827,80.2707,142.0,90.5,130.7,36.1,12.4,6.39,2,1.4,2,2023
2023-02-24,Kolkata,22.5726,88.3639,311.3,194.0,278.3,78.0,29.3,16.74,2,1.4,2,2023
2023-02-24,Bengaluru,12.9716,77.5946,160.0,105.7,137.0,38.5,16.5,8.65,2,1.4,2,2023
2023-02-24,Hyderabad,17.385,78.4867,160.5,91.9,151.5,43.0,14.2,9.38,2,1.4,2,2023
2023-02-24,Puducherry,11.9416,79.8083,128.4,77.7,116.2,34.3,11.1,6.45,2,1.4,2,2023
2023-02-24,Lucknow,26.8467,80.9462,168.1,105.2,138.8,48.0,16.1,8.19,2,1.4,2,2023
2023-02-24,Patna,25.5941,85.1376,292.1,173.8,274.2,63.1,31.8,14.94,2,1.4,2,2023
2023-02-24,Ahmedabad,23.0225,72.5714,169.7,96.4,166.1,38.6,14.7,9.62,2,1.4,2,2023
2023-02-25,Delhi,28.6139,77.209,419.1,246.8,378.9,100.7,44.1,22.02,2,1.4,2,2023
2023-02-25,Mumbai,19.076,72.8777,217.3,132.2,209.7,54.3,19.4,11.31,2,1.4,2,2023
2023-02-25,Chennai,13.0827,80.2707,178.2,101.8,157.5,46.2,17.7,7.93,2,1.4,2,2023
2023-02-25,Kolkata,22.5726,88.3639,308.1,196.5,278.9,73.4,27.7,15.66,2,1.4,2,2023
2023-02-25,Bengaluru,12.9716,77.5946,173.1,106.2,155.8,40.9,15.1,9.49,2,1.4,2,2023
2023-02-25,Hyderabad,17.385,78.4867,200.0,112.3,192.7,52.3,22.8,8.66,2,1.4,2,2023
2023-02-25,Puducherry,11.9416,79.8083,77.7,45.9,74.0,26.6,9.2,3.64,2,1.4,2,2023
2023-02-25,Lucknow,26.8467,80.9462,241.3,150.9,209.5,66.8,23.6,13.66,2,1.4,2,2023
2023-02-25,Patna,25.5941,85.1376,383.5,229.4,341.0,94.5,39.2,19.25,2,1.4,2,2023
2023-02-25,Ahmedabad,23.0225,72.5714,197.3,117.6,178.2,40.8,20.6,8.89,2,1.4,2,2023
2023-02-26,Delhi,28.6139,77.209,299.7,171.4,255.4,69.5,28.6,16.94,2,1.4,2,2023
2023-02-26,Mumbai,19.076,72.8777,175.0,105.9,160.7,44.3,17.3,7.55,2,1.4,2,2023
2023-02-26,Chennai,13.0827,80.2707,162.3,106.4,132.6,36.5,15.7,7.15,2,1.4,2,2023
2023-02-26,Kolkata,22.5726,88.3639,277.3,162.7,266.9,74.1,28.2,14.89,2,1.4,2,2023
2023-02-26,Bengaluru,12.9716,77.5946,173.2,101.1,149.4,43.6,19.0,8.8,2,1.4,2,2023
2023-02-26,Hyderabad,17.385,78.4867,112.8,63.7,100.9,27.9,15.2,4.25,2,1.4,2,2023
2023-02-26,Puducherry,11.9416,79.8083,115.1,76.5,121.8,27.2,12.5,6.32,2,1.4,2,2023
2023-02-26,Lucknow,26.8467,80.9462,320.7,191.9,292.1,70.0,33.4,16.16,2,1.4,2,2023
2023-02-26,Patna,25.5941,85.1376,320.4,202.5,283.0,78.5,36.0,15.19,2,1.4,2,2023
2023-02-26,Ahmedabad,23.0225,72.5714,199.2,118.8,186.0,50.6,17.3,9.43,2,1.4,2,2023
2023-02-27,Delhi,28.6139,77.209,343.4,205.7,312.5,87.5,30.8,18.23,2,1.4,2,2023
2023-02-27,Mumbai,19.076,72.8777,206.1,130.6,189.0,55.9,21.5,11.65,2,1.4,2,2023
2023-02-27,Chennai,13.0827,80.2707,139.1,83.0,143.4,38.3,15.1,5.68,2,1.4,2,2023
2023-02-27,Kolkata,22.5726,88.3639,187.6,114.0,170.0,44.4,19.0,10.97,2,1.4,2,2023
2023-02-27,Bengaluru,12.9716,77.5946,160.9,90.8,143.9,37.0,15.3,7.63,2,1.4,2,2023
2023-02-27,Hyderabad,17.385,78.4867,151.3,84.5,135.1,35.6,9.3,9.62,2,1.4,2,2023
2023-02-27,Puducherry,11.9416,79.8083,126.8,74.2,114.3,27.0,16.1,8.24,2,1.4,2,2023
2023-02-27,Lucknow,26.8467,80.9462,318.2,196.0,287.8,74.2,31.0,16.04,2,1.4,2,2023
2023-02-27,Patna,25.5941,85.1376,304.2,181.4,273.0,75.7,30.5,14.15,2,1.4,2,2023
2023-02-27,Ahmedabad,23.0225,72.5714,191.7,108.6,180.4,39.5,21.5,10.97,2,1.4,2,2023
2023-02-28,Delhi,28.6139,77.209,367.8,207.7,328.1,91.7,34.8,17.87,2,1.4,2,2023
2023-02-28,Mumbai,19.076,72.8777,257.2,157.6,224.1,57.9,25.1,12.65,2,1.4,2,2023
2023-02-28,Chennai,13.0827,80.2707,138.4,80.4,128.7,42.3,15.5,6.87,2,1.4,2,2023
2023-02-28,Kolkata,22.5726,88.3639,242.8,143.9,228.0,58.2,24.4,12.19,2,1.4,2,2023
2023-02-28,Bengaluru,12.9716,77.5946,124.9,68.1,115.0,31.0,13.5,5.71,2,1.4,2,2023
2023-02-28,Hyderabad,17.385,78.4867,210.7,122.0,203.3,45.7,21.9,11.01,2,1.4,2,2023
2023-02-28,Puducherry,11.9416,79.8083,89.1,55.6,90.4,13.4,9.9,1.96,2,1.4,2,2023
2023-02-28,Lucknow,26.8467,80.9462,245.2,155.3,216.0,56.6,24.1,14.33,2,1.4,2,2023
2023-02-28,Patna,25.5941,85.1376,207.8,119.4,199.0,59.4,20.6,9.15,2,1.4,2,2023
2023-02-28,Ahmedabad,23.0225,72.5714,318.3,199.0,291.9,76.3,31.7,15.75,2,1.4,2,2023
2023-03-01,Delhi,28.6139,77.209,306.5,191.2,282.9,72.3,33.4,15.64,3,1.0,3,2023
2023-03-01,Mumbai,19.076,72.8777,167.5,107.8,141.9,41.7,15.7,6.81,3,1.0,3,2023
2023-03-01,Chennai,13.0827,80.2707,98.7,71.8,74.1,24.5,11.2,5.06,3,1.0,3,2023
2023-03-01,Kolkata,22.5726,88.3639,174.3,98.1,158.7,40.5,13.1,9.91,3,1.0,3,2023
2023-03-01,Bengaluru,12.9716,77.5946,128.8,77.5,117.8,36.5,13.3,7.34,3,1.0,3,2023
2023-03-01,Hyderabad,17.385,78.4867,109.6,72.3,101.2,28.2,8.4,5.77,3,1.0,3,2023
2023-03-01,Puducherry,11.9416,79.8083,58.4,31.8,46.0,10.3,10.1,4.25,3,1.0,3,2023
2023-03-01,Lucknow,26.8467,80.9462,344.8,200.8,310.9,81.0,33.1,16.32,3,1.0,3,2023
2023-03-01,Patna,25.5941,85.1376,326.8,194.1,302.7,84.1,37.3,14.86,3,1.0,3,2023
2023-03-01,Ahmedabad,23.0225,72.5714,216.7,135.8,187.2,58.2,22.3,10.61,3,1.0,3,2023
2023-03-02,Delhi,28.6139,77.209,214.1,124.9,209.1,53.5,23.0,9.91,3,1.0,3,2023
2023-03-02,Mumbai,19.076,72.8777,108.8,70.7,87.1,25.5,10.9,5.55,3,1.0,3,2023
2023-03-02,Chennai,13.0827,80.2707,85.5,53.3,82.5,24.3,6.6,3.99,3,1.0,3,2023
2023-03-02,Kolkata,22.5726,88.3639,239.7,148.3,204.7,61.3,20.0,12.03,3,1.0,3,2023
2023-03-02,Bengaluru,12.9716,77.5946,156.9,89.4,134.5,42.3,12.6,7.21,3,1.0,3,2023
2023-03-02,Hyderabad,17.385,78.4867,140.9,81.4,124.9,38.2,14.9,7.31,3,1.0,3,2023
2023-03-02,Puducherry,11.9416,79.8083,68.2,42.8,60.4,18.9,5.8,3.23,3,1.0,3,2023
2023-03-02,Lucknow,26.8467,80.9462,155.7,93.2,133.6,34.5,16.1,8.0,3,1.0,3,2023
2023-03-02,Patna,25.5941,85.1376,294.8,174.7,268.6,75.9,30.4,13.91,3,1.0,3,2023
2023-03-02,Ahmedabad,23.0225,72.5714,166.7,101.8,150.1,33.3,17.0,10.55,3,1.0,3,2023
2023-03-03,Delhi,28.6139,77.209,251.2,147.1,229.1,64.0,27.5,11.3,3,1.0,3,2023
2023-03-03,Mumbai,19.076,72.8777,169.3,104.5,151.2,43.7,19.0,9.34,3,1.0,3,2023
2023-03-03,Chennai,13.0827,80.2707,61.4,40.9,54.7,15.6,6.3,2.92,3,1.0,3,2023
2023-03-03,Kolkata,22.5726,88.3639,239.6,143.3,206.7,58.3,24.3,13.21,3,1.0,3,2023
2023-03-03,Bengaluru,12.9716,77.5946,118.1,66.6,126.2,30.6,14.4,5.75,3,1.0,3,2023
2023-03-03,Hyderabad,17.385,78.4867,138.7,87.4,134.6,38.9,15.6,6.62,3,1.0,3,2023
2023-03-03,Puducherry,11.9416,79.8083,63.6,39.8,64.7,15.0,8.5,4.63,3,1.0,3,2023
2023-03-03,Lucknow,26.8467,80.9462,160.4,92.1,143.2,41.3,15.0,9.37,3,1.0,3,2023
2023-03-03,Patna,25.5941,85.1376,269.7,162.0,231.2,62.2,27.5,11.35,3,1.0,3,2023
2023-03-03,Ahmedabad,23.0225,72.5714,205.6,122.6,211.0,60.6,20.2,10.17,3,1.0,3,2023
2023-03-04,Delhi,28.6139,77.209,359.6,224.3,310.5,82.8,34.7,18.56,3,1.0,3,2023
2023-03-04,Mumbai,19.076,72.8777,159.9,101.3,134.3,30.7,17.7,7.17,3,1.0,3,2023
2023-03-04,Chennai,13.0827,80.2707,39.5,24.4,41.9,9.4,3.0,1.82,3,1.0,3,2023
2023-03-04,Kolkata,22.5726,88.3639,161.5,90.2,139.6,42.5,16.8,8.24,3,1.0,3,2023
2023-03-04,Bengaluru,12.9716,77.5946,70.1,41.2,45.7,18.2,9.9,2.03,3,1.0,3,2023
2023-03-04,Hyderabad,17.385,78.4867,99.5,61.3,99.6,23.1,8.6,3.01,3,1.0,3,2023
2023-03-04,Puducherry,11.9416,79.8083,77.1,56.5,71.6,19.2,8.4,3.84,3,1.0,3,2023
2023-03-04,Lucknow,26.8467,80.9462,167.2,104.4,152.3,41.9,14.8,9.66,3,1.0,3,2023
2023-03-04,Patna,25.5941,85.1376,286.5,169.1,265.9,69.6,27.1,13.57,3,1.0,3,2023
2023-03-04,Ahmedabad,23.0225,72.5714,80.3,50.5,57.6,15.2,3.9,3.93,3,1.0,3,2023
2023-03-05,Delhi,28.6139,77.209,268.0,159.2,232.9,62.3,27.7,12.85,3,1.0,3,2023
2023-03-05,Mumbai,19.076,72.8777,152.7,87.2,138.9,43.4,16.4,7.22,3,1.0,3,2023
2023-03-05,Chennai,13.0827,80.2707,96.4,56.6,86.8,22.8,9.3,5.03,3,1.0,3,2023
2023-03-05,Kolkata,22.5726,88.3639,130.3,73.1,106.2,26.2,10.6,6.67,3,1.0,3,2023
2023-03-05,Bengaluru,12.9716,77.5946,73.2,46.5,66.2,10.4,8.6,4.47,3,1.0,3,2023
2023-03-05,Hyderabad,17.385,78.4867,85.2,53.2,69.8,21.7,6.0,2.47,3,1.0,3,2023
2023-03-05,Puducherry,11.9416,79.8083,67.3,39.8,57.4,12.1,5.9,3.63,3,1.0,3,2023
2023-03-05,Lucknow,26.8467,80.9462,217.1,131.2,190.0,59.0,19.4,11.34,3,1.0,3,2023
2023-03-05,Patna,25.5941,85.1376,322.7,196.0,288.8,78.6,34.3,14.71,3,1.0,3,2023
2023-03-05,Ahmedabad,23.0225,72.5714,116.3,67.8,114.6,30.6,9.7,5.5,3,1.0,3,2023
2023-03-06,Delhi,28.6139,77.209,230.9,135.0,215.6,52.2,26.3,12.37,3,1.0,3,2023
2023-03-06,Mumbai,19.076,72.8777,183.6,107.8,164.0,40.2,17.3,9.67,3,1.0,3,2023
2023-03-06,Chennai,13.0827,80.2707,122.4,67.9,107.2,30.0,9.4,6.71,3,1.0,3,2023
2023-03-06,Kolkata,22.5726,88.3639,143.8,85.3,125.8,32.8,14.4,6.97,3,1.0,3,2023
2023-03-06,Bengaluru,12.9716,77.5946,88.8,49.6,82.5,28.8,9.2,5.44,3,1.0,3,2023
2023-03-06,Hyderabad,17.385,78.4867,71.3,43.6,55.4,11.9,5.7,4.76,3,1.0,3,2023
2023-03-06,Puducherry,11.9416,79.8083,94.0,57.6,72.3,22.7,10.0,4.88,3,1.0,3,2023
2023-03-06,Lucknow,26.8467,80.9462,100.2,55.7,89.7,27.2,5.6,4.85,3,1.0,3,2023
2023-03-06,Patna,25.5941,85.1376,250.0,154.2,230.5,64.8,23.4,10.59,3,1.0,3,2023
2023-03-06,Ahmedabad,23.0225,72.5714,142.3,90.4,139.2,38.4,15.1,7.49,3,1.0,3,2023
2023-03-07,Delhi,28.6139,77.209,235.5,140.6,225.3,55.1,26.8,11.45,3,1.0,3,2023
2023-03-07,Mumbai,19.076,72.8777,193.0,108.8,178.4,45.3,16.5,9.87,3,1.0,3,2023
2023-03-07,Chennai,13.0827,80.2707,115.2,64.9,91.7,28.4,11.3,6.31,3,1.0,3,2023
2023-03-07,Kolkata,22.5726,88.3639,227.5,136.2,219.6,57.8,22.1,9.76,3,1.0,3,2023
2023-03-07,Bengaluru,12.9716,77.5946,92.1,53.6,90.6,24.9,6.9,4.78,3,1.0,3,2023
2023-03-07,Hyderabad,17.385,78.4867,143.5,93.7,136.3,38.9,14.5,7.56,3,1.0,3,2023
2023-03-07,Puducherry,11.9416,79.8083,100.0,53.3,87.2,21.9,10.8,6.23,3,1.0,3,2023
2023-03-07,Lucknow,26.8467,80.9462,181.2,96.8,159.8,49.0,19.2,9.49,3,1.0,3,2023
2023-03-07,Patna,25.5941,85.1376,220.4,125.8,202.5,51.8,26.4,11.59,3,1.0,3,2023
2023-03-07,Ahmedabad,23.0225,72.5714,133.9,77.3,119.8,32.5,15.6,6.88,3,1.0,3,2023
2023-03-08,Delhi,28.6139,77.209,221.5,142.4,199.7,58.5,20.9,11.44,3,1.0,3,2023
2023-03-08,Mumbai,19.076,72.8777,152.4,82.0,153.3,43.3,14.4,6.52,3,1.0,3,2023
2023-03-08,Chennai,13.0827,80.2707,98.7,59.7,91.7,25.4,10.9,6.38,3,1.0,3,2023
2023-03-08,Kolkata,22.5726,88.3639,208.4,119.8,198.5,58.7,27.1,9.3,3,1.0,3,2023
2023-03-08,Bengaluru,12.9716,77.5946,107.3,54.0,101.0,24.6,14.6,4.59,3,1.0,3,2023
2023-03-08,Hyderabad,17.385,78.4867,60.9,34.2,39.0,18.2,2.0,3.07,3,1.0,3,2023
2023-03-08,Puducherry,11.9416,79.8083,33.4,18.4,43.2,9.8,1.6,1.64,3,1.0,3,2023
2023-03-08,Lucknow,26.8467,80.9462,221.2,135.1,188.1,57.7,16.7,10.43,3,1.0,3,2023
2023-03-08,Patna,25.5941,85.1376,205.8,126.6,185.4,45.8,18.6,10.49,3,1.0,3,2023
2023-03-08,Ahmedabad,23.0225,72.5714,156.4,90.9,136.9,41.9,14.6,7.73,3,1.0,3,2023
2023-03-09,Delhi,28.6139,77.209,453.6,265.0,393.4,116.5,44.0,22.36,3,1.0,3,2023
2023-03-09,Mumbai,19.076,72.8777,108.8,64.0,110.7,30.4,12.6,4.02,3,1.0,3,2023
2023-03-09,Chennai,13.0827,80.2707,61.2,22.5,48.6,19.1,7.2,2.84,3,1.0,3,2023
2023-03-09,Kolkata,22.5726,88.3639,178.9,103.9,162.6,47.8,14.7,9.24,3,1.0,3,2023
2023-03-09,Bengaluru,12.9716,77.5946,128.0,74.7,120.8,43.3,12.6,6.79,3,1.0,3,2023
2023-03-09,Hyderabad,17.385,78.4867,94.2,57.4,88.5,24.3,7.4,4.92,3,1.0,3,2023
2023-03-09,Puducherry,11.9416,79.8083,104.2,64.8,101.5,25.1,11.9,5.49,3,1.0,3,2023
2023-03-09,Lucknow,26.8467,80.9462,158.2,96.5,134.4,37.0,16.2,8.21,3,1.0,3,2023
2023-03-09,Patna,25.5941,85.1376,156.8,99.3,145.7,36.4,12.6,7.7,3,1.0,3,2023
2023-03-09,Ahmedabad,23.0225,72.5714,139.9,84.5,123.0,26.9,13.2,6.69,3,1.0,3,2023
2023-03-10,Delhi,28.6139,77.209,330.7,194.9,311.1,75.0,35.7,16.31,3,1.0,3,2023
2023-03-10,Mumbai,19.076,72.8777,174.4,105.0,166.1,42.1,15.2,10.14,3,1.0,3,2023
2023-03-10,Chennai,13.0827,80.2707,87.2,53.4,88.4,17.7,9.9,3.77,3,1.0,3,2023
2023-03-10,Kolkata,22.5726,88.3639,173.4,104.4,144.1,40.2,20.0,9.56,3,1.0,3,2023
2023-03-10,Bengaluru,12.9716,77.5946,98.1,60.1,85.9,30.0,9.4,5.14,3,1.0,3,2023
2023-03-10,Hyderabad,17.385,78.4867,160.1,92.2,156.6,33.9,19.3,7.63,3,1.0,3,2023
2023-03-10,Puducherry,11.9416,79.8083,70.1,32.6,59.5,13.4,5.8,3.37,3,1.0,3,2023
2023-03-10,Lucknow,26.8467,80.9462,282.3,170.4,256.5,66.2,26.5,15.91,3,1.0,3,2023
2023-03-10,Patna,25.5941,85.1376,188.5,121.4,167.7,47.1,21.0,10.7,3,1.0,3,2023
2023-03-10,Ahmedabad,23.0225,72.5714,155.0,91.1,139.1,40.1,17.3,7.75,3,1.0,3,2023
2023-03-11,Delhi,28.6139,77.209,329.5,205.9,299.6,83.6,29.9,13.84,3,1.0,3,2023
2023-03-11,Mumbai,19.076,72.8777,155.5,92.8,135.8,39.8,15.4,8.9,3,1.0,3,2023
2023-03-11,Chennai,13.0827,80.2707,92.2,51.6,90.9,22.2,10.3,4.13,3,1.0,3,2023
2023-03-11,Kolkata,22.5726,88.3639,147.5,88.9,132.9,38.8,14.2,5.54,3,1.0,3,2023
2023-03-11,Bengaluru,12.9716,77.5946,87.0,56.2,75.9,20.8,10.7,3.64,3,1.0,3,2023
2023-03-11,Hyderabad,17.385,78.4867,66.0,38.8,55.5,12.6,6.2,3.79,3,1.0,3,2023
2023-03-11,Puducherry,11.9416,79.8083,74.8,46.4,81.8,17.3,8.0,3.23,3,1.0,3,2023
2023-03-11,Lucknow,26.8467,80.9462,165.0,96.1,144.7,42.7,21.2,7.53,3,1.0,3,2023
2023-03-11,Patna,25.5941,85.1376,210.8,126.2,192.9,53.8,23.6,8.11,3,1.0,3,2023
2023-03-11,Ahmedabad,23.0225,72.5714,52.6,29.1,56.1,6.9,0.0,3.2,3,1.0,3,2023
2023-03-12,Delhi,28.6139,77.209,299.5,174.2,261.7,71.0,30.2,14.35,3,1.0,3,2023
2023-03-12,Mumbai,19.076,72.8777,159.8,81.6,137.0,35.4,15.5,7.45,3,1.0,3,2023
2023-03-12,Chennai,13.0827,80.2707,109.9,56.6,99.3,29.7,14.7,5.01,3,1.0,3,2023
2023-03-12,Kolkata,22.5726,88.3639,196.2,108.7,157.4,52.4,19.6,10.99,3,1.0,3,2023
2023-03-12,Bengaluru,12.9716,77.5946,58.8,37.9,67.9,16.4,6.4,2.95,3,1.0,3,2023
2023-03-12,Hyderabad,17.385,78.4867,65.0,45.8,53.6,18.3,3.4,2.07,3,1.0,3,2023
2023-03-12,Puducherry,11.9416,79.8083,103.7,60.5,105.0,25.6,6.7,6.08,3,1.0,3,2023
2023-03-12,Lucknow,26.8467,80.9462,181.7,112.5,163.7,39.3,18.5,11.28,3,1.0,3,2023
2023-03-12,Patna,25.5941,85.1376,274.5,164.4,255.7,69.5,27.9,12.63,3,1.0,3,2023
2023-03-12,Ahmedabad,23.0225,72.5714,170.5,107.5,146.8,48.3,16.9,7.64,3,1.0,3,2023
2023-03-13,Delhi,28.6139,77.209,359.8,214.4,329.9,88.8,35.9,18.48,3,1.0,3,2023
2023-03-13,Mumbai,19.076,72.8777,151.6,81.0,127.5,41.6,14.9,7.06,3,1.0,3,2023
2023-03-13,Chennai,13.0827,80.2707,56.0,28.2,34.2,13.6,4.4,1.83,3,1.0,3,2023
2023-03-13,Kolkata,22.5726,88.3639,176.6,107.8,175.7,38.1,20.0,9.8,3,1.0,3,2023
2023-03-13,Bengaluru,12.9716,77.5946,76.6,47.0,65.3,19.9,10.7,4.44,3,1.0,3,2023
2023-03-13,Hyderabad,17.385,78.4867,137.8,80.5,112.1,33.6,16.2,5.36,3,1.0,3,2023
2023-03-13,Puducherry,11.9416,79.8083,53.9,33.0,40.6,10.3,4.5,1.33,3,1.0,3,2023
2023-03-13,Lucknow,26.8467,80.9462,156.7,97.5,130.6,32.8,14.4,8.57,3,1.0,3,2023
2023-03-13,Patna,25.5941,85.1376,226.2,133.4,203.9,49.6,23.6,11.69,3,1.0,3,2023
2023-03-13,Ahmedabad,23.0225,72.5714,141.6,90.0,118.4,39.9,14.5,6.74,3,1.0,3,2023
2023-03-14,Delhi,28.6139,77.209,278.4,166.5,260.3,65.3,26.3,14.96,3,1.0,3,2023
2023-03-14,Mumbai,19.076,72.8777,116.2,74.2,118.2,27.4,13.0,4.66,3,1.0,3,2023
2023-03-14,Chennai,13.0827,80.2707,108.9,66.3,101.8,24.6,7.6,5.95,3,1.0,3,2023
2023-03-14,Kolkata,22.5726,88.3639,76.8,44.5,76.6,20.0,11.6,4.87,3,1.0,3,2023
2023-03-14,Bengaluru,12.9716,77.5946,80.4,48.4,72.0,13.8,6.2,3.46,3,1.0,3,2023
2023-03-14,Hyderabad,17.385,78.4867,48.7,29.5,41.8,5.5,5.7,3.15,3,1.0,3,2023
2023-03-14,Puducherry,11.9416,79.8083,79.5,46.1,76.3,22.6,8.6,3.15,3,1.0,3,2023
2023-03-14,Lucknow,26.8467,80.9462,238.0,148.8,209.4,67.9,22.7,11.93,3,1.0,3,2023
2023-03-14,Patna,25.5941,85.1376,192.9,116.9,159.7,46.0,17.1,9.78,3,1.0,3,2023
2023-03-14,Ahmedabad,23.0225,72.5714,204.8,126.1,165.3,59.4,21.1,9.46,3,1.0,3,2023
2023-03-15,Delhi,28.6139,77.209,292.6,176.4,258.0,73.9,28.0,14.23,3,1.0,3,2023
2023-03-15,Mumbai,19.076,72.8777,112.5,60.3,102.4,30.5,12.3,6.44,3,1.0,3,2023
2023-03-15,Chennai,13.0827,80.2707,98.1,56.2,95.0,19.1,8.0,3.94,3,1.0,3,2023
2023-03-15,Kolkata,22.5726,88.3639,234.0,145.1,214.5,62.8,21.6,12.05,3,1.0,3,2023
2023-03-15,Bengaluru,12.9716,77.5946,96.2,62.0,85.7,22.5,10.7,5.69,3,1.0,3,2023
2023-03-15,Hyderabad,17.385,78.4867,96.6,57.7,78.5,14.2,10.1,5.44,3,1.0,3,2023
2023-03-15,Puducherry,11.9416,79.8083,80.2,38.4,69.4,11.2,10.8,2.92,3,1.0,3,2023
2023-03-15,Lucknow,26.8467,80.9462,301.6,185.7,264.2,70.9,30.9,14.24,3,1.0,3,2023
2023-03-15,Patna,25.5941,85.1376,247.2,145.9,208.2,52.9,25.2,11.8,3,1.0,3,2023
2023-03-15,Ahmedabad,23.0225,72.5714,135.1,84.5,131.0,32.7,12.8,7.26,3,1.0,3,2023
2023-03-16,Delhi,28.6139,77.209,171.4,104.0,158.7,45.6,13.3,7.81,3,1.0,3,2023
2023-03-16,Mumbai,19.076,72.8777,104.9,63.4,98.3,32.2,9.5,4.75,3,1.0,3,2023
2023-03-16,Chennai,13.0827,80.2707,118.7,72.7,117.0,30.8,9.6,4.6,3,1.0,3,2023
2023-03-16,Kolkata,22.5726,88.3639,102.4,64.8,101.7,33.0,11.9,6.28,3,1.0,3,2023
2023-03-16,Bengaluru,12.9716,77.5946,82.6,43.8,81.1,22.3,8.5,4.52,3,1.0,3,2023
2023-03-16,Hyderabad,17.385,78.4867,131.3,85.2,128.5,35.0,14.8,7.08,3,1.0,3,2023
2023-03-16,Puducherry,11.9416,79.8083,65.8,43.3,48.1,20.7,4.2,3.58,3,1.0,3,2023
2023-03-16,Lucknow,26.8467,80.9462,165.1,101.8,148.3,34.9,17.4,7.68,3,1.0,3,2023
2023-03-16,Patna,25.5941,85.1376,301.7,181.0,274.7,71.6,29.0,14.63,3,1.0,3,2023
2023-03-16,Ahmedabad,23.0225,72.5714,198.6,127.5,172.3,54.0,15.5,8.74,3,1.0,3,2023
2023-03-17,Delhi,28.6139,77.209,203.3,115.2,170.3,52.5,19.9,10.54,3,1.0,3,2023
2023-03-17,Mumbai,19.076,72.8777,167.6,101.9,156.1,41.6,14.4,9.44,3,1.0,3,2023
2023-03-17,Chennai,13.0827,80.2707,75.3,40.5,66.3,15.2,6.7,4.11,3,1.0,3,2023
2023-03-17,Kolkata,22.5726,88.3639,197.4,114.0,173.8,53.6,20.7,11.95,3,1.0,3,2023
2023-03-17,Bengaluru,12.9716,77.5946,135.4,87.0,110.8,36.9,13.4,6.22,3,1.0,3,2023
2023-03-17,Hyderabad,17.385,78.4867,125.9,80.3,117.3,28.0,14.1,5.66,3,1.0,3,2023
2023-03-17,Puducherry,11.9416,79.8083,79.3,46.1,69.6,22.9,5.8,5.91,3,1.0,3,2023
2023-03-17,Lucknow,26.8467,80.9462,101.6,58.0,94.4,27.7,10.0,5.02,3,1.0,3,2023
2023-03-17,Patna,25.5941,85.1376,268.7,160.1,253.0,70.5,28.6,12.47,3,1.0,3,2023
2023-03-17,Ahmedabad,23.0225,72.5714,156.4,92.3,132.7,40.5,14.6,8.48,3,1.0,3,2023
2023-03-18,Delhi,28.6139,77.209,194.4,125.2,167.8,49.5,21.0,9.15,3,1.0,3,2023
2023-03-18,Mumbai,19.076,72.8777,174.1,98.3,168.3,43.6,16.2,8.41,3,1.0,3,2023
2023-03-18,Chennai,13.0827,80.2707,110.2,63.2,93.2,26.7,8.7,7.33,3,1.0,3,2023
2023-03-18,Kolkata,22.5726,88.3639,151.7,95.2,138.2,34.0,15.2,8.37,3,1.0,3,2023
2023-03-18,Bengaluru,12.9716,77.5946,94.4,62.6,93.1,27.3,8.5,3.64,3,1.0,3,2023
2023-03-18,Hyderabad,17.385,78.4867,98.5,60.1,93.0,15.9,9.8,5.08,3,1.0,3,2023
2023-03-18,Puducherry,11.9416,79.8083,69.4,48.1,65.8,22.6,6.5,4.41,3,1.0,3,2023
2023-03-18,Lucknow,26.8467,80.9462,326.3,202.3,284.9,80.6,31.9,16.8,3,1.0,3,2023
2023-03-18,Patna,25.5941,85.1376,288.0,168.6,259.7,63.9,31.7,13.89,3,1.0,3,2023
2023-03-18,Ahmedabad,23.0225,72.5714,162.5,96.0,155.4,29.3,16.2,8.02,3,1.0,3,2023
2023-03-19,Delhi,28.6139,77.209,243.7,154.9,212.2,64.0,25.1,13.45,3,1.0,3,2023
2023-03-19,Mumbai,19.076,72.8777,113.3,64.3,110.7,30.0,8.2,5.13,3,1.0,3,2023
2023-03-19,Chennai,13.0827,80.2707,99.7,64.0,84.3,13.3,11.0,3.76,3,1.0,3,2023
2023-03-19,Kolkata,22.5726,88.3639,79.1,33.3,77.7,20.3,7.5,5.34,3,1.0,3,2023
2023-03-19,Bengaluru,12.9716,77.5946,119.1,79.5,96.0,29.6,8.7,5.73,3,1.0,3,2023
2023-03-19,Hyderabad,17.385,78.4867,111.3,69.9,100.5,30.3,12.5,7.72,3,1.0,3,2023
2023-03-19,Puducherry,11.9416,79.8083,68.7,36.5,63.8,14.0,9.8,3.15,3,1.0,3,2023
2023-03-19,Lucknow,26.8467,80.9462,183.2,107.6,170.6,45.2,17.0,10.83,3,1.0,3,2023
2023-03-19,Patna,25.5941,85.1376,180.1,108.2,167.3,38.5,19.0,7.95,3,1.0,3,2023
2023-03-19,Ahmedabad,23.0225,72.5714,197.0,113.4,182.8,53.7,21.4,10.1,3,1.0,3,2023
2023-03-20,Delhi,28.6139,77.209,261.5,154.0,247.1,62.6,24.1,13.74,3,1.0,3,2023
2023-03-20,Mumbai,19.076,72.8777,108.2,60.2,85.8,25.1,10.7,5.65,3,1.0,3,2023
2023-03-20,Chennai,13.0827,80.2707,113.8,70.9,100.9,27.7,12.4,6.96,3,1.0,3,2023
2023-03-20,Kolkata,22.5726,88.3639,186.3,109.4,159.7,40.8,20.0,9.89,3,1.0,3,2023
2023-03-20,Bengaluru,12.9716,77.5946,117.3,69.7,116.8,27.4,13.6,5.83,3,1.0,3,2023
2023-03-20,Hyderabad,17.385,78.4867,98.7,62.2,92.1,26.1,10.0,4.9,3,1.0,3,2023
2023-03-20,Puducherry,11.9416,79.8083,122.8,79.6,116.3,31.1,14.3,6.66,3,1.0,3,2023
2023-03-20,Lucknow,26.8467,80.9462,221.7,131.5,198.9,42.7,22.6,10.6,3,1.0,3,2023
2023-03-20,Patna,25.5941,85.1376,351.5,211.0,306.8,87.7,33.1,18.05,3,1.0,3,2023
2023-03-20,Ahmedabad,23.0225,72.5714,173.1,108.6,149.5,43.4,14.6,9.36,3,1.0,3,2023
2023-03-21,Delhi,28.6139,77.209,321.5,195.4,289.4,82.0,35.4,15.79,3,1.0,3,2023
2023-03-21,Mumbai,19.076,72.8777,145.5,81.9,124.0,36.8,16.8,7.02,3,1.0,3,2023
2023-03-21,Chennai,13.0827,80.2707,84.1,48.4,71.4,22.2,5.4,5.49,3,1.0,3,2023
2023-03-21,Kolkata,22.5726,88.3639,146.7,91.6,121.9,39.4,16.0,7.72,3,1.0,3,2023
2023-03-21,Bengaluru,12.9716,77.5946,70.2,43.4,53.7,16.5,9.1,4.31,3,1.0,3,2023
2023-03-21,Hyderabad,17.385,78.4867,120.5,67.4,113.6,30.2,7.4,6.81,3,1.0,3,2023
2023-03-21,Puducherry,11.9416,79.8083,74.5,50.7,58.3,5.9,8.0,4.02,3,1.0,3,2023
2023-03-21,Lucknow,26.8467,80.9462,110.1,61.2,121.1,26.3,12.5,4.85,3,1.0,3,2023
2023-03-21,Patna,25.5941,85.1376,93.7,55.4,82.2,21.8,9.1,4.95,3,1.0,3,2023
2023-03-21,Ahmedabad,23.0225,72.5714,153.2,85.6,141.8,30.5,11.2,8.4,3,1.0,3,2023
2023-03-22,Delhi,28.6139,77.209,320.6,192.1,277.4,77.3,31.5,14.43,3,1.0,3,2023
2023-03-22,Mumbai,19.076,72.8777,110.4,69.5,110.8,25.9,12.6,3.61,3,1.0,3,2023
2023-03-22,Chennai,13.0827,80.2707,106.5,59.9,98.3,25.6,13.3,4.45,3,1.0,3,2023
2023-03-22,Kolkata,22.5726,88.3639,211.4,125.4,189.0,52.1,19.4,10.56,3,1.0,3,2023
2023-03-22,Bengaluru,12.9716,77.5946,98.1,60.1,89.0,27.7,11.7,3.85,3,1.0,3,2023
2023-03-22,Hyderabad,17.385,78.4867,150.4,84.3,140.1,40.1,11.2,7.61,3,1.0,3,2023
2023-03-22,Puducherry,11.9416,79.8083,65.6,35.6,69.8,13.8,4.9,3.36,3,1.0,3,2023
2023-03-22,Lucknow,26.8467,80.9462,264.6,158.1,247.5,68.3,22.1,12.7,3,1.0,3,2023
2023-03-22,Patna,25.5941,85.1376,200.7,122.8,159.6,60.4,21.1,10.18,3,1.0,3,2023
2023-03-22,Ahmedabad,23.0225,72.5714,213.2,139.6,198.8,57.1,21.6,10.52,3,1.0,3,2023
2023-03-23,Delhi,28.6139,77.209,241.9,141.0,212.2,55.1,24.0,10.41,3,1.0,3,2023
2023-03-23,Mumbai,19.076,72.8777,147.6,88.4,134.0,34.8,20.9,8.74,3,1.0,3,2023
2023-03-23,Chennai,13.0827,80.2707,58.9,36.5,48.1,10.7,3.2,3.38,3,1.0,3,2023
2023-03-23,Kolkata,22.5726,88.3639,145.9,92.4,139.3,42.0,12.9,7.77,3,1.0,3,2023
2023-03-23,Bengaluru,12.9716,77.5946,119.0,69.0,100.9,36.2,12.4,6.59,3,1.0,3,2023
2023-03-23,Hyderabad,17.385,78.4867,91.2,48.6,77.5,22.3,7.0,4.55,3,1.0,3,2023
2023-03-23,Puducherry,11.9416,79.8083,41.2,19.1,42.4,12.7,3.3,1.04,3,1.0,3,2023
2023-03-23,Lucknow,26.8467,80.9462,153.2,90.1,143.0,42.0,14.3,6.51,3,1.0,3,2023
2023-03-23,Patna,25.5941,85.1376,258.7,151.1,228.7,70.0,27.5,13.09,3,1.0,3,2023
2023-03-23,Ahmedabad,23.0225,72.5714,102.8,62.7,101.0,24.2,13.0,6.43,3,1.0,3,2023
2023-03-24,Delhi,28.6139,77.209,413.1,249.4,376.5,108.9,42.2,20.15,3,1.0,3,2023
2023-03-24,Mumbai,19.076,72.8777,122.1,74.5,99.6,30.0,14.4,3.91,3,1.0,3,2023
2023-03-24,Chennai,13.0827,80.2707,128.4,82.7,111.9,34.3,12.8,7.65,3,1.0,3,2023
2023-03-24,Kolkata,22.5726,88.3639,229.1,130.5,210.9,56.5,23.1,10.73,3,1.0,3,2023
2023-03-24,Bengaluru,12.9716,77.5946,152.4,96.6,131.2,32.8,14.5,8.05,3,1.0,3,2023
2023-03-24,Hyderabad,17.385,78.4867,128.4,83.3,121.9,36.0,13.5,5.03,3,1.0,3,2023
2023-03-24,Puducherry,11.9416,79.8083,71.1,48.0,63.6,19.8,6.5,2.53,3,1.0,3,2023
2023-03-24,Lucknow,26.8467,80.9462,212.0,128.7,185.6,52.1,19.3,11.72,3,1.0,3,2023
2023-03-24,Patna,25.5941,85.1376,219.4,138.9,209.7,54.5,19.9,8.88,3,1.0,3,2023
2023-03-24,Ahmedabad,23.0225,72.5714,93.8,49.4,95.4,23.9,10.2,2.47,3,1.0,3,2023
2023-03-25,Delhi,28.6139,77.209,184.2,115.0,168.1,45.5,19.5,10.85,3,1.0,3,2023
2023-03-25,Mumbai,19.076,72.8777,131.2,79.1,119.6,42.4,8.9,7.24,3,1.0,3,2023
2023-03-25,Chennai,13.0827,80.2707,87.1,55.1,73.1,21.6,10.1,7.47,3,1.0,3,2023
2023-03-25,Kolkata,22.5726,88.3639,220.4,128.0,195.0,53.3,18.4,10.69,3,1.0,3,2023
2023-03-25,Bengaluru,12.9716,77.5946,122.0,66.8,118.2,32.5,10.7,5.96,3,1.0,3,2023
2023-03-25,Hyderabad,17.385,78.4867,175.9,109.2,158.4,43.0,17.7,8.28,3,1.0,3,2023
2023-03-25,Puducherry,11.9416,79.8083,32.9,30.0,30.9,9.8,3.2,0.91,3,1.0,3,2023
2023-03-25,Lucknow,26.8467,80.9462,207.9,116.7,205.3,47.0,18.7,9.95,3,1.0,3,2023
2023-03-25,Patna,25.5941,85.1376,330.2,198.2,287.3,87.6,34.5,17.05,3,1.0,3,2023
2023-03-25,Ahmedabad,23.0225,72.5714,192.2,127.3,190.5,45.3,22.5,9.99,3,1.0,3,2023
2023-03-26,Delhi,28.6139,77.209,319.9,183.5,286.5,76.7,33.6,17.07,3,1.0,3,2023
2023-03-26,Mumbai,19.076,72.8777,57.0,34.1,60.3,13.5,7.2,3.2,3,1.0,3,2023
2023-03-26,Chennai,13.0827,80.2707,98.5,57.7,78.9,20.1,11.3,4.94,3,1.0,3,2023
2023-03-26,Kolkata,22.5726,88.3639,173.1,101.7,153.3,47.5,16.6,7.31,3,1.0,3,2023
2023-03-26,Bengaluru,12.9716,77.5946,122.3,72.4,110.3,37.0,12.2,6.4,3,1.0,3,2023
2023-03-26,Hyderabad,17.385,78.4867,78.7,46.1,75.7,13.5,8.3,4.04,3,1.0,3,2023
2023-03-26,Puducherry,11.9416,79.8083,75.8,50.7,70.9,24.9,5.6,3.93,3,1.0,3,2023
2023-03-26,Lucknow,26.8467,80.9462,225.5,130.0,210.6,65.7,22.5,11.78,3,1.0,3,2023
2023-03-26,Patna,25.5941,85.1376,245.9,144.0,206.7,58.7,21.8,14.0,3,1.0,3,2023
2023-03-26,Ahmedabad,23.0225,72.5714,154.8,91.2,146.4,34.2,13.9,7.81,3,1.0,3,2023
2023-03-27,Delhi,28.6139,77.209,362.3,219.9,328.1,90.9,37.0,18.32,3,1.0,3,2023
2023-03-27,Mumbai,19.076,72.8777,98.8,59.5,80.3,25.0,8.9,7.48,3,1.0,3,2023
2023-03-27,Chennai,13.0827,80.2707,89.0,46.4,79.0,24.3,12.2,3.86,3,1.0,3,2023
2023-03-27,Kolkata,22.5726,88.3639,100.9,64.6,79.8,23.5,9.6,4.98,3,1.0,3,2023
2023-03-27,Bengaluru,12.9716,77.5946,120.7,69.0,106.4,30.1,12.4,6.13,3,1.0,3,2023
2023-03-27,Hyderabad,17.385,78.4867,135.3,85.4,124.9,35.6,10.4,6.82,3,1.0,3,2023
2023-03-27,Puducherry,11.9416,79.8083,84.6,54.4,70.6,18.5,7.3,4.77,3,1.0,3,2023
2023-03-27,Lucknow,26.8467,80.9462,287.2,170.3,265.7,72.3,28.5,14.15,3,1.0,3,2023
2023-03-27,Patna,25.5941,85.1376,292.3,177.0,281.3,69.7,30.3,14.09,3,1.0,3,2023
2023-03-27,Ahmedabad,23.0225,72.5714,120.9,72.5,109.9,41.9,11.7,4.91,3,1.0,3,2023
2023-03-28,Delhi,28.6139,77.209,301.8,170.7,270.9,75.5,31.8,16.06,3,1.0,3,2023
2023-03-28,Mumbai,19.076,72.8777,119.9,71.2,101.8,25.5,12.6,4.72,3,1.0,3,2023
2023-03-28,Chennai,13.0827,80.2707,79.6,42.8,76.0,27.1,5.4,2.13,3,1.0,3,2023
2023-03-28,Kolkata,22.5726,88.3639,173.8,104.4,158.2,41.7,17.0,9.06,3,1.0,3,2023
2023-03-28,Bengaluru,12.9716,77.5946,131.2,68.9,115.1,33.7,11.3,8.29,3,1.0,3,2023
2023-03-28,Hyderabad,17.385,78.4867,97.8,58.5,92.5,22.1,6.1,4.46,3,1.0,3,2023
2023-03-28,Puducherry,11.9416,79.8083,95.6,55.7,79.3,27.6,8.9,4.27,3,1.0,3,2023
2023-03-28,Lucknow,26.8467,80.9462,229.7,141.7,225.8,60.7,25.3,10.98,3,1.0,3,2023
2023-03-28,Patna,25.5941,85.1376,168.2,101.2,152.2,37.7,16.5,8.81,3,1.0,3,2023
2023-03-28,Ahmedabad,23.0225,72.5714,176.2,108.2,160.9,42.0,16.6,7.61,3,1.0,3,2023
2023-03-29,Delhi,28.6139,77.209,422.8,253.7,378.7,102.0,48.2,20.07,3,1.0,3,2023
2023-03-29,Mumbai,19.076,72.8777,122.8,75.8,115.3,34.5,15.9,6.65,3,1.0,3,2023
2023-03-29,Chennai,13.0827,80.2707,63.6,36.9,59.7,24.2,3.6,4.38,3,1.0,3,2023
2023-03-29,Kolkata,22.5726,88.3639,189.0,117.6,169.3,43.9,20.4,10.1,3,1.0,3,2023
2023-03-29,Bengaluru,12.9716,77.5946,129.2,77.5,111.5,26.1,14.6,6.88,3,1.0,3,2023
2023-03-29,Hyderabad,17.385,78.4867,86.2,49.0,73.8,15.6,7.0,3.18,3,1.0,3,2023
2023-03-29,Puducherry,11.9416,79.8083,66.8,36.4,47.1,24.8,9.2,2.56,3,1.0,3,2023
2023-03-29,Lucknow,26.8467,80.9462,237.7,144.7,223.5,56.2,26.0,11.34,3,1.0,3,2023
2023-03-29,Patna,25.5941,85.1376,146.5,91.5,142.2,47.0,12.3,8.02,3,1.0,3,2023
2023-03-29,Ahmedabad,23.0225,72.5714,141.6,88.9,115.7,30.3,12.6,7.16,3,1.0,3,2023
2023-03-30,Delhi,28.6139,77.209,228.7,140.5,214.0,59.6,26.1,11.85,3,1.0,3,2023
2023-03-30,Mumbai,19.076,72.8777,91.3,61.6,77.3,26.5,12.3,5.02,3,1.0,3,2023
2023-03-30,Chennai,13.0827,80.2707,52.6,27.0,57.9,12.5,5.4,3.39,3,1.0,3,2023
2023-03-30,Kolkata,22.5726,88.3639,214.8,130.3,191.7,52.4,23.2,11.29,3,1.0,3,2023
2023-03-30,Bengaluru,12.9716,77.5946,92.3,60.8,82.0,19.7,7.7,3.64,3,1.0,3,2023
2023-03-30,Hyderabad,17.385,78.4867,110.5,72.5,93.0,28.4,9.7,5.26,3,1.0,3,2023
2023-03-30,Puducherry,11.9416,79.8083,44.8,25.8,38.8,13.4,4.9,1.04,3,1.0,3,2023
2023-03-30,Lucknow,26.8467,80.9462,290.5,175.4,263.0,72.6,28.0,14.74,3,1.0,3,2023
2023-03-30,Patna,25.5941,85.1376,273.3,155.2,241.7,67.3,27.8,14.86,3,1.0,3,2023
2023-03-30,Ahmedabad,23.0225,72.5714,125.3,72.7,108.7,28.1,11.8,7.04,3,1.0,3,2023
2023-03-31,Delhi,28.6139,77.209,195.7,119.6,162.5,46.7,18.9,11.46,3,1.0,3,2023
2023-03-31,Mumbai,19.076,72.8777,129.0,66.4,100.1,32.4,14.1,6.83,3,1.0,3,2023
2023-03-31,Chennai,13.0827,80.2707,94.2,62.3,80.5,27.1,6.2,3.81,3,1.0,3,2023
2023-03-31,Kolkata,22.5726,88.3639,89.6,52.4,80.3,22.9,9.1,3.55,3,1.0,3,2023
2023-03-31,Bengaluru,12.9716,77.5946,94.3,49.1,95.8,22.4,8.5,6.3,3,1.0,3,2023
2023-03-31,Hyderabad,17.385,78.4867,76.5,40.3,60.1,18.9,8.5,4.56,3,1.0,3,2023
2023-03-31,Puducherry,11.9416,79.8083,126.4,64.6,118.6,29.4,11.5,5.7,3,1.0,3,2023
2023-03-31,Lucknow,26.8467,80.9462,160.9,105.0,151.5,40.3,18.8,6.53,3,1.0,3,2023
2023-03-31,Patna,25.5941,85.1376,146.9,77.3,126.6,37.4,14.9,7.49,3,1.0,3,2023
2023-03-31,Ahmedabad,23.0225,72.5714,96.5,61.9,88.8,27.1,5.9,5.14,3,1.0,3,2023
2023-04-01,Delhi,28.6139,77.209,185.0,109.0,170.8,46.6,16.8,9.26,4,1.0,4,2023
2023-04-01,Mumbai,19.076,72.8777,78.7,53.0,69.2,24.1,6.8,3.41,4,1.0,4,2023
2023-04-01,Chennai,13.0827,80.2707,70.9,46.9,58.1,20.3,6.3,1.57,4,1.0,4,2023
2023-04-01,Kolkata,22.5726,88.3639,151.5,85.0,136.6,33.1,17.0,7.48,4,1.0,4,2023
2023-04-01,Bengaluru,12.9716,77.5946,94.7,60.1,92.9,23.6,7.9,2.96,4,1.0,4,2023
2023-04-01,Hyderabad,17.385,78.4867,96.0,54.5,87.3,22.6,11.0,4.19,4,1.0,4,2023
2023-04-01,Puducherry,11.9416,79.8083,73.9,50.3,69.2,18.2,6.2,3.06,4,1.0,4,2023
2023-04-01,Lucknow,26.8467,80.9462,164.7,96.1,154.3,40.3,13.8,10.0,4,1.0,4,2023
2023-04-01,Patna,25.5941,85.1376,262.4,150.4,232.6,66.0,29.6,12.01,4,1.0,4,2023
2023-04-01,Ahmedabad,23.0225,72.5714,203.9,129.3,178.5,49.9,18.3,9.99,4,1.0,4,2023
2023-04-02,Delhi,28.6139,77.209,277.1,169.6,258.1,66.3,23.8,13.83,4,1.0,4,2023
2023-04-02,Mumbai,19.076,72.8777,151.7,92.3,133.9,38.4,18.2,7.97,4,1.0,4,2023
2023-04-02,Chennai,13.0827,80.2707,80.7,45.9,71.3,26.7,7.7,4.02,4,1.0,4,2023
2023-04-02,Kolkata,22.5726,88.3639,155.9,99.0,156.0,40.8,15.8,7.83,4,1.0,4,2023
2023-04-02,Bengaluru,12.9716,77.5946,28.5,20.8,26.7,8.8,1.4,1.04,4,1.0,4,2023
2023-04-02,Hyderabad,17.385,78.4867,105.6,68.5,92.0,34.7,11.4,4.0,4,1.0,4,2023
2023-04-02,Puducherry,11.9416,79.8083,72.4,40.2,47.6,24.5,8.6,4.15,4,1.0,4,2023
2023-04-02,Lucknow,26.8467,80.9462,230.8,131.6,203.9,61.1,21.0,9.01,4,1.0,4,2023
2023-04-02,Patna,25.5941,85.1376,224.1,133.8,202.8,58.9,23.7,11.46,4,1.0,4,2023
2023-04-02,Ahmedabad,23.0225,72.5714,213.8,120.7,196.5,56.0,18.9,9.19,4,1.0,4,2023
2023-04-03,Delhi,28.6139,77.209,220.3,128.9,204.3,52.6,20.3,10.4,4,1.0,4,2023
2023-04-03,Mumbai,19.076,72.8777,184.7,110.9,164.8,45.7,21.1,8.49,4,1.0,4,2023
2023-04-03,Chennai,13.0827,80.2707,122.9,74.8,109.3,40.7,10.2,5.79,4,1.0,4,2023
2023-04-03,Kolkata,22.5726,88.3639,118.4,75.8,120.1,36.3,14.3,5.72,4,1.0,4,2023
2023-04-03,Bengaluru,12.9716,77.5946,89.0,45.0,96.4,24.1,7.9,5.78,4,1.0,4,2023
2023-04-03,Hyderabad,17.385,78.4867,86.0,53.6,76.0,24.1,8.5,2.85,4,1.0,4,2023
2023-04-03,Puducherry,11.9416,79.8083,76.5,51.1,68.6,22.2,5.6,3.8,4,1.0,4,2023
2023-04-03,Lucknow,26.8467,80.9462,179.4,111.4,161.7,47.6,20.1,9.66,4,1.0,4,2023
2023-04-03,Patna,25.5941,85.1376,259.1,150.5,233.2,62.6,25.2,12.58,4,1.0,4,2023
2023-04-03,Ahmedabad,23.0225,72.5714,115.9,59.8,99.0,29.7,8.9,5.81,4,1.0,4,2023
2023-04-04,Delhi,28.6139,77.209,432.0,264.3,401.9,109.6,45.5,20.88,4,1.0,4,2023
2023-04-04,Mumbai,19.076,72.8777,114.2,54.8,112.3,34.7,10.3,5.46,4,1.0,4,2023
2023-04-04,Chennai,13.0827,80.2707,71.2,44.6,73.1,10.8,7.9,3.28,4,1.0,4,2023
2023-04-04,Kolkata,22.5726,88.3639,185.7,113.7,165.6,46.0,18.1,10.26,4,1.0,4,2023
2023-04-04,Bengaluru,12.9716,77.5946,112.6,68.7,91.2,26.6,13.1,5.67,4,1.0,4,2023
2023-04-04,Hyderabad,17.385,78.4867,143.1,94.7,137.1,36.1,13.3,4.6,4,1.0,4,2023
2023-04-04,Puducherry,11.9416,79.8083,71.6,41.3,67.6,17.3,6.5,1.8,4,1.0,4,2023
2023-04-04,Lucknow,26.8467,80.9462,158.9,97.7,156.7,39.3,16.5,8.9,4,1.0,4,2023
2023-04-04,Patna,25.5941,85.1376,183.2,111.8,159.0,49.3,18.6,9.46,4,1.0,4,2023
2023-04-04,Ahmedabad,23.0225,72.5714,124.8,78.4,129.0,27.2,11.8,6.47,4,1.0,4,2023
2023-04-05,Delhi,28.6139,77.209,342.9,202.9,285.9,91.2,35.8,15.4,4,1.0,4,2023
2023-04-05,Mumbai,19.076,72.8777,115.7,77.3,115.7,32.7,11.2,5.87,4,1.0,4,2023
2023-04-05,Chennai,13.0827,80.2707,86.7,57.7,71.0,18.5,10.7,4.29,4,1.0,4,2023
2023-04-05,Kolkata,22.5726,88.3639,248.9,146.0,223.6,58.5,24.9,10.97,4,1.0,4,2023
2023-04-05,Bengaluru,12.9716,77.5946,85.4,44.1,82.4,24.2,5.1,5.6,4,1.0,4,2023
2023-04-05,Hyderabad,17.385,78.4867,207.4,124.7,181.5,63.1,18.1,10.39,4,1.0,4,2023
2023-04-05,Puducherry,11.9416,79.8083,78.6,53.9,73.6,17.7,6.0,3.59,4,1.0,4,2023
2023-04-05,Lucknow,26.8467,80.9462,154.5,92.9,134.5,32.6,18.0,7.23,4,1.0,4,2023
2023-04-05,Patna,25.5941,85.1376,151.2,89.9,136.6,30.8,15.8,6.51,4,1.0,4,2023
2023-04-05,Ahmedabad,23.0225,72.5714,237.0,144.8,210.1,56.3,23.5,12.46,4,1.0,4,2023
2023-04-06,Delhi,28.6139,77.209,278.0,165.7,250.7,67.1,27.1,11.81,4,1.0,4,2023
2023-04-06,Mumbai,19.076,72.8777,178.9,108.8,154.8,52.3,18.1,7.91,4,1.0,4,2023
2023-04-06,Chennai,13.0827,80.2707,111.4,68.8,103.4,26.1,12.0,5.31,4,1.0,4,2023
2023-04-06,Kolkata,22.5726,88.3639,207.8,115.2,183.5,58.8,19.2,9.79,4,1.0,4,2023
2023-04-06,Bengaluru,12.9716,77.5946,86.6,45.9,60.3,20.7,8.9,4.28,4,1.0,4,2023
2023-04-06,Hyderabad,17.385,78.4867,114.9,69.2,111.6,28.0,10.3,5.46,4,1.0,4,2023
2023-04-06,Puducherry,11.9416,79.8083,86.6,59.0,72.9,22.0,9.3,3.34,4,1.0,4,2023
2023-04-06,Lucknow,26.8467,80.9462,221.3,125.5,185.0,56.8,21.4,11.27,4,1.0,4,2023
2023-04-06,Patna,25.5941,85.1376,238.7,138.3,214.5,54.7,26.7,10.58,4,1.0,4,2023
2023-04-06,Ahmedabad,23.0225,72.5714,151.2,85.5,140.6,36.5,14.1,8.41,4,1.0,4,2023
2023-04-07,Delhi,28.6139,77.209,282.4,172.0,246.3,65.0,28.5,13.8,4,1.0,4,2023
2023-04-07,Mumbai,19.076,72.8777,165.1,98.7,150.2,34.8,20.3,8.09,4,1.0,4,2023
2023-04-07,Chennai,13.0827,80.2707,107.4,60.3,99.1,21.6,11.6,5.01,4,1.0,4,2023
2023-04-07,Kolkata,22.5726,88.3639,181.5,112.4,153.5,42.6,19.1,11.17,4,1.0,4,2023
2023-04-07,Bengaluru,12.9716,77.5946,95.9,60.5,85.5,31.7,6.1,4.89,4,1.0,4,2023
2023-04-07,Hyderabad,17.385,78.4867,63.1,25.3,59.2,16.3,5.7,3.05,4,1.0,4,2023
2023-04-07,Puducherry,11.9416,79.8083,137.0,80.9,127.4,31.7,14.3,6.61,4,1.0,4,2023
2023-04-07,Lucknow,26.8467,80.9462,193.3,125.1,183.4,48.9,14.7,9.3,4,1.0,4,2023
2023-04-07,Patna,25.5941,85.1376,429.2,256.4,395.1,113.1,43.4,20.62,4,1.0,4,2023
2023-04-07,Ahmedabad,23.0225,72.5714,50.4,33.7,38.8,13.3,2.5,2.25,4,1.0,4,2023
2023-04-08,Delhi,28.6139,77.209,282.7,171.0,245.5,75.5,27.1,12.46,4,1.0,4,2023
2023-04-08,Mumbai,19.076,72.8777,135.6,81.5,123.3,39.3,13.1,6.66,4,1.0,4,2023
2023-04-08,Chennai,13.0827,80.2707,62.4,41.5,57.6,13.9,2.4,4.56,4,1.0,4,2023
2023-04-08,Kolkata,22.5726,88.3639,118.6,68.2,109.6,24.9,8.9,3.81,4,1.0,4,2023
2023-04-08,Bengaluru,12.9716,77.5946,121.6,70.2,132.9,26.4,10.3,5.51,4,1.0,4,2023
2023-04-08,Hyderabad,17.385,78.4867,128.5,74.7,120.5,28.2,10.1,4.63,4,1.0,4,2023
2023-04-08,Puducherry,11.9416,79.8083,30.5,15.7,25.0,5.1,5.5,2.75,4,1.0,4,2023
2023-04-08,Lucknow,26.8467,80.9462,198.2,110.0,173.8,47.2,18.5,9.21,4,1.0,4,2023
2023-04-08,Patna,25.5941,85.1376,194.3,114.6,169.8,49.4,20.2,8.8,4,1.0,4,2023
2023-04-08,Ahmedabad,23.0225,72.5714,217.2,125.4,182.5,55.8,20.1,11.18,4,1.0,4,2023
2023-04-09,Delhi,28.6139,77.209,87.7,59.6,84.3,15.9,5.8,6.06,4,1.0,4,2023
2023-04-09,Mumbai,19.076,72.8777,110.5,62.1,81.3,26.2,10.6,6.24,4,1.0,4,2023
2023-04-09,Chennai,13.0827,80.2707,55.0,25.4,53.1,17.8,2.4,3.83,4,1.0,4,2023
2023-04-09,Kolkata,22.5726,88.3639,181.9,114.6,163.1,35.4,17.9,10.16,4,1.0,4,2023
2023-04-09,Bengaluru,12.9716,77.5946,73.2,42.0,64.5,6.7,10.7,2.76,4,1.0,4,2023
2023-04-09,Hyderabad,17.385,78.4867,137.7,82.2,134.0,36.0,13.3,5.99,4,1.0,4,2023
2023-04-09,Puducherry,11.9416,79.8083,91.0,45.2,87.1,18.4,11.6,4.71,4,1.0,4,2023
2023-04-09,Lucknow,26.8467,80.9462,261.9,157.5,221.7,62.0,27.5,13.26,4,1.0,4,2023
2023-04-09,Patna,25.5941,85.1376,322.7,195.6,282.7,77.5,32.5,13.82,4,1.0,4,2023
2023-04-09,Ahmedabad,23.0225,72.5714,235.3,143.4,221.6,52.5,26.0,14.0,4,1.0,4,2023
2023-04-10,Delhi,28.6139,77.209,174.3,108.4,156.9,37.4,18.4,9.55,4,1.0,4,2023
2023-04-10,Mumbai,19.076,72.8777,116.0,75.4,91.1,23.0,11.9,5.83,4,1.0,4,2023
2023-04-10,Chennai,13.0827,80.2707,72.1,47.3,69.1,21.5,7.0,4.21,4,1.0,4,2023
2023-04-10,Kolkata,22.5726,88.3639,157.7,104.9,135.4,47.8,15.8,6.51,4,1.0,4,2023
2023-04-10,Bengaluru,12.9716,77.5946,141.0,85.2,133.7,40.1,14.8,6.46,4,1.0,4,2023
2023-04-10,Hyderabad,17.385,78.4867,154.1,92.5,144.2,29.9,16.3,7.07,4,1.0,4,2023
2023-04-10,Puducherry,11.9416,79.8083,108.1,68.0,99.2,29.0,8.8,7.03,4,1.0,4,2023
2023-04-10,Lucknow,26.8467,80.9462,349.4,211.6,327.2,85.1,33.3,17.51,4,1.0,4,2023
2023-04-10,Patna,25.5941,85.1376,270.4,160.3,247.7,68.8,25.0,14.04,4,1.0,4,2023
2023-04-10,Ahmedabad,23.0225,72.5714,198.9,120.2,188.2,44.9,20.8,8.77,4,1.0,4,2023
2023-04-11,Delhi,28.6139,77.209,190.9,111.4,164.3,45.5,18.7,10.38,4,1.0,4,2023
2023-04-11,Mumbai,19.076,72.8777,127.2,68.4,123.6,28.5,12.6,6.81,4,1.0,4,2023
2023-04-11,Chennai,13.0827,80.2707,95.0,62.5,89.3,20.3,13.9,4.94,4,1.0,4,2023
2023-04-11,Kolkata,22.5726,88.3639,172.6,108.4,157.3,44.7,22.2,8.35,4,1.0,4,2023
2023-04-11,Bengaluru,12.9716,77.5946,90.5,54.9,90.0,16.6,5.1,3.94,4,1.0,4,2023
2023-04-11,Hyderabad,17.385,78.4867,62.8,35.6,60.5,12.1,3.4,3.21,4,1.0,4,2023
2023-04-11,Puducherry,11.9416,79.8083,92.3,46.9,89.6,26.3,11.1,5.83,4,1.0,4,2023
2023-04-11,Lucknow,26.8467,80.9462,363.1,216.1,327.7,89.1,36.3,19.69,4,1.0,4,2023
2023-04-11,Patna,25.5941,85.1376,145.8,83.2,142.2,40.5,13.9,8.14,4,1.0,4,2023
2023-04-11,Ahmedabad,23.0225,72.5714,175.4,112.7,158.5,48.0,22.8,9.37,4,1.0,4,2023
2023-04-12,Delhi,28.6139,77.209,283.9,174.0,252.6,80.5,28.8,13.92,4,1.0,4,2023
2023-04-12,Mumbai,19.076,72.8777,106.6,69.4,102.9,24.7,11.8,3.82,4,1.0,4,2023
2023-04-12,Chennai,13.0827,80.2707,94.6,59.0,98.8,20.6,6.9,3.83,4,1.0,4,2023
2023-04-12,Kolkata,22.5726,88.3639,113.2,74.6,114.3,29.6,13.8,5.79,4,1.0,4,2023
2023-04-12,Bengaluru,12.9716,77.5946,97.1,56.6,84.9,18.1,10.2,4.81,4,1.0,4,2023
2023-04-12,Hyderabad,17.385,78.4867,146.1,88.1,130.2,33.0,14.8,8.04,4,1.0,4,2023
2023-04-12,Puducherry,11.9416,79.8083,52.1,31.7,48.8,10.2,4.0,2.84,4,1.0,4,2023
2023-04-12,Lucknow,26.8467,80.9462,146.3,89.5,124.5,40.8,19.3,6.45,4,1.0,4,2023
2023-04-12,Patna,25.5941,85.1376,277.4,162.8,258.0,64.3,28.7,13.0,4,1.0,4,2023
2023-04-12,Ahmedabad,23.0225,72.5714,150.7,85.3,142.2,34.3,16.2,7.19,4,1.0,4,2023
2023-04-13,Delhi,28.6139,77.209,270.8,163.2,237.6,68.5,30.1,12.76,4,1.0,4,2023
2023-04-13,Mumbai,19.076,72.8777,186.9,119.6,161.7,40.9,19.3,8.8,4,1.0,4,2023
2023-04-13,Chennai,13.0827,80.2707,136.7,82.2,116.6,29.6,15.8,6.26,4,1.0,4,2023
2023-04-13,Kolkata,22.5726,88.3639,182.2,114.1,160.1,45.4,18.2,9.79,4,1.0,4,2023
2023-04-13,Bengaluru,12.9716,77.5946,117.7,69.5,106.4,27.9,8.8,6.14,4,1.0,4,2023
2023-04-13,Hyderabad,17.385,78.4867,186.2,107.3,161.4,43.1,20.1,9.76,4,1.0,4,2023
2023-04-13,Puducherry,11.9416,79.8083,71.8,38.5,65.4,11.7,7.5,4.46,4,1.0,4,2023
2023-04-13,Lucknow,26.8467,80.9462,138.7,75.6,137.5,32.2,16.1,6.78,4,1.0,4,2023
2023-04-13,Patna,25.5941,85.1376,228.7,139.4,198.8,57.7,22.1,10.11,4,1.0,4,2023
2023-04-13,Ahmedabad,23.0225,72.5714,175.2,103.8,156.4,39.0,20.7,9.64,4,1.0,4,2023
2023-04-14,Delhi,28.6139,77.209,357.1,212.7,307.6,97.1,35.6,17.11,4,1.0,4,2023
2023-04-14,Mumbai,19.076,72.8777,156.7,99.9,140.8,44.3,17.8,6.76,4,1.0,4,2023
2023-04-14,Chennai,13.0827,80.2707,73.2,48.7,44.2,17.7,4.5,3.18,4,1.0,4,2023
2023-04-14,Kolkata,22.5726,88.3639,165.1,97.3,144.2,36.9,21.1,10.12,4,1.0,4,2023
2023-04-14,Bengaluru,12.9716,77.5946,65.1,47.0,55.4,16.8,6.4,2.6,4,1.0,4,2023
2023-04-14,Hyderabad,17.385,78.4867,154.4,93.3,135.1,33.4,13.7,6.08,4,1.0,4,2023
2023-04-14,Puducherry,11.9416,79.8083,75.2,39.1,65.6,24.3,9.9,3.73,4,1.0,4,2023
2023-04-14,Lucknow,26.8467,80.9462,214.3,138.0,197.0,52.3,18.6,11.11,4,1.0,4,2023
2023-04-14,Patna,25.5941,85.1376,298.1,175.7,270.6,73.1,29.4,12.42,4,1.0,4,2023
2023-04-14,Ahmedabad,23.0225,72.5714,150.0,94.8,129.9,37.7,13.5,7.86,4,1.0,4,2023
2023-04-15,Delhi,28.6139,77.209,262.7,152.9,247.1,69.4,25.1,13.63,4,1.0,4,2023
2023-04-15,Mumbai,19.076,72.8777,161.5,100.1,131.8,44.4,15.0,7.72,4,1.0,4,2023
2023-04-15,Chennai,13.0827,80.2707,155.9,95.0,137.2,30.2,18.4,6.45,4,1.0,4,2023
2023-04-15,Kolkata,22.5726,88.3639,129.8,76.2,128.2,35.5,12.7,6.8,4,1.0,4,2023
2023-04-15,Bengaluru,12.9716,77.5946,82.0,49.9,74.4,24.4,10.1,4.59,4,1.0,4,2023
2023-04-15,Hyderabad,17.385,78.4867,107.3,68.1,95.8,22.5,9.9,5.45,4,1.0,4,2023
2023-04-15,Puducherry,11.9416,79.8083,93.2,55.0,74.2,23.5,9.5,4.85,4,1.0,4,2023
2023-04-15,Lucknow,26.8467,80.9462,279.8,173.0,247.1,67.5,25.9,14.69,4,1.0,4,2023
2023-04-15,Patna,25.5941,85.1376,341.4,203.3,305.3,91.2,35.2,17.51,4,1.0,4,2023
2023-04-15,Ahmedabad,23.0225,72.5714,106.4,67.2,88.3,22.1,9.9,4.73,4,1.0,4,2023
2023-04-16,Delhi,28.6139,77.209,262.3,150.2,243.7,70.1,22.3,14.09,4,1.0,4,2023
2023-04-16,Mumbai,19.076,72.8777,107.6,68.8,96.3,27.0,10.4,6.59,4,1.0,4,2023
2023-04-16,Chennai,13.0827,80.2707,59.0,38.4,61.9,17.6,10.5,2.42,4,1.0,4,2023
2023-04-16,Kolkata,22.5726,88.3639,227.9,136.2,215.0,56.9,22.0,12.7,4,1.0,4,2023
2023-04-16,Bengaluru,12.9716,77.5946,85.3,44.1,72.6,23.8,11.3,4.38,4,1.0,4,2023
2023-04-16,Hyderabad,17.385,78.4867,166.1,92.9,145.9,40.4,16.4,8.39,4,1.0,4,2023
2023-04-16,Puducherry,11.9416,79.8083,88.8,51.1,81.0,22.0,7.0,4.33,4,1.0,4,2023
2023-04-16,Lucknow,26.8467,80.9462,210.7,125.6,189.9,53.0,20.2,11.81,4,1.0,4,2023
2023-04-16,Patna,25.5941,85.1376,158.1,91.3,164.5,35.4,13.1,8.64,4,1.0,4,2023
2023-04-16,Ahmedabad,23.0225,72.5714,66.5,38.7,77.0,10.4,2.7,1.83,4,1.0,4,2023
2023-04-17,Delhi,28.6139,77.209,351.9,216.8,312.6,90.7,38.0,19.38,4,1.0,4,2023
2023-04-17,Mumbai,19.076,72.8777,130.1,66.6,110.5,30.8,12.5,6.32,4,1.0,4,2023
2023-04-17,Chennai,13.0827,80.2707,118.0,77.2,104.8,33.9,12.5,5.96,4,1.0,4,2023
2023-04-17,Kolkata,22.5726,88.3639,225.3,135.5,219.2,50.6,21.5,11.14,4,1.0,4,2023
2023-04-17,Bengaluru,12.9716,77.5946,113.2,74.3,101.7,22.6,13.0,6.41,4,1.0,4,2023
2023-04-17,Hyderabad,17.385,78.4867,52.0,31.2,34.1,10.3,3.4,3.41,4,1.0,4,2023
2023-04-17,Puducherry,11.9416,79.8083,77.3,40.0,76.6,13.6,8.4,3.05,4,1.0,4,2023
2023-04-17,Lucknow,26.8467,80.9462,196.2,120.2,180.8,54.4,19.5,10.12,4,1.0,4,2023
2023-04-17,Patna,25.5941,85.1376,209.4,126.5,192.0,52.0,17.3,10.8,4,1.0,4,2023
2023-04-17,Ahmedabad,23.0225,72.5714,176.4,102.4,148.5,50.0,18.6,8.59,4,1.0,4,2023
2023-04-18,Delhi,28.6139,77.209,189.0,109.3,180.5,47.8,17.8,9.96,4,1.0,4,2023
2023-04-18,Mumbai,19.076,72.8777,107.4,71.9,107.5,25.0,9.5,2.75,4,1.0,4,2023
2023-04-18,Chennai,13.0827,80.2707,53.0,25.1,48.8,11.9,2.6,2.37,4,1.0,4,2023
2023-04-18,Kolkata,22.5726,88.3639,205.3,125.8,169.6,50.8,17.8,11.17,4,1.0,4,2023
2023-04-18,Bengaluru,12.9716,77.5946,123.5,69.6,105.0,29.0,7.8,6.51,4,1.0,4,2023
2023-04-18,Hyderabad,17.385,78.4867,110.5,71.2,90.7,25.1,8.0,4.52,4,1.0,4,2023
2023-04-18,Puducherry,11.9416,79.8083,51.4,35.8,40.7,13.3,4.4,1.3,4,1.0,4,2023
2023-04-18,Lucknow,26.8467,80.9462,209.1,128.5,178.5,55.5,19.2,9.97,4,1.0,4,2023
2023-04-18,Patna,25.5941,85.1376,277.1,162.9,249.7,68.0,28.0,11.47,4,1.0,4,2023
2023-04-18,Ahmedabad,23.0225,72.5714,77.7,49.7,78.2,15.8,7.3,4.18,4,1.0,4,2023
2023-04-19,Delhi,28.6139,77.209,335.5,191.2,294.9,82.5,35.0,19.27,4,1.0,4,2023
2023-04-19,Mumbai,19.076,72.8777,130.9,71.5,121.0,38.0,13.3,5.64,4,1.0,4,2023
2023-04-19,Chennai,13.0827,80.2707,113.9,71.7,94.3,30.0,13.4,6.88,4,1.0,4,2023
2023-04-19,Kolkata,22.5726,88.3639,176.7,104.2,168.8,39.3,18.5,7.46,4,1.0,4,2023
2023-04-19,Bengaluru,12.9716,77.5946,132.0,77.9,128.9,35.0,10.8,8.02,4,1.0,4,2023
2023-04-19,Hyderabad,17.385,78.4867,174.3,109.0,150.8,42.4,17.7,8.01,4,1.0,4,2023
2023-04-19,Puducherry,11.9416,79.8083,108.8,66.0,76.3,28.6,10.2,5.37,4,1.0,4,2023
2023-04-19,Lucknow,26.8467,80.9462,196.0,121.6,185.4,50.1,18.9,9.76,4,1.0,4,2023
2023-04-19,Patna,25.5941,85.1376,241.4,140.8,221.9,62.2,27.2,13.33,4,1.0,4,2023
2023-04-19,Ahmedabad,23.0225,72.5714,129.1,81.6,108.6,35.1,11.9,5.43,4,1.0,4,2023
2023-04-20,Delhi,28.6139,77.209,302.4,168.1,258.2,74.9,30.4,14.75,4,1.0,4,2023
2023-04-20,Mumbai,19.076,72.8777,76.8,42.0,72.2,21.5,7.6,5.0,4,1.0,4,2023
2023-04-20,Chennai,13.0827,80.2707,99.9,56.2,87.7,19.4,9.8,6.11,4,1.0,4,2023
2023-04-20,Kolkata,22.5726,88.3639,214.3,135.6,190.4,59.0,21.0,12.19,4,1.0,4,2023
2023-04-20,Bengaluru,12.9716,77.5946,99.3,63.1,101.2,24.1,10.4,6.25,4,1.0,4,2023
2023-04-20,Hyderabad,17.385,78.4867,115.3,62.6,120.9,26.9,11.8,6.92,4,1.0,4,2023
2023-04-20,Puducherry,11.9416,79.8083,62.8,32.6,58.5,8.5,5.7,3.39,4,1.0,4,2023
2023-04-20,Lucknow,26.8467,80.9462,202.5,113.8,195.0,51.0,23.1,9.86,4,1.0,4,2023
2023-04-20,Patna,25.5941,85.1376,178.4,108.4,158.8,39.9,20.8,8.3,4,1.0,4,2023
2023-04-20,Ahmedabad,23.0225,72.5714,77.2,53.0,65.4,16.9,4.2,5.6,4,1.0,4,2023
2023-04-21,Delhi,28.6139,77.209,176.8,106.4,166.4,45.9,17.6,7.14,4,1.0,4,2023
2023-04-21,Mumbai,19.076,72.8777,107.6,65.5,90.5,27.7,12.1,6.34,4,1.0,4,2023
2023-04-21,Chennai,13.0827,80.2707,59.3,46.6,59.5,14.8,8.1,5.33,4,1.0,4,2023
2023-04-21,Kolkata,22.5726,88.3639,108.1,63.7,78.3,27.8,11.5,5.37,4,1.0,4,2023
2023-04-21,Bengaluru,12.9716,77.5946,80.4,38.0,75.3,25.9,6.9,4.46,4,1.0,4,2023
2023-04-21,Hyderabad,17.385,78.4867,65.1,41.3,55.4,13.2,5.0,2.86,4,1.0,4,2023
2023-04-21,Puducherry,11.9416,79.8083,82.6,43.0,71.2,20.5,6.1,5.93,4,1.0,4,2023
2023-04-21,Lucknow,26.8467,80.9462,164.5,95.4,140.2,48.3,17.6,7.29,4,1.0,4,2023
2023-04-21,Patna,25.5941,85.1376,317.4,191.4,287.7,78.0,30.2,16.21,4,1.0,4,2023
2023-04-21,Ahmedabad,23.0225,72.5714,135.5,90.4,111.8,40.0,13.3,7.07,4,1.0,4,2023
2023-04-22,Delhi,28.6139,77.209,346.7,204.9,318.9,75.8,33.2,16.41,4,1.0,4,2023
2023-04-22,Mumbai,19.076,72.8777,89.9,52.9,84.0,25.3,9.5,3.83,4,1.0,4,2023
2023-04-22,Chennai,13.0827,80.2707,99.2,60.1,96.8,27.9,10.0,4.06,4,1.0,4,2023
2023-04-22,Kolkata,22.5726,88.3639,147.4,85.7,130.1,37.9,16.2,7.32,4,1.0,4,2023
2023-04-22,Bengaluru,12.9716,77.5946,100.5,61.0,86.3,21.4,6.5,4.33,4,1.0,4,2023
2023-04-22,Hyderabad,17.385,78.4867,136.6,78.4,121.0,36.0,14.7,5.75,4,1.0,4,2023
2023-04-22,Puducherry,11.9416,79.8083,94.9,62.6,76.4,20.4,11.9,4.6,4,1.0,4,2023
2023-04-22,Lucknow,26.8467,80.9462,75.7,38.4,66.1,14.3,6.7,3.82,4,1.0,4,2023
2023-04-22,Patna,25.5941,85.1376,342.4,204.0,316.7,91.3,37.1,17.4,4,1.0,4,2023
2023-04-22,Ahmedabad,23.0225,72.5714,71.7,45.3,72.9,17.6,10.7,4.44,4,1.0,4,2023
2023-04-23,Delhi,28.6139,77.209,325.5,200.7,295.6,71.4,31.6,17.47,4,1.0,4,2023
2023-04-23,Mumbai,19.076,72.8777,107.7,63.5,88.6,34.1,14.1,4.5,4,1.0,4,2023
2023-04-23,Chennai,13.0827,80.2707,93.7,52.8,89.2,25.5,11.0,5.02,4,1.0,4,2023
2023-04-23,Kolkata,22.5726,88.3639,326.8,190.9,280.4,80.1,29.5,14.85,4,1.0,4,2023
2023-04-23,Bengaluru,12.9716,77.5946,70.0,37.4,55.4,19.6,6.0,3.32,4,1.0,4,2023
2023-04-23,Hyderabad,17.385,78.4867,151.3,86.9,134.1,39.3,11.2,5.18,4,1.0,4,2023
2023-04-23,Puducherry,11.9416,79.8083,81.9,51.6,90.2,21.1,9.8,3.9,4,1.0,4,2023
2023-04-23,Lucknow,26.8467,80.9462,239.3,151.9,198.4,61.5,28.2,12.25,4,1.0,4,2023
2023-04-23,Patna,25.5941,85.1376,355.5,210.2,319.7,89.0,31.1,16.61,4,1.0,4,2023
2023-04-23,Ahmedabad,23.0225,72.5714,110.6,70.5,106.5,28.9,12.7,5.37,4,1.0,4,2023
2023-04-24,Delhi,28.6139,77.209,376.2,225.8,339.0,93.0,39.0,18.39,4,1.0,4,2023
2023-04-24,Mumbai,19.076,72.8777,179.1,101.8,152.4,47.5,17.7,8.5,4,1.0,4,2023
2023-04-24,Chennai,13.0827,80.2707,112.3,64.3,99.5,33.7,14.3,7.19,4,1.0,4,2023
2023-04-24,Kolkata,22.5726,88.3639,165.9,105.7,141.7,37.8,11.9,9.97,4,1.0,4,2023
2023-04-24,Bengaluru,12.9716,77.5946,74.1,43.8,59.4,21.3,6.7,2.4,4,1.0,4,2023
2023-04-24,Hyderabad,17.385,78.4867,135.5,74.1,115.3,25.4,10.7,6.95,4,1.0,4,2023
2023-04-24,Puducherry,11.9416,79.8083,35.7,14.0,32.1,6.8,7.6,3.62,4,1.0,4,2023
2023-04-24,Lucknow,26.8467,80.9462,163.6,100.9,153.2,38.5,13.4,8.17,4,1.0,4,2023
2023-04-24,Patna,25.5941,85.1376,227.9,134.6,208.6,54.0,20.5,11.5,4,1.0,4,2023
2023-04-24,Ahmedabad,23.0225,72.5714,177.4,100.6,167.1,37.3,16.6,8.61,4,1.0,4,2023
2023-04-25,Delhi,28.6139,77.209,229.1,134.6,221.2,53.9,27.8,11.89,4,1.0,4,2023
2023-04-25,Mumbai,19.076,72.8777,143.7,88.6,149.6,32.0,12.1,6.43,4,1.0,4,2023
2023-04-25,Chennai,13.0827,80.2707,90.8,45.9,81.9,29.5,9.4,4.25,4,1.0,4,2023
2023-04-25,Kolkata,22.5726,88.3639,149.1,94.0,127.6,44.7,18.8,7.71,4,1.0,4,2023
2023-04-25,Bengaluru,12.9716,77.5946,99.7,65.0,98.5,21.7,8.9,3.66,4,1.0,4,2023
2023-04-25,Hyderabad,17.385,78.4867,134.3,83.9,110.1,31.8,10.7,5.82,4,1.0,4,2023
2023-04-25,Puducherry,11.9416,79.8083,86.0,47.9,75.0,15.0,9.0,4.26,4,1.0,4,2023
2023-04-25,Lucknow,26.8467,80.9462,172.6,102.6,156.8,39.9,14.3,10.44,4,1.0,4,2023
2023-04-25,Patna,25.5941,85.1376,195.7,116.9,184.2,63.0,17.1,10.23,4,1.0,4,2023
2023-04-25,Ahmedabad,23.0225,72.5714,128.2,74.2,109.6,27.5,12.7,4.94,4,1.0,4,2023
2023-04-26,Delhi,28.6139,77.209,355.7,213.7,323.5,87.1,34.8,18.07,4,1.0,4,2023
2023-04-26,Mumbai,19.076,72.8777,93.4,54.3,77.2,19.8,5.1,6.01,4,1.0,4,2023
2023-04-26,Chennai,13.0827,80.2707,72.8,49.5,74.1,13.1,5.1,6.2,4,1.0,4,2023
2023-04-26,Kolkata,22.5726,88.3639,267.5,160.3,242.8,64.4,27.6,12.66,4,1.0,4,2023
2023-04-26,Bengaluru,12.9716,77.5946,39.0,16.8,35.3,5.2,3.8,0.88,4,1.0,4,2023
2023-04-26,Hyderabad,17.385,78.4867,92.6,59.8,85.3,23.1,11.0,5.11,4,1.0,4,2023
2023-04-26,Puducherry,11.9416,79.8083,103.9,60.0,90.1,20.8,9.5,6.16,4,1.0,4,2023
2023-04-26,Lucknow,26.8467,80.9462,304.5,187.5,259.7,80.5,26.8,16.12,4,1.0,4,2023
2023-04-26,Patna,25.5941,85.1376,214.3,132.1,182.2,58.3,18.5,10.05,4,1.0,4,2023
2023-04-26,Ahmedabad,23.0225,72.5714,115.1,60.3,104.3,36.0,16.8,5.85,4,1.0,4,2023
2023-04-27,Delhi,28.6139,77.209,369.3,222.7,336.4,91.0,37.3,19.0,4,1.0,4,2023
2023-04-27,Mumbai,19.076,72.8777,116.9,69.8,104.7,32.5,9.6,5.79,4,1.0,4,2023
2023-04-27,Chennai,13.0827,80.2707,137.8,88.5,134.8,34.5,14.4,7.89,4,1.0,4,2023
2023-04-27,Kolkata,22.5726,88.3639,258.0,145.0,221.7,69.7,25.2,12.23,4,1.0,4,2023
2023-04-27,Bengaluru,12.9716,77.5946,62.4,34.7,44.9,24.0,6.2,3.06,4,1.0,4,2023
2023-04-27,Hyderabad,17.385,78.4867,140.6,89.2,134.1,39.4,12.8,6.73,4,1.0,4,2023
2023-04-27,Puducherry,11.9416,79.8083,90.4,51.6,81.3,24.2,10.6,2.74,4,1.0,4,2023
2023-04-27,Lucknow,26.8467,80.9462,266.5,158.7,245.5,69.7,29.9,14.68,4,1.0,4,2023
2023-04-27,Patna,25.5941,85.1376,334.3,207.8,303.2,83.7,35.2,17.45,4,1.0,4,2023
2023-04-27,Ahmedabad,23.0225,72.5714,146.1,89.7,131.2,33.1,17.2,7.36,4,1.0,4,2023
2023-04-28,Delhi,28.6139,77.209,443.9,258.2,395.1,111.1,46.7,22.59,4,1.0,4,2023
2023-04-28,Mumbai,19.076,72.8777,152.4,85.8,127.9,39.4,12.5,7.09,4,1.0,4,2023
2023-04-28,Chennai,13.0827,80.2707,102.5,56.6,105.1,30.5,7.1,4.19,4,1.0,4,2023
2023-04-28,Kolkata,22.5726,88.3639,65.7,35.5,65.3,14.8,7.5,1.76,4,1.0,4,2023
2023-04-28,Bengaluru,12.9716,77.5946,123.9,71.6,111.6,30.6,9.8,5.04,4,1.0,4,2023
2023-04-28,Hyderabad,17.385,78.4867,153.9,94.3,146.9,39.8,15.7,5.97,4,1.0,4,2023
2023-04-28,Puducherry,11.9416,79.8083,69.6,41.6,78.3,20.1,10.0,4.08,4,1.0,4,2023
2023-04-28,Lucknow,26.8467,80.9462,173.8,104.9,158.3,39.7,16.6,8.48,4,1.0,4,2023
2023-04-28,Patna,25.5941,85.1376,352.4,201.0,326.8,84.4,32.5,18.8,4,1.0,4,2023
2023-04-28,Ahmedabad,23.0225,72.5714,192.9,122.0,180.0,56.5,20.4,9.49,4,1.0,4,2023
2023-04-29,Delhi,28.6139,77.209,307.4,190.7,270.4,74.2,30.1,13.27,4,1.0,4,2023
2023-04-29,Mumbai,19.076,72.8777,145.5,77.9,131.4,39.8,13.6,8.95,4,1.0,4,2023
2023-04-29,Chennai,13.0827,80.2707,53.5,38.1,53.6,6.5,10.8,2.61,4,1.0,4,2023
2023-04-29,Kolkata,22.5726,88.3639,136.1,74.6,120.7,33.5,13.8,6.51,4,1.0,4,2023
2023-04-29,Bengaluru,12.9716,77.5946,119.0,69.5,91.6,29.2,7.2,6.3,4,1.0,4,2023
2023-04-29,Hyderabad,17.385,78.4867,85.7,52.2,87.6,17.6,10.7,3.85,4,1.0,4,2023
2023-04-29,Puducherry,11.9416,79.8083,110.1,64.2,92.4,30.3,10.1,4.66,4,1.0,4,2023
2023-04-29,Lucknow,26.8467,80.9462,188.9,113.1,180.7,39.5,18.9,10.07,4,1.0,4,2023
2023-04-29,Patna,25.5941,85.1376,253.5,158.6,227.6,62.6,26.5,12.77,4,1.0,4,2023
2023-04-29,Ahmedabad,23.0225,72.5714,142.4,88.0,122.9,33.2,13.2,8.47,4,1.0,4,2023
2023-04-30,Delhi,28.6139,77.209,22.3,15.4,20.3,0.0,2.8,1.59,4,1.0,4,2023
2023-04-30,Mumbai,19.076,72.8777,163.6,84.9,158.2,37.9,17.7,8.92,4,1.0,4,2023
2023-04-30,Chennai,13.0827,80.2707,68.1,44.2,58.2,8.7,9.1,2.63,4,1.0,4,2023
2023-04-30,Kolkata,22.5726,88.3639,137.3,80.4,125.7,34.1,14.8,5.53,4,1.0,4,2023
2023-04-30,Bengaluru,12.9716,77.5946,77.7,46.0,85.1,19.0,9.9,3.92,4,1.0,4,2023
2023-04-30,Hyderabad,17.385,78.4867,103.1,60.6,91.4,28.2,13.1,5.51,4,1.0,4,2023
2023-04-30,Puducherry,11.9416,79.8083,98.7,54.4,85.5,21.8,10.5,4.58,4,1.0,4,2023
2023-04-30,Lucknow,26.8467,80.9462,267.4,155.8,241.0,69.6,22.6,15.49,4,1.0,4,2023
2023-04-30,Patna,25.5941,85.1376,220.2,122.0,199.4,55.2,21.9,12.0,4,1.0,4,2023
2023-04-30,Ahmedabad,23.0225,72.5714,193.6,117.6,177.8,48.0,22.9,8.2,4,1.0,4,2023
2023-05-01,Delhi,28.6139,77.209,291.2,175.0,268.6,69.4,25.6,14.72,5,1.0,5,2023
2023-05-01,Mumbai,19.076,72.8777,151.2,98.2,125.9,42.4,19.9,7.18,5,1.0,5,2023
2023-05-01,Chennai,13.0827,80.2707,57.7,32.6,52.0,16.7,4.6,4.44,5,1.0,5,2023
2023-05-01,Kolkata,22.5726,88.3639,124.3,65.9,120.7,22.0,12.0,9.33,5,1.0,5,2023
2023-05-01,Bengaluru,12.9716,77.5946,99.6,54.2,89.2,24.7,10.3,5.64,5,1.0,5,2023
2023-05-01,Hyderabad,17.385,78.4867,83.6,58.6,77.2,23.8,7.1,5.47,5,1.0,5,2023
2023-05-01,Puducherry,11.9416,79.8083,69.9,43.3,55.4,13.5,8.4,3.05,5,1.0,5,2023
2023-05-01,Lucknow,26.8467,80.9462,164.5,95.5,153.6,38.6,16.2,8.24,5,1.0,5,2023
2023-05-01,Patna,25.5941,85.1376,105.8,56.1,97.9,23.5,12.7,6.26,5,1.0,5,2023
2023-05-01,Ahmedabad,23.0225,72.5714,192.4,124.5,172.5,50.7,18.1,12.07,5,1.0,5,2023
2023-05-02,Delhi,28.6139,77.209,438.7,263.3,397.9,115.1,43.6,21.28,5,1.0,5,2023
2023-05-02,Mumbai,19.076,72.8777,175.0,105.4,159.0,40.4,14.1,8.99,5,1.0,5,2023
2023-05-02,Chennai,13.0827,80.2707,112.6,66.4,112.8,25.3,9.2,5.56,5,1.0,5,2023
2023-05-02,Kolkata,22.5726,88.3639,175.9,109.4,152.1,49.4,21.5,8.76,5,1.0,5,2023
2023-05-02,Bengaluru,12.9716,77.5946,137.5,77.2,132.4,38.6,15.5,6.86,5,1.0,5,2023
2023-05-02,Hyderabad,17.385,78.4867,16.6,6.8,9.9,0.2,1.9,0.41,5,1.0,5,2023
2023-05-02,Puducherry,11.9416,79.8083,58.5,29.8,46.9,19.1,4.5,2.41,5,1.0,5,2023
2023-05-02,Lucknow,26.8467,80.9462,190.3,115.9,174.9,35.4,21.1,10.95,5,1.0,5,2023
2023-05-02,Patna,25.5941,85.1376,166.5,95.0,146.2,38.6,17.1,6.38,5,1.0,5,2023
2023-05-02,Ahmedabad,23.0225,72.5714,109.7,73.5,91.3,32.4,11.7,3.68,5,1.0,5,2023
2023-05-03,Delhi,28.6139,77.209,330.8,197.9,294.1,83.7,34.0,17.25,5,1.0,5,2023
2023-05-03,Mumbai,19.076,72.8777,187.1,114.3,157.4,44.9,24.6,10.08,5,1.0,5,2023
2023-05-03,Chennai,13.0827,80.2707,149.2,96.5,136.2,38.5,14.8,5.72,5,1.0,5,2023
2023-05-03,Kolkata,22.5726,88.3639,180.9,114.6,158.0,46.9,19.8,8.14,5,1.0,5,2023
2023-05-03,Bengaluru,12.9716,77.5946,86.5,46.8,71.3,16.5,6.8,5.74,5,1.0,5,2023
2023-05-03,Hyderabad,17.385,78.4867,88.0,53.4,75.2,26.7,11.4,5.26,5,1.0,5,2023
2023-05-03,Puducherry,11.9416,79.8083,81.1,47.5,63.5,28.0,6.6,4.72,5,1.0,5,2023
2023-05-03,Lucknow,26.8467,80.9462,288.9,170.6,268.3,75.3,32.3,13.98,5,1.0,5,2023
2023-05-03,Patna,25.5941,85.1376,150.0,87.5,136.7,37.7,14.2,5.59,5,1.0,5,2023
2023-05-03,Ahmedabad,23.0225,72.5714,181.2,118.6,166.8,47.7,19.3,9.46,5,1.0,5,2023
2023-05-04,Delhi,28.6139,77.209,354.5,214.7,316.5,85.4,35.0,18.04,5,1.0,5,2023
2023-05-04,Mumbai,19.076,72.8777,127.4,78.0,118.2,35.2,15.3,6.45,5,1.0,5,2023
2023-05-04,Chennai,13.0827,80.2707,57.3,32.7,51.9,7.0,8.5,3.01,5,1.0,5,2023
2023-05-04,Kolkata,22.5726,88.3639,199.1,126.3,174.1,52.1,19.7,9.77,5,1.0,5,2023
2023-05-04,Bengaluru,12.9716,77.5946,76.8,54.4,66.1,22.0,3.9,5.02,5,1.0,5,2023
2023-05-04,Hyderabad,17.385,78.4867,156.8,94.6,139.3,40.8,20.3,6.08,5,1.0,5,2023
2023-05-04,Puducherry,11.9416,79.8083,90.6,49.8,81.4,21.7,8.2,4.52,5,1.0,5,2023
2023-05-04,Lucknow,26.8467,80.9462,146.3,92.9,117.3,38.7,14.0,6.14,5,1.0,5,2023
2023-05-04,Patna,25.5941,85.1376,254.2,144.7,229.1,57.9,26.3,11.79,5,1.0,5,2023
2023-05-04,Ahmedabad,23.0225,72.5714,139.7,85.3,119.5,34.7,10.9,7.62,5,1.0,5,2023
2023-05-05,Delhi,28.6139,77.209,421.2,266.7,379.8,108.5,38.6,22.56,5,1.0,5,2023
2023-05-05,Mumbai,19.076,72.8777,171.0,100.2,163.8,41.7,16.2,9.03,5,1.0,5,2023
2023-05-05,Chennai,13.0827,80.2707,63.4,43.1,48.6,11.6,4.5,3.93,5,1.0,5,2023
2023-05-05,Kolkata,22.5726,88.3639,149.2,82.8,129.4,37.2,12.6,6.31,5,1.0,5,2023
2023-05-05,Bengaluru,12.9716,77.5946,163.3,93.7,144.4,39.4,15.5,8.79,5,1.0,5,2023
2023-05-05,Hyderabad,17.385,78.4867,153.2,90.4,128.0,43.4,15.1,9.39,5,1.0,5,2023
2023-05-05,Puducherry,11.9416,79.8083,30.1,19.0,42.4,6.1,2.6,1.8,5,1.0,5,2023
2023-05-05,Lucknow,26.8467,80.9462,183.7,108.7,162.6,43.4,20.8,9.65,5,1.0,5,2023
2023-05-05,Patna,25.5941,85.1376,257.5,158.5,229.6,61.3,24.5,12.88,5,1.0,5,2023
2023-05-05,Ahmedabad,23.0225,72.5714,112.3,64.9,96.9,36.6,5.7,5.44,5,1.0,5,2023
2023-05-06,Delhi,28.6139,77.209,418.1,251.5,382.3,104.9,40.5,18.66,5,1.0,5,2023
2023-05-06,Mumbai,19.076,72.8777,148.2,85.0,127.0,35.1,18.3,9.81,5,1.0,5,2023
2023-05-06,Chennai,13.0827,80.2707,95.4,54.9,76.4,25.7,13.1,4.52,5,1.0,5,2023
2023-05-06,Kolkata,22.5726,88.3639,61.1,40.0,62.9,8.9,6.5,3.51,5,1.0,5,2023
2023-05-06,Bengaluru,12.9716,77.5946,97.8,54.7,96.1,22.8,6.8,2.84,5,1.0,5,2023
2023-05-06,Hyderabad,17.385,78.4867,164.1,101.5,148.4,39.3,15.4,7.13,5,1.0,5,2023
2023-05-06,Puducherry,11.9416,79.8083,66.4,29.2,53.9,15.4,7.9,3.28,5,1.0,5,2023
2023-05-06,Lucknow,26.8467,80.9462,271.7,169.8,253.0,69.8,27.2,12.6,5,1.0,5,2023
2023-05-06,Patna,25.5941,85.1376,291.8,183.5,265.4,80.6,26.1,13.44,5,1.0,5,2023
2023-05-06,Ahmedabad,23.0225,72.5714,198.5,120.4,189.2,49.6,18.1,9.71,5,1.0,5,2023
2023-05-07,Delhi,28.6139,77.209,157.4,88.8,149.4,42.8,16.5,6.15,5,1.0,5,2023
2023-05-07,Mumbai,19.076,72.8777,125.7,69.3,122.5,29.1,10.4,6.31,5,1.0,5,2023
2023-05-07,Chennai,13.0827,80.2707,74.0,51.8,60.7,12.9,3.1,3.67,5,1.0,5,2023
2023-05-07,Kolkata,22.5726,88.3639,151.9,84.0,146.2,40.6,15.1,8.96,5,1.0,5,2023
2023-05-07,Bengaluru,12.9716,77.5946,119.9,67.8,99.6,33.2,12.8,6.16,5,1.0,5,2023
2023-05-07,Hyderabad,17.385,78.4867,90.4,57.3,75.3,22.2,11.9,3.86,5,1.0,5,2023
2023-05-07,Puducherry,11.9416,79.8083,43.5,20.8,47.1,11.9,4.1,1.67,5,1.0,5,2023
2023-05-07,Lucknow,26.8467,80.9462,251.5,146.7,228.8,59.9,23.4,11.94,5,1.0,5,2023
2023-05-07,Patna,25.5941,85.1376,213.7,128.0,194.2,38.7,19.8,10.29,5,1.0,5,2023
2023-05-07,Ahmedabad,23.0225,72.5714,227.7,131.2,206.2,62.9,20.1,11.78,5,1.0,5,2023
2023-05-08,Delhi,28.6139,77.209,215.8,127.0,187.8,51.0,27.0,11.63,5,1.0,5,2023
2023-05-08,Mumbai,19.076,72.8777,184.1,112.9,152.8,47.6,20.6,8.35,5,1.0,5,2023
2023-05-08,Chennai,13.0827,80.2707,114.1,72.0,117.5,26.9,9.2,5.34,5,1.0,5,2023
2023-05-08,Kolkata,22.5726,88.3639,251.8,141.9,210.1,63.3,24.3,12.6,5,1.0,5,2023
2023-05-08,Bengaluru,12.9716,77.5946,128.4,74.3,100.6,40.3,10.8,5.36,5,1.0,5,2023
2023-05-08,Hyderabad,17.385,78.4867,158.6,93.2,142.2,41.6,18.0,7.6,5,1.0,5,2023
2023-05-08,Puducherry,11.9416,79.8083,105.4,52.6,100.9,23.0,13.3,5.41,5,1.0,5,2023
2023-05-08,Lucknow,26.8467,80.9462,176.3,109.1,165.8,46.6,15.6,8.33,5,1.0,5,2023
2023-05-08,Patna,25.5941,85.1376,239.7,143.6,221.7,51.9,24.6,11.7,5,1.0,5,2023
2023-05-08,Ahmedabad,23.0225,72.5714,122.3,69.7,108.4,16.2,10.8,5.24,5,1.0,5,2023
2023-05-09,Delhi,28.6139,77.209,322.6,189.5,288.6,86.8,34.2,17.03,5,1.0,5,2023
2023-05-09,Mumbai,19.076,72.8777,120.0,74.7,106.1,29.2,12.8,5.4,5,1.0,5,2023
2023-05-09,Chennai,13.0827,80.2707,127.3,75.6,119.5,37.6,14.8,4.96,5,1.0,5,2023
2023-05-09,Kolkata,22.5726,88.3639,202.2,125.6,189.1,46.1,18.9,11.1,5,1.0,5,2023
2023-05-09,Bengaluru,12.9716,77.5946,77.1,44.8,82.0,19.1,6.3,2.98,5,1.0,5,2023
2023-05-09,Hyderabad,17.385,78.4867,131.6,72.3,116.5,34.2,15.8,7.25,5,1.0,5,2023
2023-05-09,Puducherry,11.9416,79.8083,60.7,42.3,52.2,10.2,5.7,4.47,5,1.0,5,2023
2023-05-09,Lucknow,26.8467,80.9462,230.7,138.5,220.7,51.9,20.5,9.92,5,1.0,5,2023
2023-05-09,Patna,25.5941,85.1376,266.1,160.5,251.8,67.5,25.8,13.31,5,1.0,5,2023
2023-05-09,Ahmedabad,23.0225,72.5714,165.3,90.8,170.5,43.4,17.0,8.88,5,1.0,5,2023
2023-05-10,Delhi,28.6139,77.209,336.8,201.4,298.1,86.6,34.5,16.03,5,1.0,5,2023
2023-05-10,Mumbai,19.076,72.8777,196.8,119.5,183.0,54.8,19.7,10.16,5,1.0,5,2023
2023-05-10,Chennai,13.0827,80.2707,110.3,62.6,99.7,28.1,9.1,7.83,5,1.0,5,2023
2023-05-10,Kolkata,22.5726,88.3639,109.6,59.3,109.2,30.3,8.9,6.09,5,1.0,5,2023
2023-05-10,Bengaluru,12.9716,77.5946,144.0,86.2,150.4,29.1,15.8,8.37,5,1.0,5,2023
2023-05-10,Hyderabad,17.385,78.4867,151.2,89.7,133.8,39.6,16.8,8.16,5,1.0,5,2023
2023-05-10,Puducherry,11.9416,79.8083,95.8,52.4,84.4,20.2,8.8,5.81,5,1.0,5,2023
2023-05-10,Lucknow,26.8467,80.9462,227.0,149.2,205.8,57.0,22.9,10.71,5,1.0,5,2023
2023-05-10,Patna,25.5941,85.1376,236.0,147.2,213.3,55.8,21.7,11.35,5,1.0,5,2023
2023-05-10,Ahmedabad,23.0225,72.5714,163.3,103.9,136.2,39.5,16.6,6.33,5,1.0,5,2023
2023-05-11,Delhi,28.6139,77.209,213.3,124.6,185.6,54.1,21.0,10.11,5,1.0,5,2023
2023-05-11,Mumbai,19.076,72.8777,157.1,102.9,154.5,31.6,16.9,7.68,5,1.0,5,2023
2023-05-11,Chennai,13.0827,80.2707,93.9,54.3,85.5,24.1,8.2,3.8,5,1.0,5,2023
2023-05-11,Kolkata,22.5726,88.3639,157.6,95.7,146.6,42.8,14.8,8.16,5,1.0,5,2023
2023-05-11,Bengaluru,12.9716,77.5946,128.9,83.2,115.5,31.3,13.3,5.3,5,1.0,5,2023
2023-05-11,Hyderabad,17.385,78.4867,113.2,71.6,107.0,27.2,11.8,4.84,5,1.0,5,2023
2023-05-11,Puducherry,11.9416,79.8083,89.1,53.1,78.0,20.8,8.8,4.01,5,1.0,5,2023
2023-05-11,Lucknow,26.8467,80.9462,262.8,155.7,249.3,71.6,24.5,13.21,5,1.0,5,2023
2023-05-11,Patna,25.5941,85.1376,194.5,115.1,191.1,47.4,20.2,10.27,5,1.0,5,2023
2023-05-11,Ahmedabad,23.0225,72.5714,115.0,64.7,93.9,25.2,5.8,6.29,5,1.0,5,2023
2023-05-12,Delhi,28.6139,77.209,444.3,267.3,388.5,108.5,43.5,21.2,5,1.0,5,2023
2023-05-12,Mumbai,19.076,72.8777,174.4,108.7,147.7,46.5,20.5,10.62,5,1.0,5,2023
2023-05-12,Chennai,13.0827,80.2707,161.6,92.5,168.0,39.0,15.0,8.41,5,1.0,5,2023
2023-05-12,Kolkata,22.5726,88.3639,150.9,92.5,125.2,36.8,17.7,7.49,5,1.0,5,2023
2023-05-12,Bengaluru,12.9716,77.5946,104.2,64.9,103.1,19.4,11.6,4.94,5,1.0,5,2023
2023-05-12,Hyderabad,17.385,78.4867,125.8,80.8,103.7,27.4,8.7,5.74,5,1.0,5,2023
2023-05-12,Puducherry,11.9416,79.8083,101.6,60.4,80.7,23.5,7.2,3.95,5,1.0,5,2023
2023-05-12,Lucknow,26.8467,80.9462,245.3,141.3,229.7,61.0,24.7,11.99,5,1.0,5,2023
2023-05-12,Patna,25.5941,85.1376,294.1,180.4,267.4,75.8,29.0,15.25,5,1.0,5,2023
2023-05-12,Ahmedabad,23.0225,72.5714,144.8,86.9,128.1,34.4,13.1,7.71,5,1.0,5,2023
2023-05-13,Delhi,28.6139,77.209,384.8,236.7,336.3,101.4,37.8,19.84,5,1.0,5,2023
2023-05-13,Mumbai,19.076,72.8777,103.8,63.0,95.9,20.0,11.6,6.54,5,1.0,5,2023
2023-05-13,Chennai,13.0827,80.2707,85.6,58.2,75.5,24.8,4.1,6.7,5,1.0,5,2023
2023-05-13,Kolkata,22.5726,88.3639,254.8,151.5,213.5,64.9,22.6,13.18,5,1.0,5,2023
2023-05-13,Bengaluru,12.9716,77.5946,112.3,62.7,110.0,31.3,13.2,5.62,5,1.0,5,2023
2023-05-13,Hyderabad,17.385,78.4867,70.5,47.2,61.3,12.1,9.8,5.62,5,1.0,5,2023
2023-05-13,Puducherry,11.9416,79.8083,74.2,55.3,67.5,17.0,6.2,5.35,5,1.0,5,2023
2023-05-13,Lucknow,26.8467,80.9462,169.3,105.3,147.9,40.5,19.0,8.08,5,1.0,5,2023
2023-05-13,Patna,25.5941,85.1376,211.7,132.7,203.3,55.5,19.9,10.07,5,1.0,5,2023
2023-05-13,Ahmedabad,23.0225,72.5714,163.6,99.8,139.3,43.8,16.5,6.46,5,1.0,5,2023
2023-05-14,Delhi,28.6139,77.209,205.7,120.9,184.5,59.0,21.0,9.44,5,1.0,5,2023
2023-05-14,Mumbai,19.076,72.8777,148.8,87.5,136.5,39.5,17.3,7.42,5,1.0,5,2023
2023-05-14,Chennai,13.0827,80.2707,131.0,83.1,112.2,41.6,13.8,5.71,5,1.0,5,2023
2023-05-14,Kolkata,22.5726,88.3639,262.6,167.9,236.1,63.6,25.9,13.84,5,1.0,5,2023
2023-05-14,Bengaluru,12.9716,77.5946,138.3,85.8,125.3,40.6,13.2,7.95,5,1.0,5,2023
2023-05-14,Hyderabad,17.385,78.4867,109.9,68.1,98.0,27.3,10.2,6.84,5,1.0,5,2023
2023-05-14,Puducherry,11.9416,79.8083,60.3,32.5,71.2,19.0,1.3,2.45,5,1.0,5,2023
2023-05-14,Lucknow,26.8467,80.9462,102.2,56.6,66.9,25.0,7.9,5.17,5,1.0,5,2023
2023-05-14,Patna,25.5941,85.1376,126.2,76.1,110.3,37.6,15.4,7.1,5,1.0,5,2023
2023-05-14,Ahmedabad,23.0225,72.5714,145.3,97.1,118.3,30.7,14.4,9.52,5,1.0,5,2023
2023-05-15,Delhi,28.6139,77.209,263.8,157.4,225.9,69.7,28.3,13.98,5,1.0,5,2023
2023-05-15,Mumbai,19.076,72.8777,114.8,65.3,93.0,29.0,9.3,4.56,5,1.0,5,2023
2023-05-15,Chennai,13.0827,80.2707,79.4,45.2,67.2,21.7,8.1,3.68,5,1.0,5,2023
2023-05-15,Kolkata,22.5726,88.3639,189.2,108.6,171.1,47.9,15.9,10.46,5,1.0,5,2023
2023-05-15,Bengaluru,12.9716,77.5946,73.6,44.6,75.6,22.1,7.4,3.32,5,1.0,5,2023
2023-05-15,Hyderabad,17.385,78.4867,153.2,95.3,132.9,35.1,11.2,7.81,5,1.0,5,2023
2023-05-15,Puducherry,11.9416,79.8083,73.3,49.7,68.8,23.7,5.9,4.8,5,1.0,5,2023
2023-05-15,Lucknow,26.8467,80.9462,185.6,115.2,155.4,47.3,14.6,9.01,5,1.0,5,2023
2023-05-15,Patna,25.5941,85.1376,270.8,159.9,235.3,71.1,26.9,13.05,5,1.0,5,2023
2023-05-15,Ahmedabad,23.0225,72.5714,161.9,110.3,154.9,45.1,17.1,8.26,5,1.0,5,2023
2023-05-16,Delhi,28.6139,77.209,88.3,49.6,75.6,14.6,6.5,2.43,5,1.0,5,2023
2023-05-16,Mumbai,19.076,72.8777,138.5,87.2,133.5,36.3,11.9,4.99,5,1.0,5,2023
2023-05-16,Chennai,13.0827,80.2707,46.1,21.3,34.4,10.9,2.6,2.64,5,1.0,5,2023
2023-05-16,Kolkata,22.5726,88.3639,168.4,101.1,160.7,37.4,17.7,8.41,5,1.0,5,2023
2023-05-16,Bengaluru,12.9716,77.5946,90.0,58.4,88.0,18.7,8.6,4.78,5,1.0,5,2023
2023-05-16,Hyderabad,17.385,78.4867,110.4,69.2,101.6,34.9,8.0,5.4,5,1.0,5,2023
2023-05-16,Puducherry,11.9416,79.8083,56.8,37.1,38.2,15.6,4.4,2.11,5,1.0,5,2023
2023-05-16,Lucknow,26.8467,80.9462,126.0,73.3,122.1,31.4,13.9,7.96,5,1.0,5,2023
2023-05-16,Patna,25.5941,85.1376,258.5,152.3,236.4,62.4,24.8,11.41,5,1.0,5,2023
2023-05-16,Ahmedabad,23.0225,72.5714,201.7,119.1,183.0,46.3,21.0,9.32,5,1.0,5,2023
2023-05-17,Delhi,28.6139,77.209,268.7,165.6,248.2,67.1,23.3,16.43,5,1.0,5,2023
2023-05-17,Mumbai,19.076,72.8777,209.8,129.5,182.8,52.0,19.9,11.75,5,1.0,5,2023
2023-05-17,Chennai,13.0827,80.2707,96.6,54.0,83.2,28.6,12.9,6.36,5,1.0,5,2023
2023-05-17,Kolkata,22.5726,88.3639,217.9,129.5,170.2,55.7,21.8,11.03,5,1.0,5,2023
2023-05-17,Bengaluru,12.9716,77.5946,101.6,54.3,95.9,27.9,11.5,6.03,5,1.0,5,2023
2023-05-17,Hyderabad,17.385,78.4867,141.1,82.6,126.4,35.6,14.3,8.05,5,1.0,5,2023
2023-05-17,Puducherry,11.9416,79.8083,87.9,63.1,96.8,22.3,1.1,5.63,5,1.0,5,2023
2023-05-17,Lucknow,26.8467,80.9462,184.9,106.9,163.2,44.4,19.7,7.69,5,1.0,5,2023
2023-05-17,Patna,25.5941,85.1376,164.6,100.5,153.1,43.7,14.9,7.25,5,1.0,5,2023
2023-05-17,Ahmedabad,23.0225,72.5714,137.2,83.5,135.4,26.1,13.3,5.53,5,1.0,5,2023
2023-05-18,Delhi,28.6139,77.209,147.8,93.5,137.4,38.7,16.6,6.91,5,1.0,5,2023
2023-05-18,Mumbai,19.076,72.8777,122.7,84.5,108.5,33.6,12.3,4.29,5,1.0,5,2023
2023-05-18,Chennai,13.0827,80.2707,38.9,20.4,43.5,12.9,5.7,0.96,5,1.0,5,2023
2023-05-18,Kolkata,22.5726,88.3639,260.8,151.7,236.4,65.2,25.7,14.38,5,1.0,5,2023
2023-05-18,Bengaluru,12.9716,77.5946,78.8,40.5,71.1,18.1,14.6,4.62,5,1.0,5,2023
2023-05-18,Hyderabad,17.385,78.4867,105.7,58.1,80.1,22.3,10.8,6.71,5,1.0,5,2023
2023-05-18,Puducherry,11.9416,79.8083,97.4,59.6,85.1,25.4,8.7,6.59,5,1.0,5,2023
2023-05-18,Lucknow,26.8467,80.9462,207.7,124.2,169.2,51.1,22.4,9.32,5,1.0,5,2023
2023-05-18,Patna,25.5941,85.1376,187.4,116.4,156.8,51.1,17.7,8.98,5,1.0,5,2023
2023-05-18,Ahmedabad,23.0225,72.5714,109.4,67.5,118.1,30.5,9.2,6.61,5,1.0,5,2023
2023-05-19,Delhi,28.6139,77.209,254.7,159.7,235.7,51.9,23.5,13.68,5,1.0,5,2023
2023-05-19,Mumbai,19.076,72.8777,146.1,82.5,126.4,28.9,14.4,9.52,5,1.0,5,2023
2023-05-19,Chennai,13.0827,80.2707,110.1,77.0,106.1,31.6,15.0,5.88,5,1.0,5,2023
2023-05-19,Kolkata,22.5726,88.3639,170.6,107.5,165.2,40.7,15.6,8.67,5,1.0,5,2023
2023-05-19,Bengaluru,12.9716,77.5946,124.9,78.9,101.0,38.9,11.2,5.98,5,1.0,5,2023
2023-05-19,Hyderabad,17.385,78.4867,88.4,66.5,81.5,18.7,10.6,5.19,5,1.0,5,2023
2023-05-19,Puducherry,11.9416,79.8083,71.2,46.9,57.5,15.8,3.1,2.24,5,1.0,5,2023
2023-05-19,Lucknow,26.8467,80.9462,337.5,210.7,304.3,91.0,33.4,16.63,5,1.0,5,2023
2023-05-19,Patna,25.5941,85.1376,244.0,145.8,217.9,65.6,24.7,12.91,5,1.0,5,2023
2023-05-19,Ahmedabad,23.0225,72.5714,206.4,125.8,178.0,46.2,20.9,10.15,5,1.0,5,2023
2023-05-20,Delhi,28.6139,77.209,287.0,172.1,279.0,66.4,24.7,14.68,5,1.0,5,2023
2023-05-20,Mumbai,19.076,72.8777,124.9,76.5,117.1,36.4,9.5,5.69,5,1.0,5,2023
2023-05-20,Chennai,13.0827,80.2707,100.7,64.3,108.2,29.0,10.0,4.14,5,1.0,5,2023
2023-05-20,Kolkata,22.5726,88.3639,151.8,88.1,141.9,39.0,12.5,7.15,5,1.0,5,2023
2023-05-20,Bengaluru,12.9716,77.5946,126.3,77.5,118.2,33.1,15.9,6.55,5,1.0,5,2023
2023-05-20,Hyderabad,17.385,78.4867,106.5,59.3,97.8,16.9,10.3,5.12,5,1.0,5,2023
2023-05-20,Puducherry,11.9416,79.8083,47.7,24.0,49.4,12.8,5.0,2.69,5,1.0,5,2023
2023-05-20,Lucknow,26.8467,80.9462,226.0,141.8,204.4,50.7,25.9,11.67,5,1.0,5,2023
2023-05-20,Patna,25.5941,85.1376,198.8,113.0,182.1,49.2,23.0,9.59,5,1.0,5,2023
2023-05-20,Ahmedabad,23.0225,72.5714,122.3,77.9,117.5,31.2,13.6,6.08,5,1.0,5,2023
2023-05-21,Delhi,28.6139,77.209,298.7,185.0,273.8,74.0,32.6,12.57,5,1.0,5,2023
2023-05-21,Mumbai,19.076,72.8777,222.1,124.7,194.9,55.4,21.9,12.11,5,1.0,5,2023
2023-05-21,Chennai,13.0827,80.2707,63.6,39.5,52.6,17.1,6.2,3.27,5,1.0,5,2023
2023-05-21,Kolkata,22.5726,88.3639,152.5,88.9,139.5,41.9,14.1,6.76,5,1.0,5,2023
2023-05-21,Bengaluru,12.9716,77.5946,118.4,70.9,113.2,26.0,8.3,5.39,5,1.0,5,2023
2023-05-21,Hyderabad,17.385,78.4867,93.2,55.5,78.8,26.3,8.7,4.81,5,1.0,5,2023
2023-05-21,Puducherry,11.9416,79.8083,78.2,47.9,70.2,21.6,6.2,5.31,5,1.0,5,2023
2023-05-21,Lucknow,26.8467,80.9462,204.6,116.2,185.6,47.7,21.8,12.44,5,1.0,5,2023
2023-05-21,Patna,25.5941,85.1376,184.9,112.6,152.4,48.0,16.7,8.62,5,1.0,5,2023
2023-05-21,Ahmedabad,23.0225,72.5714,110.4,69.9,107.4,27.7,9.3,7.11,5,1.0,5,2023
2023-05-22,Delhi,28.6139,77.209,220.0,121.2,201.7,50.6,24.0,10.62,5,1.0,5,2023
2023-05-22,Mumbai,19.076,72.8777,164.1,105.5,138.0,38.8,16.3,9.74,5,1.0,5,2023
2023-05-22,Chennai,13.0827,80.2707,73.5,41.1,70.0,16.1,7.7,2.12,5,1.0,5,2023
2023-05-22,Kolkata,22.5726,88.3639,290.7,167.7,259.1,72.5,32.9,13.21,5,1.0,5,2023
2023-05-22,Bengaluru,12.9716,77.5946,159.5,99.5,146.9,35.9,17.1,7.25,5,1.0,5,2023
2023-05-22,Hyderabad,17.385,78.4867,164.3,93.7,147.0,38.9,14.5,8.96,5,1.0,5,2023
2023-05-22,Puducherry,11.9416,79.8083,85.7,57.5,62.9,25.7,13.6,3.83,5,1.0,5,2023
2023-05-22,Lucknow,26.8467,80.9462,343.2,204.6,297.9,84.6,36.4,16.32,5,1.0,5,2023
2023-05-22,Patna,25.5941,85.1376,198.0,121.8,178.2,51.8,20.3,10.38,5,1.0,5,2023
2023-05-22,Ahmedabad,23.0225,72.5714,140.5,85.5,119.0,40.3,12.8,8.15,5,1.0,5,2023
2023-05-23,Delhi,28.6139,77.209,261.3,157.8,231.2,61.3,22.6,12.01,5,1.0,5,2023
2023-05-23,Mumbai,19.076,72.8777,127.0,77.3,122.4,30.0,10.9,4.91,5,1.0,5,2023
2023-05-23,Chennai,13.0827,80.2707,102.0,68.1,101.9,28.3,11.5,6.8,5,1.0,5,2023
2023-05-23,Kolkata,22.5726,88.3639,196.6,121.2,174.4,43.7,18.3,9.82,5,1.0,5,2023
2023-05-23,Bengaluru,12.9716,77.5946,101.8,70.7,92.3,30.2,9.3,4.78,5,1.0,5,2023
2023-05-23,Hyderabad,17.385,78.4867,73.5,40.4,70.4,18.4,9.2,3.86,5,1.0,5,2023
2023-05-23,Puducherry,11.9416,79.8083,68.0,51.5,60.4,21.7,6.0,4.11,5,1.0,5,2023
2023-05-23,Lucknow,26.8467,80.9462,280.3,169.2,233.4,70.1,30.5,14.54,5,1.0,5,2023
2023-05-23,Patna,25.5941,85.1376,271.2,154.1,238.3,69.4,27.9,14.77,5,1.0,5,2023
2023-05-23,Ahmedabad,23.0225,72.5714,153.5,94.1,138.3,34.4,10.8,8.11,5,1.0,5,2023
2023-05-24,Delhi,28.6139,77.209,293.9,173.2,251.6,76.0,28.9,15.25,5,1.0,5,2023
2023-05-24,Mumbai,19.076,72.8777,214.6,118.1,187.5,52.8,24.4,9.09,5,1.0,5,2023
2023-05-24,Chennai,13.0827,80.2707,138.4,83.7,123.8,33.8,13.0,7.97,5,1.0,5,2023
2023-05-24,Kolkata,22.5726,88.3639,126.6,77.7,110.9,28.6,17.8,6.75,5,1.0,5,2023
2023-05-24,Bengaluru,12.9716,77.5946,118.4,76.7,95.2,36.6,6.8,5.15,5,1.0,5,2023
2023-05-24,Hyderabad,17.385,78.4867,103.9,65.2,95.3,25.3,10.4,4.22,5,1.0,5,2023
2023-05-24,Puducherry,11.9416,79.8083,45.1,30.7,46.1,17.6,2.9,2.95,5,1.0,5,2023
2023-05-24,Lucknow,26.8467,80.9462,201.6,126.9,189.6,51.2,19.5,11.04,5,1.0,5,2023
2023-05-24,Patna,25.5941,85.1376,285.3,167.8,246.1,70.2,31.6,15.41,5,1.0,5,2023
2023-05-24,Ahmedabad,23.0225,72.5714,109.9,60.1,109.1,22.9,12.0,4.88,5,1.0,5,2023
2023-05-25,Delhi,28.6139,77.209,409.4,241.8,377.6,103.1,41.4,18.5,5,1.0,5,2023
2023-05-25,Mumbai,19.076,72.8777,51.9,30.0,48.7,8.5,3.0,3.16,5,1.0,5,2023
2023-05-25,Chennai,13.0827,80.2707,104.1,61.8,99.9,21.3,9.7,6.85,5,1.0,5,2023
2023-05-25,Kolkata,22.5726,88.3639,183.4,110.7,183.5,40.3,19.9,10.83,5,1.0,5,2023
2023-05-25,Bengaluru,12.9716,77.5946,90.3,58.5,73.4,19.8,9.8,5.31,5,1.0,5,2023
2023-05-25,Hyderabad,17.385,78.4867,159.2,103.4,142.7,44.6,15.2,8.86,5,1.0,5,2023
2023-05-25,Puducherry,11.9416,79.8083,79.1,49.7,74.6,13.4,5.7,4.06,5,1.0,5,2023
2023-05-25,Lucknow,26.8467,80.9462,110.3,70.3,106.2,28.9,8.8,6.9,5,1.0,5,2023
2023-05-25,Patna,25.5941,85.1376,382.6,230.3,348.4,96.5,39.3,19.01,5,1.0,5,2023
2023-05-25,Ahmedabad,23.0225,72.5714,158.4,99.6,161.3,34.0,15.6,6.74,5,1.0,5,2023
2023-05-26,Delhi,28.6139,77.209,407.4,241.5,355.1,104.4,44.2,21.03,5,1.0,5,2023
2023-05-26,Mumbai,19.076,72.8777,148.2,91.0,144.7,33.6,14.6,6.96,5,1.0,5,2023
2023-05-26,Chennai,13.0827,80.2707,60.8,34.8,63.6,17.5,7.4,3.19,5,1.0,5,2023
2023-05-26,Kolkata,22.5726,88.3639,206.2,119.7,183.1,52.3,21.2,10.63,5,1.0,5,2023
2023-05-26,Bengaluru,12.9716,77.5946,95.8,55.6,111.5,27.6,10.4,4.56,5,1.0,5,2023
2023-05-26,Hyderabad,17.385,78.4867,104.2,61.9,96.1,18.5,7.3,4.57,5,1.0,5,2023
2023-05-26,Puducherry,11.9416,79.8083,79.1,46.3,83.0,13.8,6.4,5.48,5,1.0,5,2023
2023-05-26,Lucknow,26.8467,80.9462,228.5,141.5,222.1,54.3,22.7,11.15,5,1.0,5,2023
2023-05-26,Patna,25.5941,85.1376,103.2,60.4,99.9,28.0,11.6,4.78,5,1.0,5,2023
2023-05-26,Ahmedabad,23.0225,72.5714,130.5,84.6,113.5,33.8,13.4,7.99,5,1.0,5,2023
2023-05-27,Delhi,28.6139,77.209,357.7,208.1,312.4,91.7,35.6,17.43,5,1.0,5,2023
2023-05-27,Mumbai,19.076,72.8777,180.6,109.3,163.0,48.3,17.3,10.6,5,1.0,5,2023
2023-05-27,Chennai,13.0827,80.2707,70.3,45.5,74.7,12.1,6.3,4.66,5,1.0,5,2023
2023-05-27,Kolkata,22.5726,88.3639,237.9,141.9,208.2,63.3,26.2,10.73,5,1.0,5,2023
2023-05-27,Bengaluru,12.9716,77.5946,63.9,39.5,62.5,14.8,7.7,2.48,5,1.0,5,2023
2023-05-27,Hyderabad,17.385,78.4867,46.0,25.5,41.9,10.4,2.3,0.48,5,1.0,5,2023
2023-05-27,Puducherry,11.9416,79.8083,64.7,43.3,68.3,20.9,4.8,2.08,5,1.0,5,2023
2023-05-27,Lucknow,26.8467,80.9462,252.3,154.6,230.3,55.0,23.5,12.59,5,1.0,5,2023
2023-05-27,Patna,25.5941,85.1376,274.1,168.3,247.8,69.8,27.6,14.39,5,1.0,5,2023
2023-05-27,Ahmedabad,23.0225,72.5714,174.1,104.8,154.5,43.9,18.4,8.97,5,1.0,5,2023
2023-05-28,Delhi,28.6139,77.209,310.5,193.0,281.6,75.0,32.8,14.16,5,1.0,5,2023
2023-05-28,Mumbai,19.076,72.8777,96.7,59.7,91.2,19.2,8.9,4.23,5,1.0,5,2023
2023-05-28,Chennai,13.0827,80.2707,77.8,51.4,75.7,19.4,6.7,2.54,5,1.0,5,2023
2023-05-28,Kolkata,22.5726,88.3639,251.0,153.6,220.2,65.6,25.0,12.26,5,1.0,5,2023
2023-05-28,Bengaluru,12.9716,77.5946,113.1,64.2,99.0,28.8,10.3,6.32,5,1.0,5,2023
2023-05-28,Hyderabad,17.385,78.4867,185.4,107.5,153.5,38.3,18.2,8.61,5,1.0,5,2023
2023-05-28,Puducherry,11.9416,79.8083,79.2,48.2,58.5,12.5,8.5,4.1,5,1.0,5,2023
2023-05-28,Lucknow,26.8467,80.9462,192.3,107.1,176.8,53.2,19.8,8.77,5,1.0,5,2023
2023-05-28,Patna,25.5941,85.1376,243.1,139.0,227.3,61.1,20.8,11.85,5,1.0,5,2023
2023-05-28,Ahmedabad,23.0225,72.5714,180.8,106.8,160.5,40.3,19.2,8.39,5,1.0,5,2023
2023-05-29,Delhi,28.6139,77.209,107.5,62.6,104.6,25.3,14.2,5.8,5,1.0,5,2023
2023-05-29,Mumbai,19.076,72.8777,153.6,91.5,137.7,37.3,14.8,8.21,5,1.0,5,2023
2023-05-29,Chennai,13.0827,80.2707,66.6,34.6,51.0,24.8,7.7,3.63,5,1.0,5,2023
2023-05-29,Kolkata,22.5726,88.3639,127.1,79.4,113.5,32.6,10.8,6.52,5,1.0,5,2023
2023-05-29,Bengaluru,12.9716,77.5946,87.3,48.6,84.4,15.7,9.9,5.05,5,1.0,5,2023
2023-05-29,Hyderabad,17.385,78.4867,89.2,49.4,78.5,23.4,8.6,4.89,5,1.0,5,2023
2023-05-29,Puducherry,11.9416,79.8083,110.3,63.6,85.5,30.9,14.4,5.91,5,1.0,5,2023
2023-05-29,Lucknow,26.8467,80.9462,149.3,89.0,125.4,39.9,12.2,7.16,5,1.0,5,2023
2023-05-29,Patna,25.5941,85.1376,169.7,102.5,149.8,43.1,17.0,7.5,5,1.0,5,2023
2023-05-29,Ahmedabad,23.0225,72.5714,188.2,112.7,161.5,56.0,19.8,9.26,5,1.0,5,2023
2023-05-30,Delhi,28.6139,77.209,393.2,245.1,352.7,99.7,37.3,19.51,5,1.0,5,2023
2023-05-30,Mumbai,19.076,72.8777,132.0,80.1,121.5,35.2,13.7,5.39,5,1.0,5,2023
2023-05-30,Chennai,13.0827,80.2707,66.5,37.2,57.6,20.8,4.3,2.97,5,1.0,5,2023
2023-05-30,Kolkata,22.5726,88.3639,227.7,135.1,208.6,56.4,23.3,11.16,5,1.0,5,2023
2023-05-30,Bengaluru,12.9716,77.5946,120.0,64.3,105.1,31.2,13.1,7.49,5,1.0,5,2023
2023-05-30,Hyderabad,17.385,78.4867,106.3,71.2,90.4,31.9,12.3,4.4,5,1.0,5,2023
2023-05-30,Puducherry,11.9416,79.8083,81.1,48.4,78.0,19.4,7.5,5.42,5,1.0,5,2023
2023-05-30,Lucknow,26.8467,80.9462,213.6,132.3,190.4,60.1,20.0,10.07,5,1.0,5,2023
2023-05-30,Patna,25.5941,85.1376,346.7,205.8,324.8,90.2,34.4,15.52,5,1.0,5,2023
2023-05-30,Ahmedabad,23.0225,72.5714,159.1,96.0,152.5,46.1,14.5,8.76,5,1.0,5,2023
2023-05-31,Delhi,28.6139,77.209,341.2,210.1,311.1,77.5,33.8,15.9,5,1.0,5,2023
2023-05-31,Mumbai,19.076,72.8777,131.9,84.0,121.2,37.6,13.9,5.3,5,1.0,5,2023
2023-05-31,Chennai,13.0827,80.2707,27.0,16.9,22.6,2.8,0.0,0.62,5,1.0,5,2023
2023-05-31,Kolkata,22.5726,88.3639,170.3,105.5,154.8,49.0,15.0,9.4,5,1.0,5,2023
2023-05-31,Bengaluru,12.9716,77.5946,101.4,64.3,87.8,29.6,10.7,4.39,5,1.0,5,2023
2023-05-31,Hyderabad,17.385,78.4867,119.6,70.6,111.6,25.2,11.9,6.38,5,1.0,5,2023
2023-05-31,Puducherry,11.9416,79.8083,75.7,52.2,74.3,18.9,8.0,4.08,5,1.0,5,2023
2023-05-31,Lucknow,26.8467,80.9462,246.2,138.6,219.2,55.6,27.2,12.25,5,1.0,5,2023
2023-05-31,Patna,25.5941,85.1376,226.5,140.4,207.2,52.1,22.5,10.99,5,1.0,5,2023
2023-05-31,Ahmedabad,23.0225,72.5714,81.5,45.4,71.9,19.9,5.2,5.23,5,1.0,5,2023
2023-06-01,Delhi,28.6139,77.209,187.8,112.9,172.2,43.8,19.7,9.02,6,0.7,6,2023
2023-06-01,Mumbai,19.076,72.8777,62.1,40.1,67.8,18.4,8.1,2.58,6,0.7,6,2023
2023-06-01,Chennai,13.0827,80.2707,23.1,21.3,37.2,11.9,1.6,0.0,6,0.7,6,2023
2023-06-01,Kolkata,22.5726,88.3639,72.7,35.2,64.6,24.6,7.0,3.94,6,0.7,6,2023
2023-06-01,Bengaluru,12.9716,77.5946,111.3,64.8,116.5,35.8,10.9,4.99,6,0.7,6,2023
2023-06-01,Hyderabad,17.385,78.4867,108.4,63.3,88.3,32.2,13.3,5.58,6,0.7,6,2023
2023-06-01,Puducherry,11.9416,79.8083,27.2,10.2,25.3,4.8,2.0,2.38,6,0.7,6,2023
2023-06-01,Lucknow,26.8467,80.9462,201.7,127.9,173.6,49.1,21.7,10.53,6,0.7,6,2023
2023-06-01,Patna,25.5941,85.1376,275.3,167.3,262.6,71.0,29.7,13.44,6,0.7,6,2023
2023-06-01,Ahmedabad,23.0225,72.5714,112.6,72.1,114.2,31.1,11.1,7.01,6,0.7,6,2023
2023-06-02,Delhi,28.6139,77.209,20.6,5.2,24.0,5.2,3.3,1.09,6,0.7,6,2023
2023-06-02,Mumbai,19.076,72.8777,120.8,68.4,113.3,34.2,14.5,8.05,6,0.7,6,2023
2023-06-02,Chennai,13.0827,80.2707,69.1,42.8,50.0,15.1,6.5,4.51,6,0.7,6,2023
2023-06-02,Kolkata,22.5726,88.3639,95.4,61.2,85.8,23.1,10.0,4.38,6,0.7,6,2023
2023-06-02,Bengaluru,12.9716,77.5946,57.1,25.7,49.4,12.4,4.7,3.27,6,0.7,6,2023
2023-06-02,Hyderabad,17.385,78.4867,107.1,65.4,104.4,29.1,10.1,4.89,6,0.7,6,2023
2023-06-02,Puducherry,11.9416,79.8083,58.8,38.1,64.1,19.5,4.8,2.84,6,0.7,6,2023
2023-06-02,Lucknow,26.8467,80.9462,197.6,123.9,185.4,49.1,17.3,8.88,6,0.7,6,2023
2023-06-02,Patna,25.5941,85.1376,187.1,114.0,159.6,47.0,20.0,8.2,6,0.7,6,2023
2023-06-02,Ahmedabad,23.0225,72.5714,161.7,95.1,155.6,38.3,14.1,7.63,6,0.7,6,2023
2023-06-03,Delhi,28.6139,77.209,188.4,111.1,167.8,48.4,18.5,9.35,6,0.7,6,2023
2023-06-03,Mumbai,19.076,72.8777,29.6,19.7,25.9,13.8,1.1,0.0,6,0.7,6,2023
2023-06-03,Chennai,13.0827,80.2707,78.5,48.8,62.6,13.5,10.9,5.34,6,0.7,6,2023
2023-06-03,Kolkata,22.5726,88.3639,10.0,3.7,22.3,0.6,0.0,0.22,6,0.7,6,2023
2023-06-03,Bengaluru,12.9716,77.5946,36.4,13.3,41.2,1.7,4.1,2.71,6,0.7,6,2023
2023-06-03,Hyderabad,17.385,78.4867,33.2,15.3,39.6,10.4,2.1,2.86,6,0.7,6,2023
2023-06-03,Puducherry,11.9416,79.8083,76.6,47.3,61.7,17.5,8.2,3.64,6,0.7,6,2023
2023-06-03,Lucknow,26.8467,80.9462,215.0,121.4,181.5,54.5,20.5,10.12,6,0.7,6,2023
2023-06-03,Patna,25.5941,85.1376,44.2,26.6,39.4,13.7,4.6,2.08,6,0.7,6,2023
2023-06-03,Ahmedabad,23.0225,72.5714,165.0,92.4,152.8,34.6,14.8,7.04,6,0.7,6,2023
2023-06-04,Delhi,28.6139,77.209,258.6,154.8,232.6,60.2,25.3,12.17,6,0.7,6,2023
2023-06-04,Mumbai,19.076,72.8777,113.3,63.0,112.6,21.6,9.7,7.34,6,0.7,6,2023
2023-06-04,Chennai,13.0827,80.2707,52.1,24.7,48.6,11.1,3.5,1.51,6,0.7,6,2023
2023-06-04,Kolkata,22.5726,88.3639,264.4,157.4,222.6,72.1,27.7,12.45,6,0.7,6,2023
2023-06-04,Bengaluru,12.9716,77.5946,42.0,28.6,35.8,2.8,7.8,1.67,6,0.7,6,2023
2023-06-04,Hyderabad,17.385,78.4867,136.3,88.2,114.7,38.2,12.3,4.95,6,0.7,6,2023
2023-06-04,Puducherry,11.9416,79.8083,44.0,28.4,35.9,9.8,6.7,2.31,6,0.7,6,2023
2023-06-04,Lucknow,26.8467,80.9462,99.2,63.0,90.9,14.7,10.8,5.35,6,0.7,6,2023
2023-06-04,Patna,25.5941,85.1376,169.4,106.1,147.1,43.7,13.8,8.88,6,0.7,6,2023
2023-06-04,Ahmedabad,23.0225,72.5714,199.9,115.0,173.8,47.1,20.2,8.93,6,0.7,6,2023
2023-06-05,Delhi,28.6139,77.209,229.7,142.1,211.0,50.4,25.0,12.42,6,0.7,6,2023
2023-06-05,Mumbai,19.076,72.8777,131.2,80.6,119.8,36.9,17.0,5.61,6,0.7,6,2023
2023-06-05,Chennai,13.0827,80.2707,90.0,53.6,80.0,16.4,8.4,3.5,6,0.7,6,2023
2023-06-05,Kolkata,22.5726,88.3639,102.8,56.2,88.9,24.1,10.5,3.53,6,0.7,6,2023
2023-06-05,Bengaluru,12.9716,77.5946,26.6,17.8,17.6,10.9,3.1,1.94,6,0.7,6,2023
2023-06-05,Hyderabad,17.385,78.4867,133.4,78.5,115.5,36.8,14.4,6.48,6,0.7,6,2023
2023-06-05,Puducherry,11.9416,79.8083,80.3,47.1,72.5,20.2,6.2,4.09,6,0.7,6,2023
2023-06-05,Lucknow,26.8467,80.9462,244.8,149.1,220.6,60.6,25.1,12.99,6,0.7,6,2023
2023-06-05,Patna,25.5941,85.1376,210.6,124.7,192.1,54.6,19.0,10.7,6,0.7,6,2023
2023-06-05,Ahmedabad,23.0225,72.5714,14.7,11.2,18.5,6.7,0.7,1.04,6,0.7,6,2023
2023-06-06,Delhi,28.6139,77.209,309.9,193.0,278.7,78.0,33.2,13.99,6,0.7,6,2023
2023-06-06,Mumbai,19.076,72.8777,85.1,57.7,84.4,22.8,5.5,4.21,6,0.7,6,2023
2023-06-06,Chennai,13.0827,80.2707,48.3,30.6,37.0,8.0,0.7,3.64,6,0.7,6,2023
2023-06-06,Kolkata,22.5726,88.3639,106.0,64.4,95.4,22.2,8.1,4.29,6,0.7,6,2023
2023-06-06,Bengaluru,12.9716,77.5946,48.3,30.8,37.1,19.1,6.9,3.22,6,0.7,6,2023
2023-06-06,Hyderabad,17.385,78.4867,79.8,55.5,70.1,19.8,8.3,4.69,6,0.7,6,2023
2023-06-06,Puducherry,11.9416,79.8083,65.2,36.7,54.4,18.9,8.0,2.87,6,0.7,6,2023
2023-06-06,Lucknow,26.8467,80.9462,50.8,29.4,50.7,19.9,2.7,2.11,6,0.7,6,2023
2023-06-06,Patna,25.5941,85.1376,140.7,91.2,126.4,31.5,15.2,6.63,6,0.7,6,2023
2023-06-06,Ahmedabad,23.0225,72.5714,56.9,29.7,65.1,15.8,5.9,2.6,6,0.7,6,2023
2023-06-07,Delhi,28.6139,77.209,219.4,133.0,199.8,55.3,23.7,10.99,6,0.7,6,2023
2023-06-07,Mumbai,19.076,72.8777,58.9,32.3,37.2,22.8,7.6,2.11,6,0.7,6,2023
2023-06-07,Chennai,13.0827,80.2707,56.0,30.4,62.7,8.3,5.8,2.69,6,0.7,6,2023
2023-06-07,Kolkata,22.5726,88.3639,167.3,99.9,136.5,40.8,14.8,8.44,6,0.7,6,2023
2023-06-07,Bengaluru,12.9716,77.5946,113.0,59.1,95.3,26.0,10.5,6.39,6,0.7,6,2023
2023-06-07,Hyderabad,17.385,78.4867,77.9,48.8,65.1,20.4,9.3,3.16,6,0.7,6,2023
2023-06-07,Puducherry,11.9416,79.8083,68.1,41.1,69.7,16.2,7.6,3.36,6,0.7,6,2023
2023-06-07,Lucknow,26.8467,80.9462,147.7,89.9,137.2,31.9,17.6,5.53,6,0.7,6,2023
2023-06-07,Patna,25.5941,85.1376,120.1,71.6,111.4,36.3,8.3,5.5,6,0.7,6,2023
2023-06-07,Ahmedabad,23.0225,72.5714,16.3,9.9,16.8,10.4,1.9,1.86,6,0.7,6,2023
2023-06-08,Delhi,28.6139,77.209,242.7,143.4,207.2,61.8,21.3,13.43,6,0.7,6,2023
2023-06-08,Mumbai,19.076,72.8777,91.5,60.9,78.5,24.0,9.6,4.53,6,0.7,6,2023
2023-06-08,Chennai,13.0827,80.2707,52.2,33.3,39.6,8.2,7.7,3.34,6,0.7,6,2023
2023-06-08,Kolkata,22.5726,88.3639,129.3,85.9,114.2,37.6,13.3,5.44,6,0.7,6,2023
2023-06-08,Bengaluru,12.9716,77.5946,125.4,80.2,111.9,34.3,11.7,7.1,6,0.7,6,2023
2023-06-08,Hyderabad,17.385,78.4867,10.0,0.9,16.8,1.5,1.4,0.0,6,0.7,6,2023
2023-06-08,Puducherry,11.9416,79.8083,89.5,59.7,78.9,20.8,11.0,6.46,6,0.7,6,2023
2023-06-08,Lucknow,26.8467,80.9462,216.0,140.5,187.0,50.7,19.2,11.24,6,0.7,6,2023
2023-06-08,Patna,25.5941,85.1376,180.3,107.4,168.7,50.0,15.0,8.42,6,0.7,6,2023
2023-06-08,Ahmedabad,23.0225,72.5714,148.9,87.0,127.6,41.3,12.3,7.14,6,0.7,6,2023
2023-06-09,Delhi,28.6139,77.209,222.3,130.5,206.3,53.3,25.0,10.99,6,0.7,6,2023
2023-06-09,Mumbai,19.076,72.8777,124.9,78.7,107.4,23.0,13.2,6.32,6,0.7,6,2023
2023-06-09,Chennai,13.0827,80.2707,76.9,45.0,65.8,27.3,4.7,4.58,6,0.7,6,2023
2023-06-09,Kolkata,22.5726,88.3639,97.3,56.7,85.0,21.1,10.9,6.26,6,0.7,6,2023
2023-06-09,Bengaluru,12.9716,77.5946,84.1,51.0,67.8,23.1,12.7,3.82,6,0.7,6,2023
2023-06-09,Hyderabad,17.385,78.4867,70.8,39.7,59.8,6.7,7.9,2.69,6,0.7,6,2023
2023-06-09,Puducherry,11.9416,79.8083,20.3,15.9,9.6,3.7,5.0,0.0,6,0.7,6,2023
2023-06-09,Lucknow,26.8467,80.9462,54.4,34.0,58.2,7.3,6.3,3.3,6,0.7,6,2023
2023-06-09,Patna,25.5941,85.1376,23.9,18.3,28.5,4.7,4.9,2.33,6,0.7,6,2023
2023-06-09,Ahmedabad,23.0225,72.5714,116.6,67.7,97.2,29.0,12.8,5.51,6,0.7,6,2023
2023-06-10,Delhi,28.6139,77.209,20.2,18.5,19.7,3.5,3.7,2.53,6,0.7,6,2023
2023-06-10,Mumbai,19.076,72.8777,10.0,8.2,0.0,4.5,1.3,1.14,6,0.7,6,2023
2023-06-10,Chennai,13.0827,80.2707,50.5,20.9,41.8,14.3,7.1,1.35,6,0.7,6,2023
2023-06-10,Kolkata,22.5726,88.3639,177.4,103.2,162.6,42.3,18.1,9.76,6,0.7,6,2023
2023-06-10,Bengaluru,12.9716,77.5946,33.2,16.5,31.4,17.9,1.6,3.7,6,0.7,6,2023
2023-06-10,Hyderabad,17.385,78.4867,154.2,92.0,136.4,35.8,15.3,6.3,6,0.7,6,2023
2023-06-10,Puducherry,11.9416,79.8083,51.0,38.1,41.0,11.8,1.7,2.92,6,0.7,6,2023
2023-06-10,Lucknow,26.8467,80.9462,171.2,103.0,152.3,41.6,18.1,8.53,6,0.7,6,2023
2023-06-10,Patna,25.5941,85.1376,190.0,115.1,180.0,50.2,19.4,11.02,6,0.7,6,2023
2023-06-10,Ahmedabad,23.0225,72.5714,130.9,85.1,122.7,25.4,15.7,6.68,6,0.7,6,2023
2023-06-11,Delhi,28.6139,77.209,191.8,116.5,169.9,48.9,18.0,10.86,6,0.7,6,2023
2023-06-11,Mumbai,19.076,72.8777,93.5,54.2,76.8,24.5,9.7,5.06,6,0.7,6,2023
2023-06-11,Chennai,13.0827,80.2707,37.3,14.4,38.6,15.3,1.7,3.45,6,0.7,6,2023
2023-06-11,Kolkata,22.5726,88.3639,140.2,84.1,123.0,29.5,16.0,6.23,6,0.7,6,2023
2023-06-11,Bengaluru,12.9716,77.5946,46.6,32.9,26.9,5.6,4.6,2.62,6,0.7,6,2023
2023-06-11,Hyderabad,17.385,78.4867,101.0,59.1,111.1,24.3,9.6,4.25,6,0.7,6,2023
2023-06-11,Puducherry,11.9416,79.8083,55.0,36.1,59.1,7.8,5.0,3.2,6,0.7,6,2023
2023-06-11,Lucknow,26.8467,80.9462,192.2,115.4,177.3,44.8,22.3,10.6,6,0.7,6,2023
2023-06-11,Patna,25.5941,85.1376,73.9,39.0,58.1,21.2,4.8,3.36,6,0.7,6,2023
2023-06-11,Ahmedabad,23.0225,72.5714,132.5,79.2,121.3,28.9,14.4,6.01,6,0.7,6,2023
2023-06-12,Delhi,28.6139,77.209,170.0,103.2,153.8,42.6,15.5,8.2,6,0.7,6,2023
2023-06-12,Mumbai,19.076,72.8777,98.1,52.0,84.6,26.1,7.3,6.06,6,0.7,6,2023
2023-06-12,Chennai,13.0827,80.2707,94.7,50.6,96.1,23.1,10.3,4.24,6,0.7,6,2023
2023-06-12,Kolkata,22.5726,88.3639,172.2,105.4,148.5,38.4,14.3,8.8,6,0.7,6,2023
2023-06-12,Bengaluru,12.9716,77.5946,87.2,55.6,77.5,17.2,7.4,5.51,6,0.7,6,2023
2023-06-12,Hyderabad,17.385,78.4867,67.0,40.9,51.7,18.1,5.8,4.4,6,0.7,6,2023
2023-06-12,Puducherry,11.9416,79.8083,68.0,38.3,60.2,14.8,4.0,2.54,6,0.7,6,2023
2023-06-12,Lucknow,26.8467,80.9462,166.9,101.8,151.4,40.5,18.6,8.41,6,0.7,6,2023
2023-06-12,Patna,25.5941,85.1376,217.2,121.5,164.1,55.4,18.9,10.65,6,0.7,6,2023
2023-06-12,Ahmedabad,23.0225,72.5714,98.4,67.0,91.8,25.3,11.5,5.29,6,0.7,6,2023
2023-06-13,Delhi,28.6139,77.209,159.4,101.0,134.6,41.1,12.8,8.17,6,0.7,6,2023
2023-06-13,Mumbai,19.076,72.8777,105.7,71.8,82.6,24.0,12.2,5.62,6,0.7,6,2023
2023-06-13,Chennai,13.0827,80.2707,67.5,35.7,56.0,21.9,6.6,3.75,6,0.7,6,2023
2023-06-13,Kolkata,22.5726,88.3639,120.2,66.2,115.7,32.1,16.6,4.99,6,0.7,6,2023
2023-06-13,Bengaluru,12.9716,77.5946,94.7,50.3,86.5,27.6,5.3,4.53,6,0.7,6,2023
2023-06-13,Hyderabad,17.385,78.4867,64.3,35.1,61.0,20.6,6.2,3.42,6,0.7,6,2023
2023-06-13,Puducherry,11.9416,79.8083,54.8,32.9,40.6,18.1,6.1,3.13,6,0.7,6,2023
2023-06-13,Lucknow,26.8467,80.9462,101.6,58.7,90.0,19.3,6.8,4.48,6,0.7,6,2023
2023-06-13,Patna,25.5941,85.1376,204.6,119.5,176.0,47.9,19.5,9.88,6,0.7,6,2023
2023-06-13,Ahmedabad,23.0225,72.5714,209.4,130.9,196.7,57.0,18.9,9.25,6,0.7,6,2023
2023-06-14,Delhi,28.6139,77.209,107.5,71.2,92.4,21.9,9.9,5.14,6,0.7,6,2023
2023-06-14,Mumbai,19.076,72.8777,108.7,66.5,91.2,29.9,9.6,5.28,6,0.7,6,2023
2023-06-14,Chennai,13.0827,80.2707,80.2,44.9,67.6,22.4,6.3,3.63,6,0.7,6,2023
2023-06-14,Kolkata,22.5726,88.3639,153.8,102.6,143.3,40.3,16.4,6.62,6,0.7,6,2023
2023-06-14,Bengaluru,12.9716,77.5946,73.5,44.0,68.7,18.8,8.1,3.36,6,0.7,6,2023
2023-06-14,Hyderabad,17.385,78.4867,86.1,45.5,74.9,27.1,9.2,4.28,6,0.7,6,2023
2023-06-14,Puducherry,11.9416,79.8083,90.4,47.4,72.5,29.5,9.1,4.28,6,0.7,6,2023
2023-06-14,Lucknow,26.8467,80.9462,76.1,47.9,72.8,14.6,7.3,3.47,6,0.7,6,2023
2023-06-14,Patna,25.5941,85.1376,185.9,105.9,177.3,50.1,17.9,9.08,6,0.7,6,2023
2023-06-14,Ahmedabad,23.0225,72.5714,105.9,59.6,91.8,25.4,13.8,6.24,6,0.7,6,2023
2023-06-15,Delhi,28.6139,77.209,270.8,164.3,234.8,67.5,29.0,12.28,6,0.7,6,2023
2023-06-15,Mumbai,19.076,72.8777,123.5,85.7,119.6,36.5,12.8,7.14,6,0.7,6,2023
2023-06-15,Chennai,13.0827,80.2707,45.1,31.0,45.8,12.4,7.1,1.72,6,0.7,6,2023
2023-06-15,Kolkata,22.5726,88.3639,116.6,70.4,96.7,30.1,8.2,6.88,6,0.7,6,2023
2023-06-15,Bengaluru,12.9716,77.5946,71.4,40.2,57.6,16.9,8.5,4.12,6,0.7,6,2023
2023-06-15,Hyderabad,17.385,78.4867,59.3,31.3,58.6,11.9,6.0,3.09,6,0.7,6,2023
2023-06-15,Puducherry,11.9416,79.8083,58.7,39.5,42.7,7.0,4.7,4.74,6,0.7,6,2023
2023-06-15,Lucknow,26.8467,80.9462,285.4,180.4,255.3,64.2,23.9,13.66,6,0.7,6,2023
2023-06-15,Patna,25.5941,85.1376,154.1,99.0,145.6,39.4,13.6,6.74,6,0.7,6,2023
2023-06-15,Ahmedabad,23.0225,72.5714,123.4,77.5,114.2,26.7,13.6,6.6,6,0.7,6,2023
2023-06-16,Delhi,28.6139,77.209,110.3,62.3,104.8,26.6,14.2,6.02,6,0.7,6,2023
2023-06-16,Mumbai,19.076,72.8777,78.5,47.0,71.2,16.7,6.0,4.63,6,0.7,6,2023
2023-06-16,Chennai,13.0827,80.2707,84.1,53.5,87.8,18.9,11.8,3.3,6,0.7,6,2023
2023-06-16,Kolkata,22.5726,88.3639,75.4,36.4,64.3,16.8,8.6,4.01,6,0.7,6,2023
2023-06-16,Bengaluru,12.9716,77.5946,34.2,18.6,27.8,1.4,1.5,0.94,6,0.7,6,2023
2023-06-16,Hyderabad,17.385,78.4867,134.2,81.5,126.1,27.6,15.8,8.01,6,0.7,6,2023
2023-06-16,Puducherry,11.9416,79.8083,12.5,4.0,15.2,5.7,0.0,0.32,6,0.7,6,2023
2023-06-16,Lucknow,26.8467,80.9462,115.2,69.7,113.3,25.7,13.5,4.98,6,0.7,6,2023
2023-06-16,Patna,25.5941,85.1376,108.7,69.3,105.2,30.6,8.2,4.97,6,0.7,6,2023
2023-06-16,Ahmedabad,23.0225,72.5714,149.0,89.6,125.5,39.1,13.5,9.24,6,0.7,6,2023
2023-06-17,Delhi,28.6139,77.209,319.6,194.8,298.5,80.2,33.5,17.46,6,0.7,6,2023
2023-06-17,Mumbai,19.076,72.8777,107.8,63.4,83.4,26.6,12.4,6.34,6,0.7,6,2023
2023-06-17,Chennai,13.0827,80.2707,75.6,42.7,52.2,16.9,7.0,3.47,6,0.7,6,2023
2023-06-17,Kolkata,22.5726,88.3639,156.9,104.1,142.2,38.4,15.2,7.97,6,0.7,6,2023
2023-06-17,Bengaluru,12.9716,77.5946,45.2,27.7,44.3,12.1,5.4,2.69,6,0.7,6,2023
2023-06-17,Hyderabad,17.385,78.4867,22.0,16.4,14.4,1.1,0.0,1.53,6,0.7,6,2023
2023-06-17,Puducherry,11.9416,79.8083,48.0,20.4,47.0,6.2,5.1,2.64,6,0.7,6,2023
2023-06-17,Lucknow,26.8467,80.9462,211.6,135.9,179.5,52.7,20.6,11.01,6,0.7,6,2023
2023-06-17,Patna,25.5941,85.1376,183.1,108.1,161.3,41.3,20.3,9.61,6,0.7,6,2023
2023-06-17,Ahmedabad,23.0225,72.5714,153.3,90.4,132.7,34.0,16.0,6.63,6,0.7,6,2023
2023-06-18,Delhi,28.6139,77.209,343.9,199.8,311.7,92.2,35.6,17.37,6,0.7,6,2023
2023-06-18,Mumbai,19.076,72.8777,59.3,28.7,59.5,20.8,5.1,1.83,6,0.7,6,2023
2023-06-18,Chennai,13.0827,80.2707,10.0,1.1,8.1,8.9,2.3,0.81,6,0.7,6,2023
2023-06-18,Kolkata,22.5726,88.3639,106.0,60.7,106.6,27.3,6.4,4.63,6,0.7,6,2023
2023-06-18,Bengaluru,12.9716,77.5946,44.3,23.8,44.4,10.6,4.3,3.53,6,0.7,6,2023
2023-06-18,Hyderabad,17.385,78.4867,59.6,45.1,48.3,15.3,5.4,3.1,6,0.7,6,2023
2023-06-18,Puducherry,11.9416,79.8083,61.4,39.0,49.2,10.9,11.1,2.59,6,0.7,6,2023
2023-06-18,Lucknow,26.8467,80.9462,199.4,111.6,177.2,49.3,20.9,7.25,6,0.7,6,2023
2023-06-18,Patna,25.5941,85.1376,179.6,102.0,164.2,40.8,16.2,8.71,6,0.7,6,2023
2023-06-18,Ahmedabad,23.0225,72.5714,64.6,36.4,48.6,8.8,8.5,1.93,6,0.7,6,2023
2023-06-19,Delhi,28.6139,77.209,181.7,112.8,158.6,42.1,18.6,10.2,6,0.7,6,2023
2023-06-19,Mumbai,19.076,72.8777,51.2,30.0,32.2,11.2,5.2,1.71,6,0.7,6,2023
2023-06-19,Chennai,13.0827,80.2707,51.6,23.9,47.1,17.1,3.0,1.96,6,0.7,6,2023
2023-06-19,Kolkata,22.5726,88.3639,151.1,96.7,124.0,37.1,15.7,7.45,6,0.7,6,2023
2023-06-19,Bengaluru,12.9716,77.5946,10.0,8.5,21.2,3.0,0.0,0.0,6,0.7,6,2023
2023-06-19,Hyderabad,17.385,78.4867,145.9,92.1,136.4,37.9,13.3,7.09,6,0.7,6,2023
2023-06-19,Puducherry,11.9416,79.8083,50.9,33.3,57.9,17.2,2.3,2.77,6,0.7,6,2023
2023-06-19,Lucknow,26.8467,80.9462,201.9,124.2,176.7,62.1,17.6,9.01,6,0.7,6,2023
2023-06-19,Patna,25.5941,85.1376,184.4,121.2,159.3,45.0,20.6,9.2,6,0.7,6,2023
2023-06-19,Ahmedabad,23.0225,72.5714,96.9,61.0,89.4,28.3,12.3,5.15,6,0.7,6,2023
2023-06-20,Delhi,28.6139,77.209,219.3,132.7,201.3,55.0,21.9,12.16,6,0.7,6,2023
2023-06-20,Mumbai,19.076,72.8777,158.6,87.6,142.8,36.9,15.2,8.33,6,0.7,6,2023
2023-06-20,Chennai,13.0827,80.2707,79.7,47.3,56.4,16.1,9.8,1.24,6,0.7,6,2023
2023-06-20,Kolkata,22.5726,88.3639,185.4,113.8,177.4,45.6,14.4,9.7,6,0.7,6,2023
2023-06-20,Bengaluru,12.9716,77.5946,108.2,69.5,92.1,27.4,9.8,4.59,6,0.7,6,2023
2023-06-20,Hyderabad,17.385,78.4867,117.4,64.5,98.5,24.9,8.8,6.02,6,0.7,6,2023
2023-06-20,Puducherry,11.9416,79.8083,75.7,44.5,56.1,22.3,10.9,3.14,6,0.7,6,2023
2023-06-20,Lucknow,26.8467,80.9462,122.9,76.3,123.6,28.6,9.6,6.78,6,0.7,6,2023
2023-06-20,Patna,25.5941,85.1376,223.9,134.4,197.0,60.0,23.4,10.43,6,0.7,6,2023
2023-06-20,Ahmedabad,23.0225,72.5714,114.2,61.8,108.3,27.5,10.5,5.68,6,0.7,6,2023
2023-06-21,Delhi,28.6139,77.209,199.2,124.0,184.0,49.2,21.4,10.36,6,0.7,6,2023
2023-06-21,Mumbai,19.076,72.8777,80.9,47.9,71.6,22.2,7.4,3.65,6,0.7,6,2023
2023-06-21,Chennai,13.0827,80.2707,112.2,72.0,94.9,30.3,11.5,6.0,6,0.7,6,2023
2023-06-21,Kolkata,22.5726,88.3639,132.9,85.7,122.4,33.0,15.4,6.88,6,0.7,6,2023
2023-06-21,Bengaluru,12.9716,77.5946,73.6,45.7,65.5,18.4,6.2,2.93,6,0.7,6,2023
2023-06-21,Hyderabad,17.385,78.4867,49.1,22.5,37.2,11.6,5.1,2.18,6,0.7,6,2023
2023-06-21,Puducherry,11.9416,79.8083,10.0,13.9,17.7,4.3,4.8,0.0,6,0.7,6,2023
2023-06-21,Lucknow,26.8467,80.9462,276.7,161.2,250.9,64.1,27.7,14.22,6,0.7,6,2023
2023-06-21,Patna,25.5941,85.1376,157.2,97.9,142.3,37.2,14.6,8.67,6,0.7,6,2023
2023-06-21,Ahmedabad,23.0225,72.5714,82.6,54.1,84.1,14.0,10.5,6.19,6,0.7,6,2023
2023-06-22,Delhi,28.6139,77.209,216.2,132.7,202.9,52.9,22.0,9.5,6,0.7,6,2023
2023-06-22,Mumbai,19.076,72.8777,103.5,64.6,97.3,30.1,8.8,4.64,6,0.7,6,2023
2023-06-22,Chennai,13.0827,80.2707,110.4,65.5,101.0,27.3,9.4,7.14,6,0.7,6,2023
2023-06-22,Kolkata,22.5726,88.3639,99.6,54.1,86.0,16.9,8.7,4.01,6,0.7,6,2023
2023-06-22,Bengaluru,12.9716,77.5946,88.5,49.7,86.8,27.7,10.4,4.21,6,0.7,6,2023
2023-06-22,Hyderabad,17.385,78.4867,88.9,45.7,78.9,18.8,10.3,7.02,6,0.7,6,2023
2023-06-22,Puducherry,11.9416,79.8083,62.5,27.5,53.4,16.1,6.4,2.39,6,0.7,6,2023
2023-06-22,Lucknow,26.8467,80.9462,169.9,95.7,145.4,45.1,15.0,9.03,6,0.7,6,2023
2023-06-22,Patna,25.5941,85.1376,72.1,52.1,58.7,17.1,7.9,3.04,6,0.7,6,2023
2023-06-22,Ahmedabad,23.0225,72.5714,118.5,74.0,114.3,32.8,11.5,5.78,6,0.7,6,2023
2023-06-23,Delhi,28.6139,77.209,383.9,235.1,338.1,96.4,37.7,19.06,6,0.7,6,2023
2023-06-23,Mumbai,19.076,72.8777,48.8,27.2,58.4,14.5,0.0,3.66,6,0.7,6,2023
2023-06-23,Chennai,13.0827,80.2707,90.2,52.3,86.9,19.1,8.1,6.01,6,0.7,6,2023
2023-06-23,Kolkata,22.5726,88.3639,112.4,58.1,100.7,27.8,13.6,5.63,6,0.7,6,2023
2023-06-23,Bengaluru,12.9716,77.5946,57.4,39.7,52.6,11.3,8.0,3.06,6,0.7,6,2023
2023-06-23,Hyderabad,17.385,78.4867,84.1,51.3,67.1,18.9,8.4,4.01,6,0.7,6,2023
2023-06-23,Puducherry,11.9416,79.8083,77.9,47.8,76.9,19.5,9.9,4.29,6,0.7,6,2023
2023-06-23,Lucknow,26.8467,80.9462,154.9,92.9,131.8,40.8,15.4,7.24,6,0.7,6,2023
2023-06-23,Patna,25.5941,85.1376,245.5,141.0,217.6,65.5,25.2,12.23,6,0.7,6,2023
2023-06-23,Ahmedabad,23.0225,72.5714,123.3,74.9,98.8,29.4,15.6,5.51,6,0.7,6,2023
2023-06-24,Delhi,28.6139,77.209,170.5,99.6,152.8,40.3,18.0,8.72,6,0.7,6,2023
2023-06-24,Mumbai,19.076,72.8777,128.9,72.1,113.3,31.3,13.8,5.65,6,0.7,6,2023
2023-06-24,Chennai,13.0827,80.2707,85.9,57.5,69.4,19.5,7.5,6.93,6,0.7,6,2023
2023-06-24,Kolkata,22.5726,88.3639,104.5,71.1,83.9,22.2,9.1,4.38,6,0.7,6,2023
2023-06-24,Bengaluru,12.9716,77.5946,62.0,33.7,49.2,20.1,8.6,4.05,6,0.7,6,2023
2023-06-24,Hyderabad,17.385,78.4867,102.3,61.8,88.1,21.8,11.0,3.94,6,0.7,6,2023
2023-06-24,Puducherry,11.9416,79.8083,32.6,25.3,44.5,9.7,5.5,1.38,6,0.7,6,2023
2023-06-24,Lucknow,26.8467,80.9462,67.1,43.3,64.9,17.1,6.2,4.32,6,0.7,6,2023
2023-06-24,Patna,25.5941,85.1376,99.0,55.5,81.0,25.1,7.7,4.27,6,0.7,6,2023
2023-06-24,Ahmedabad,23.0225,72.5714,80.2,46.8,60.3,20.4,10.5,4.15,6,0.7,6,2023
2023-06-25,Delhi,28.6139,77.209,319.3,198.2,293.6,80.1,32.0,16.73,6,0.7,6,2023
2023-06-25,Mumbai,19.076,72.8777,82.3,40.0,78.0,16.1,6.3,4.12,6,0.7,6,2023
2023-06-25,Chennai,13.0827,80.2707,60.6,29.3,55.9,19.0,3.8,4.3,6,0.7,6,2023
2023-06-25,Kolkata,22.5726,88.3639,48.0,39.4,39.9,12.6,1.0,2.34,6,0.7,6,2023
2023-06-25,Bengaluru,12.9716,77.5946,76.9,45.7,64.7,15.4,10.0,3.88,6,0.7,6,2023
2023-06-25,Hyderabad,17.385,78.4867,137.9,80.1,120.6,37.7,10.5,5.68,6,0.7,6,2023
2023-06-25,Puducherry,11.9416,79.8083,74.4,38.8,52.4,26.1,4.7,3.9,6,0.7,6,2023
2023-06-25,Lucknow,26.8467,80.9462,158.5,81.0,140.5,41.4,16.6,8.83,6,0.7,6,2023
2023-06-25,Patna,25.5941,85.1376,140.9,88.1,121.3,29.6,11.5,5.58,6,0.7,6,2023
2023-06-25,Ahmedabad,23.0225,72.5714,157.4,86.9,143.9,38.3,15.5,9.23,6,0.7,6,2023
2023-06-26,Delhi,28.6139,77.209,160.9,99.6,145.1,39.6,20.7,6.6,6,0.7,6,2023
2023-06-26,Mumbai,19.076,72.8777,149.6,93.0,130.8,43.9,11.3,6.96,6,0.7,6,2023
2023-06-26,Chennai,13.0827,80.2707,32.8,21.7,20.6,9.9,2.9,1.16,6,0.7,6,2023
2023-06-26,Kolkata,22.5726,88.3639,145.4,85.9,122.2,47.6,13.6,5.05,6,0.7,6,2023
2023-06-26,Bengaluru,12.9716,77.5946,44.7,20.5,46.8,12.5,5.3,1.86,6,0.7,6,2023
2023-06-26,Hyderabad,17.385,78.4867,74.2,42.7,66.1,21.9,8.1,4.21,6,0.7,6,2023
2023-06-26,Puducherry,11.9416,79.8083,62.5,41.9,58.6,17.1,8.6,2.46,6,0.7,6,2023
2023-06-26,Lucknow,26.8467,80.9462,98.4,53.1,90.0,17.2,10.8,4.81,6,0.7,6,2023
2023-06-26,Patna,25.5941,85.1376,247.4,145.1,221.0,66.3,27.5,11.69,6,0.7,6,2023
2023-06-26,Ahmedabad,23.0225,72.5714,120.2,73.6,111.2,29.0,14.6,4.12,6,0.7,6,2023
2023-06-27,Delhi,28.6139,77.209,162.3,99.6,149.7,46.0,18.6,7.83,6,0.7,6,2023
2023-06-27,Mumbai,19.076,72.8777,150.0,86.4,142.4,44.7,17.4,7.61,6,0.7,6,2023
2023-06-27,Chennai,13.0827,80.2707,54.7,25.2,51.7,9.2,3.9,1.54,6,0.7,6,2023
2023-06-27,Kolkata,22.5726,88.3639,103.0,61.7,94.9,23.3,12.4,4.94,6,0.7,6,2023
2023-06-27,Bengaluru,12.9716,77.5946,46.4,29.0,57.5,12.9,3.9,0.79,6,0.7,6,2023
2023-06-27,Hyderabad,17.385,78.4867,76.3,47.0,65.6,12.4,5.9,5.27,6,0.7,6,2023
2023-06-27,Puducherry,11.9416,79.8083,81.2,44.3,78.5,15.6,10.9,4.31,6,0.7,6,2023
2023-06-27,Lucknow,26.8467,80.9462,215.7,120.8,199.6,53.9,23.3,11.7,6,0.7,6,2023
2023-06-27,Patna,25.5941,85.1376,172.6,100.6,161.6,42.9,15.5,7.71,6,0.7,6,2023
2023-06-27,Ahmedabad,23.0225,72.5714,45.5,24.7,49.8,12.1,3.5,3.08,6,0.7,6,2023
2023-06-28,Delhi,28.6139,77.209,129.4,78.1,115.0,35.5,9.8,5.62,6,0.7,6,2023
2023-06-28,Mumbai,19.076,72.8777,32.5,18.2,38.9,6.1,2.2,2.5,6,0.7,6,2023
2023-06-28,Chennai,13.0827,80.2707,89.7,53.4,86.2,18.1,11.7,6.63,6,0.7,6,2023
2023-06-28,Kolkata,22.5726,88.3639,152.1,80.8,132.4,40.5,14.4,8.88,6,0.7,6,2023
2023-06-28,Bengaluru,12.9716,77.5946,87.6,49.0,79.1,18.3,8.4,3.83,6,0.7,6,2023
2023-06-28,Hyderabad,17.385,78.4867,125.1,85.6,101.1,23.6,12.0,4.74,6,0.7,6,2023
2023-06-28,Puducherry,11.9416,79.8083,53.4,35.8,60.0,14.2,5.0,0.69,6,0.7,6,2023
2023-06-28,Lucknow,26.8467,80.9462,155.7,93.8,145.2,36.1,14.7,6.31,6,0.7,6,2023
2023-06-28,Patna,25.5941,85.1376,10.0,0.5,0.0,3.8,0.0,0.0,6,0.7,6,2023
2023-06-28,Ahmedabad,23.0225,72.5714,67.7,24.5,73.0,12.9,5.9,1.93,6,0.7,6,2023
2023-06-29,Delhi,28.6139,77.209,273.8,165.0,239.8,66.9,30.7,13.62,6,0.7,6,2023
2023-06-29,Mumbai,19.076,72.8777,90.7,49.7,66.5,22.0,9.7,5.63,6,0.7,6,2023
2023-06-29,Chennai,13.0827,80.2707,10.0,0.4,4.4,2.5,0.7,0.38,6,0.7,6,2023
2023-06-29,Kolkata,22.5726,88.3639,146.4,83.3,139.2,38.3,14.0,8.92,6,0.7,6,2023
2023-06-29,Bengaluru,12.9716,77.5946,116.7,74.7,80.9,35.5,13.3,7.84,6,0.7,6,2023
2023-06-29,Hyderabad,17.385,78.4867,127.3,84.3,121.6,37.2,16.7,6.58,6,0.7,6,2023
2023-06-29,Puducherry,11.9416,79.8083,21.1,11.1,22.1,5.6,0.0,0.0,6,0.7,6,2023
2023-06-29,Lucknow,26.8467,80.9462,105.8,67.5,107.9,30.1,12.7,5.21,6,0.7,6,2023
2023-06-29,Patna,25.5941,85.1376,46.1,25.4,39.4,9.5,4.7,2.75,6,0.7,6,2023
2023-06-29,Ahmedabad,23.0225,72.5714,150.4,88.8,120.1,35.7,15.1,8.74,6,0.7,6,2023
2023-06-30,Delhi,28.6139,77.209,150.6,92.9,137.9,37.8,16.9,6.87,6,0.7,6,2023
2023-06-30,Mumbai,19.076,72.8777,75.0,44.9,62.4,20.8,6.1,3.98,6,0.7,6,2023
2023-06-30,Chennai,13.0827,80.2707,60.5,37.4,50.8,13.8,6.2,3.23,6,0.7,6,2023
2023-06-30,Kolkata,22.5726,88.3639,125.8,84.0,105.3,31.2,9.4,6.66,6,0.7,6,2023
2023-06-30,Bengaluru,12.9716,77.5946,36.5,20.5,29.9,10.2,2.5,1.23,6,0.7,6,2023
2023-06-30,Hyderabad,17.385,78.4867,134.3,82.0,116.4,32.6,16.7,6.48,6,0.7,6,2023
2023-06-30,Puducherry,11.9416,79.8083,38.7,19.8,30.4,7.3,1.3,0.81,6,0.7,6,2023
2023-06-30,Lucknow,26.8467,80.9462,100.1,63.0,87.0,24.2,12.6,6.3,6,0.7,6,2023
2023-06-30,Patna,25.5941,85.1376,148.3,85.8,126.6,39.8,14.4,7.03,6,0.7,6,2023
2023-06-30,Ahmedabad,23.0225,72.5714,75.4,41.4,70.4,13.6,9.5,3.24,6,0.7,6,2023
2023-07-01,Delhi,28.6139,77.209,184.0,103.7,165.5,44.7,18.3,10.67,7,0.7,7,2023
2023-07-01,Mumbai,19.076,72.8777,105.1,59.1,88.9,28.7,13.1,5.54,7,0.7,7,2023
2023-07-01,Chennai,13.0827,80.2707,80.2,51.2,83.5,12.3,9.4,4.99,7,0.7,7,2023
2023-07-01,Kolkata,22.5726,88.3639,59.1,31.0,46.4,11.9,4.9,3.2,7,0.7,7,2023
2023-07-01,Bengaluru,12.9716,77.5946,96.0,63.0,79.7,20.6,12.2,5.45,7,0.7,7,2023
2023-07-01,Hyderabad,17.385,78.4867,86.9,54.5,78.0,23.8,8.0,4.61,7,0.7,7,2023
2023-07-01,Puducherry,11.9416,79.8083,22.3,9.9,14.7,4.1,0.4,0.58,7,0.7,7,2023
2023-07-01,Lucknow,26.8467,80.9462,55.6,36.1,49.4,7.1,3.9,3.12,7,0.7,7,2023
2023-07-01,Patna,25.5941,85.1376,130.0,74.5,116.4,33.9,10.1,7.05,7,0.7,7,2023
2023-07-01,Ahmedabad,23.0225,72.5714,76.0,45.5,68.1,16.9,5.6,3.51,7,0.7,7,2023
2023-07-02,Delhi,28.6139,77.209,326.0,188.8,306.9,80.5,32.7,15.21,7,0.7,7,2023
2023-07-02,Mumbai,19.076,72.8777,67.1,37.7,52.0,15.9,5.9,5.21,7,0.7,7,2023
2023-07-02,Chennai,13.0827,80.2707,33.9,20.9,32.5,4.2,4.8,1.3,7,0.7,7,2023
2023-07-02,Kolkata,22.5726,88.3639,10.0,9.3,0.1,0.0,2.4,0.15,7,0.7,7,2023
2023-07-02,Bengaluru,12.9716,77.5946,97.5,64.6,82.6,27.5,8.2,7.11,7,0.7,7,2023
2023-07-02,Hyderabad,17.385,78.4867,59.7,41.0,60.5,16.2,4.6,2.83,7,0.7,7,2023
2023-07-02,Puducherry,11.9416,79.8083,10.0,7.1,11.8,3.0,0.0,0.0,7,0.7,7,2023
2023-07-02,Lucknow,26.8467,80.9462,105.4,64.7,97.2,25.7,11.8,4.24,7,0.7,7,2023
2023-07-02,Patna,25.5941,85.1376,210.7,128.8,192.7,51.9,24.7,11.03,7,0.7,7,2023
2023-07-02,Ahmedabad,23.0225,72.5714,68.4,42.3,67.6,14.7,9.0,3.8,7,0.7,7,2023
2023-07-03,Delhi,28.6139,77.209,10.0,7.5,5.8,4.6,2.9,0.7,7,0.7,7,2023
2023-07-03,Mumbai,19.076,72.8777,164.6,97.9,153.1,44.4,16.3,9.01,7,0.7,7,2023
2023-07-03,Chennai,13.0827,80.2707,48.1,26.7,32.8,13.0,5.5,3.58,7,0.7,7,2023
2023-07-03,Kolkata,22.5726,88.3639,165.6,97.9,139.6,43.1,18.8,9.04,7,0.7,7,2023
2023-07-03,Bengaluru,12.9716,77.5946,102.5,60.4,88.5,22.7,10.1,5.05,7,0.7,7,2023
2023-07-03,Hyderabad,17.385,78.4867,91.2,54.1,81.0,19.7,11.0,4.64,7,0.7,7,2023
2023-07-03,Puducherry,11.9416,79.8083,49.0,25.7,33.4,17.5,6.0,0.83,7,0.7,7,2023
2023-07-03,Lucknow,26.8467,80.9462,203.6,126.8,184.2,57.3,20.8,8.76,7,0.7,7,2023
2023-07-03,Patna,25.5941,85.1376,193.6,117.4,169.4,50.7,16.0,10.67,7,0.7,7,2023
2023-07-03,Ahmedabad,23.0225,72.5714,72.5,38.6,64.3,19.9,7.6,2.88,7,0.7,7,2023
2023-07-04,Delhi,28.6139,77.209,155.5,87.6,138.2,43.2,15.5,8.63,7,0.7,7,2023
2023-07-04,Mumbai,19.076,72.8777,156.2,90.8,139.1,47.7,18.5,6.14,7,0.7,7,2023
2023-07-04,Chennai,13.0827,80.2707,72.7,43.6,72.0,15.2,5.6,2.96,7,0.7,7,2023
2023-07-04,Kolkata,22.5726,88.3639,97.4,62.5,78.2,21.9,6.2,5.88,7,0.7,7,2023
2023-07-04,Bengaluru,12.9716,77.5946,108.1,63.2,94.9,28.8,13.8,5.81,7,0.7,7,2023
2023-07-04,Hyderabad,17.385,78.4867,59.6,27.7,44.7,15.2,4.6,3.17,7,0.7,7,2023
2023-07-04,Puducherry,11.9416,79.8083,41.4,19.5,27.8,16.6,5.9,3.8,7,0.7,7,2023
2023-07-04,Lucknow,26.8467,80.9462,189.1,111.3,180.8,47.1,19.4,9.41,7,0.7,7,2023
2023-07-04,Patna,25.5941,85.1376,10.0,14.0,12.9,3.8,0.9,0.66,7,0.7,7,2023
2023-07-04,Ahmedabad,23.0225,72.5714,85.1,54.1,66.1,22.0,9.6,4.06,7,0.7,7,2023
2023-07-05,Delhi,28.6139,77.209,225.7,130.5,195.4,57.4,23.9,9.41,7,0.7,7,2023
2023-07-05,Mumbai,19.076,72.8777,118.9,68.6,105.5,24.4,10.2,6.91,7,0.7,7,2023
2023-07-05,Chennai,13.0827,80.2707,63.8,36.4,56.5,17.9,7.3,3.11,7,0.7,7,2023
2023-07-05,Kolkata,22.5726,88.3639,180.6,113.2,165.8,45.4,19.4,9.34,7,0.7,7,2023
2023-07-05,Bengaluru,12.9716,77.5946,101.8,65.6,83.5,21.1,8.8,6.07,7,0.7,7,2023
2023-07-05,Hyderabad,17.385,78.4867,28.8,19.3,28.8,11.9,3.2,0.1,7,0.7,7,2023
2023-07-05,Puducherry,11.9416,79.8083,33.3,14.1,25.7,7.6,1.0,3.14,7,0.7,7,2023
2023-07-05,Lucknow,26.8467,80.9462,67.9,47.5,70.6,20.6,5.4,3.74,7,0.7,7,2023
2023-07-05,Patna,25.5941,85.1376,78.6,51.7,70.1,18.0,5.4,1.45,7,0.7,7,2023
2023-07-05,Ahmedabad,23.0225,72.5714,65.3,44.7,55.5,15.6,7.8,5.07,7,0.7,7,2023
2023-07-06,Delhi,28.6139,77.209,302.0,176.3,256.3,84.9,34.7,15.29,7,0.7,7,2023
2023-07-06,Mumbai,19.076,72.8777,47.2,33.1,41.6,11.3,6.5,2.69,7,0.7,7,2023
2023-07-06,Chennai,13.0827,80.2707,33.4,18.4,35.3,10.4,3.9,2.6,7,0.7,7,2023
2023-07-06,Kolkata,22.5726,88.3639,107.9,65.6,70.1,25.2,12.3,5.0,7,0.7,7,2023
2023-07-06,Bengaluru,12.9716,77.5946,56.0,28.4,58.4,16.2,7.3,1.07,7,0.7,7,2023
2023-07-06,Hyderabad,17.385,78.4867,78.4,45.6,68.3,17.1,7.1,4.77,7,0.7,7,2023
2023-07-06,Puducherry,11.9416,79.8083,14.2,17.4,16.7,3.4,3.2,0.0,7,0.7,7,2023
2023-07-06,Lucknow,26.8467,80.9462,110.8,65.9,110.6,27.5,12.0,4.95,7,0.7,7,2023
2023-07-06,Patna,25.5941,85.1376,202.1,129.6,189.9,50.2,21.6,10.68,7,0.7,7,2023
2023-07-06,Ahmedabad,23.0225,72.5714,134.8,86.4,130.2,33.2,14.8,6.36,7,0.7,7,2023
2023-07-07,Delhi,28.6139,77.209,122.2,72.0,109.4,23.9,13.9,3.34,7,0.7,7,2023
2023-07-07,Mumbai,19.076,72.8777,206.6,131.5,183.9,51.7,21.3,9.74,7,0.7,7,2023
2023-07-07,Chennai,13.0827,80.2707,67.8,40.0,60.3,17.7,4.2,3.43,7,0.7,7,2023
2023-07-07,Kolkata,22.5726,88.3639,134.2,81.2,119.1,38.1,12.7,6.94,7,0.7,7,2023
2023-07-07,Bengaluru,12.9716,77.5946,108.9,64.9,99.7,26.8,13.4,5.19,7,0.7,7,2023
2023-07-07,Hyderabad,17.385,78.4867,128.9,76.8,109.1,34.9,12.3,7.07,7,0.7,7,2023
2023-07-07,Puducherry,11.9416,79.8083,10.0,6.0,5.3,0.0,0.0,0.0,7,0.7,7,2023
2023-07-07,Lucknow,26.8467,80.9462,150.9,83.7,138.3,43.2,15.7,8.35,7,0.7,7,2023
2023-07-07,Patna,25.5941,85.1376,244.6,152.9,235.1,59.2,23.0,13.01,7,0.7,7,2023
2023-07-07,Ahmedabad,23.0225,72.5714,143.9,90.2,144.6,36.0,15.2,6.21,7,0.7,7,2023
2023-07-08,Delhi,28.6139,77.209,366.8,218.4,327.7,90.3,35.4,17.61,7,0.7,7,2023
2023-07-08,Mumbai,19.076,72.8777,77.1,39.4,63.1,27.1,9.2,4.78,7,0.7,7,2023
2023-07-08,Chennai,13.0827,80.2707,92.4,64.6,69.0,18.2,7.6,4.15,7,0.7,7,2023
2023-07-08,Kolkata,22.5726,88.3639,111.0,64.4,101.7,27.9,9.7,3.37,7,0.7,7,2023
2023-07-08,Bengaluru,12.9716,77.5946,40.2,21.4,34.2,5.5,3.0,0.88,7,0.7,7,2023
2023-07-08,Hyderabad,17.385,78.4867,79.6,42.4,64.8,14.7,7.7,3.11,7,0.7,7,2023
2023-07-08,Puducherry,11.9416,79.8083,70.6,44.4,63.0,14.5,7.8,4.22,7,0.7,7,2023
2023-07-08,Lucknow,26.8467,80.9462,163.3,106.0,150.6,44.5,16.6,8.84,7,0.7,7,2023
2023-07-08,Patna,25.5941,85.1376,112.2,65.0,103.8,29.4,12.2,6.71,7,0.7,7,2023
2023-07-08,Ahmedabad,23.0225,72.5714,47.9,23.9,44.9,9.1,11.5,2.91,7,0.7,7,2023
2023-07-09,Delhi,28.6139,77.209,189.7,111.2,166.9,47.5,19.2,9.03,7,0.7,7,2023
2023-07-09,Mumbai,19.076,72.8777,87.1,59.0,89.5,22.8,6.0,4.89,7,0.7,7,2023
2023-07-09,Chennai,13.0827,80.2707,101.9,68.0,97.6,31.2,10.3,5.72,7,0.7,7,2023
2023-07-09,Kolkata,22.5726,88.3639,92.0,56.7,93.4,20.6,7.5,4.7,7,0.7,7,2023
2023-07-09,Bengaluru,12.9716,77.5946,63.2,41.2,53.3,22.7,3.7,4.41,7,0.7,7,2023
2023-07-09,Hyderabad,17.385,78.4867,57.2,25.3,53.4,13.3,3.5,1.18,7,0.7,7,2023
2023-07-09,Puducherry,11.9416,79.8083,52.3,36.3,51.7,13.3,6.2,2.59,7,0.7,7,2023
2023-07-09,Lucknow,26.8467,80.9462,61.1,29.6,53.4,14.6,7.8,3.81,7,0.7,7,2023
2023-07-09,Patna,25.5941,85.1376,210.4,124.8,178.3,54.2,22.1,8.13,7,0.7,7,2023
2023-07-09,Ahmedabad,23.0225,72.5714,74.5,41.2,68.0,15.4,7.4,3.51,7,0.7,7,2023
2023-07-10,Delhi,28.6139,77.209,183.3,106.4,159.9,41.5,19.1,9.74,7,0.7,7,2023
2023-07-10,Mumbai,19.076,72.8777,67.2,47.9,58.0,22.9,5.4,1.33,7,0.7,7,2023
2023-07-10,Chennai,13.0827,80.2707,73.1,45.1,66.1,15.7,7.2,3.14,7,0.7,7,2023
2023-07-10,Kolkata,22.5726,88.3639,110.9,70.7,101.3,30.2,10.6,5.2,7,0.7,7,2023
2023-07-10,Bengaluru,12.9716,77.5946,35.4,19.4,5.3,6.5,3.4,2.33,7,0.7,7,2023
2023-07-10,Hyderabad,17.385,78.4867,74.6,46.5,49.7,18.4,4.1,2.52,7,0.7,7,2023
2023-07-10,Puducherry,11.9416,79.8083,48.8,35.7,46.9,12.3,4.8,1.73,7,0.7,7,2023
2023-07-10,Lucknow,26.8467,80.9462,118.6,73.3,95.7,32.0,11.1,6.76,7,0.7,7,2023
2023-07-10,Patna,25.5941,85.1376,235.3,132.8,207.1,55.4,19.9,10.73,7,0.7,7,2023
2023-07-10,Ahmedabad,23.0225,72.5714,221.9,136.2,215.0,58.8,20.7,10.71,7,0.7,7,2023
2023-07-11,Delhi,28.6139,77.209,243.1,148.0,214.2,54.7,30.9,12.01,7,0.7,7,2023
2023-07-11,Mumbai,19.076,72.8777,85.0,51.6,74.6,21.7,11.1,4.13,7,0.7,7,2023
2023-07-11,Chennai,13.0827,80.2707,33.9,19.5,26.8,14.2,5.7,1.8,7,0.7,7,2023
2023-07-11,Kolkata,22.5726,88.3639,62.1,31.1,56.0,16.9,5.5,2.62,7,0.7,7,2023
2023-07-11,Bengaluru,12.9716,77.5946,52.2,31.2,27.9,8.6,4.0,3.82,7,0.7,7,2023
2023-07-11,Hyderabad,17.385,78.4867,55.5,34.2,51.8,19.1,8.1,2.72,7,0.7,7,2023
2023-07-11,Puducherry,11.9416,79.8083,43.0,22.5,36.8,9.0,5.4,2.57,7,0.7,7,2023
2023-07-11,Lucknow,26.8467,80.9462,192.5,121.8,188.2,48.6,21.4,9.27,7,0.7,7,2023
2023-07-11,Patna,25.5941,85.1376,251.0,155.9,234.0,63.1,23.8,11.16,7,0.7,7,2023
2023-07-11,Ahmedabad,23.0225,72.5714,110.2,73.8,96.7,30.7,12.7,5.23,7,0.7,7,2023
2023-07-12,Delhi,28.6139,77.209,301.3,166.2,261.4,71.7,28.5,15.4,7,0.7,7,2023
2023-07-12,Mumbai,19.076,72.8777,109.6,67.7,103.4,23.6,8.5,5.88,7,0.7,7,2023
2023-07-12,Chennai,13.0827,80.2707,47.2,20.5,50.3,17.4,7.8,2.55,7,0.7,7,2023
2023-07-12,Kolkata,22.5726,88.3639,157.3,101.2,136.4,43.8,16.3,8.78,7,0.7,7,2023
2023-07-12,Bengaluru,12.9716,77.5946,75.6,51.8,69.8,13.0,10.5,2.83,7,0.7,7,2023
2023-07-12,Hyderabad,17.385,78.4867,127.9,76.3,124.5,36.5,13.7,6.9,7,0.7,7,2023
2023-07-12,Puducherry,11.9416,79.8083,61.0,26.5,55.8,10.8,6.4,1.91,7,0.7,7,2023
2023-07-12,Lucknow,26.8467,80.9462,77.0,54.2,77.9,19.2,8.1,3.6,7,0.7,7,2023
2023-07-12,Patna,25.5941,85.1376,207.9,121.4,195.1,51.0,20.0,10.42,7,0.7,7,2023
2023-07-12,Ahmedabad,23.0225,72.5714,85.4,52.9,72.6,23.2,11.0,3.55,7,0.7,7,2023
2023-07-13,Delhi,28.6139,77.209,185.6,113.7,163.6,48.3,19.7,10.36,7,0.7,7,2023
2023-07-13,Mumbai,19.076,72.8777,73.8,39.6,64.0,14.6,8.5,2.53,7,0.7,7,2023
2023-07-13,Chennai,13.0827,80.2707,121.3,79.3,109.3,33.8,8.9,8.59,7,0.7,7,2023
2023-07-13,Kolkata,22.5726,88.3639,96.5,57.3,72.0,26.1,7.4,4.93,7,0.7,7,2023
2023-07-13,Bengaluru,12.9716,77.5946,53.7,26.8,41.9,14.3,2.8,1.94,7,0.7,7,2023
2023-07-13,Hyderabad,17.385,78.4867,107.2,77.3,100.3,23.1,10.0,5.39,7,0.7,7,2023
2023-07-13,Puducherry,11.9416,79.8083,45.5,31.8,42.7,15.0,3.9,3.6,7,0.7,7,2023
2023-07-13,Lucknow,26.8467,80.9462,143.2,81.1,146.3,28.5,12.8,6.53,7,0.7,7,2023
2023-07-13,Patna,25.5941,85.1376,343.6,215.2,321.2,84.6,39.2,17.55,7,0.7,7,2023
2023-07-13,Ahmedabad,23.0225,72.5714,156.0,94.5,140.0,38.0,15.2,8.41,7,0.7,7,2023
2023-07-14,Delhi,28.6139,77.209,225.4,135.1,214.9,44.5,23.6,11.99,7,0.7,7,2023
2023-07-14,Mumbai,19.076,72.8777,143.9,86.0,131.2,39.9,17.4,6.89,7,0.7,7,2023
2023-07-14,Chennai,13.0827,80.2707,69.7,50.2,45.7,14.7,9.9,4.58,7,0.7,7,2023
2023-07-14,Kolkata,22.5726,88.3639,152.1,89.0,129.8,35.7,18.3,6.98,7,0.7,7,2023
2023-07-14,Bengaluru,12.9716,77.5946,73.0,40.0,72.4,16.1,7.1,1.97,7,0.7,7,2023
2023-07-14,Hyderabad,17.385,78.4867,27.5,16.5,14.1,15.3,0.0,0.57,7,0.7,7,2023
2023-07-14,Puducherry,11.9416,79.8083,52.8,29.9,38.7,9.4,3.3,2.35,7,0.7,7,2023
2023-07-14,Lucknow,26.8467,80.9462,280.9,168.9,262.3,72.3,30.3,11.25,7,0.7,7,2023
2023-07-14,Patna,25.5941,85.1376,146.7,94.6,127.5,43.7,17.6,6.87,7,0.7,7,2023
2023-07-14,Ahmedabad,23.0225,72.5714,89.4,48.6,75.4,17.4,9.8,3.01,7,0.7,7,2023
2023-07-15,Delhi,28.6139,77.209,244.3,149.7,206.6,67.3,25.5,12.96,7,0.7,7,2023
2023-07-15,Mumbai,19.076,72.8777,67.7,43.7,69.9,16.5,10.8,3.43,7,0.7,7,2023
2023-07-15,Chennai,13.0827,80.2707,91.5,56.4,87.0,16.2,9.9,3.84,7,0.7,7,2023
2023-07-15,Kolkata,22.5726,88.3639,83.7,58.9,73.6,16.9,7.7,2.88,7,0.7,7,2023
2023-07-15,Bengaluru,12.9716,77.5946,113.0,64.3,105.9,33.7,10.3,6.18,7,0.7,7,2023
2023-07-15,Hyderabad,17.385,78.4867,47.9,41.0,50.6,11.2,3.2,2.28,7,0.7,7,2023
2023-07-15,Puducherry,11.9416,79.8083,45.7,37.2,31.3,12.0,4.5,2.17,7,0.7,7,2023
2023-07-15,Lucknow,26.8467,80.9462,146.9,87.6,139.2,39.2,15.5,4.31,7,0.7,7,2023
2023-07-15,Patna,25.5941,85.1376,189.0,105.1,175.3,53.1,17.0,9.19,7,0.7,7,2023
2023-07-15,Ahmedabad,23.0225,72.5714,85.0,57.2,77.3,28.2,9.3,4.49,7,0.7,7,2023
2023-07-16,Delhi,28.6139,77.209,201.5,125.0,167.4,50.7,20.0,10.8,7,0.7,7,2023
2023-07-16,Mumbai,19.076,72.8777,90.5,49.1,81.5,18.3,5.2,5.25,7,0.7,7,2023
2023-07-16,Chennai,13.0827,80.2707,77.5,48.8,80.2,16.7,4.9,3.8,7,0.7,7,2023
2023-07-16,Kolkata,22.5726,88.3639,108.6,60.9,97.1,24.7,7.2,4.99,7,0.7,7,2023
2023-07-16,Bengaluru,12.9716,77.5946,35.9,22.7,27.1,13.4,6.8,2.47,7,0.7,7,2023
2023-07-16,Hyderabad,17.385,78.4867,29.7,25.3,39.3,7.5,5.6,0.93,7,0.7,7,2023
2023-07-16,Puducherry,11.9416,79.8083,15.2,5.3,27.5,0.0,1.5,0.79,7,0.7,7,2023
2023-07-16,Lucknow,26.8467,80.9462,120.7,70.2,109.2,27.9,9.2,6.25,7,0.7,7,2023
2023-07-16,Patna,25.5941,85.1376,243.1,150.2,212.3,55.8,23.7,13.72,7,0.7,7,2023
2023-07-16,Ahmedabad,23.0225,72.5714,141.1,88.2,134.1,37.0,14.4,7.72,7,0.7,7,2023
2023-07-17,Delhi,28.6139,77.209,152.3,84.3,142.9,43.0,13.0,8.44,7,0.7,7,2023
2023-07-17,Mumbai,19.076,72.8777,165.2,99.1,142.1,41.8,15.4,7.64,7,0.7,7,2023
2023-07-17,Chennai,13.0827,80.2707,73.8,36.3,54.9,18.5,7.3,4.03,7,0.7,7,2023
2023-07-17,Kolkata,22.5726,88.3639,219.8,132.4,202.6,51.0,23.5,10.46,7,0.7,7,2023
2023-07-17,Bengaluru,12.9716,77.5946,72.1,42.7,73.2,12.8,2.6,3.39,7,0.7,7,2023
2023-07-17,Hyderabad,17.385,78.4867,100.4,61.0,100.2,26.8,8.9,2.69,7,0.7,7,2023
2023-07-17,Puducherry,11.9416,79.8083,47.8,33.8,39.9,12.1,5.6,1.37,7,0.7,7,2023
2023-07-17,Lucknow,26.8467,80.9462,194.5,124.9,173.7,44.1,19.3,7.5,7,0.7,7,2023
2023-07-17,Patna,25.5941,85.1376,191.6,117.2,185.8,47.1,20.0,8.72,7,0.7,7,2023
2023-07-17,Ahmedabad,23.0225,72.5714,96.0,50.0,84.8,22.8,10.2,4.18,7,0.7,7,2023
2023-07-18,Delhi,28.6139,77.209,202.7,120.0,179.8,51.0,20.4,10.9,7,0.7,7,2023
2023-07-18,Mumbai,19.076,72.8777,93.2,54.2,82.4,20.4,8.6,6.69,7,0.7,7,2023
2023-07-18,Chennai,13.0827,80.2707,40.2,22.7,33.1,9.1,3.4,2.29,7,0.7,7,2023
2023-07-18,Kolkata,22.5726,88.3639,40.5,29.5,41.5,5.2,0.0,1.05,7,0.7,7,2023
2023-07-18,Bengaluru,12.9716,77.5946,62.7,50.5,60.8,8.4,4.9,3.08,7,0.7,7,2023
2023-07-18,Hyderabad,17.385,78.4867,92.9,49.2,82.5,20.4,7.1,4.9,7,0.7,7,2023
2023-07-18,Puducherry,11.9416,79.8083,68.0,45.0,65.8,15.0,8.2,3.71,7,0.7,7,2023
2023-07-18,Lucknow,26.8467,80.9462,162.7,94.6,142.5,41.0,21.1,8.44,7,0.7,7,2023
2023-07-18,Patna,25.5941,85.1376,125.2,71.0,108.7,40.0,11.7,7.17,7,0.7,7,2023
2023-07-18,Ahmedabad,23.0225,72.5714,95.1,58.4,91.9,21.5,8.2,6.41,7,0.7,7,2023
2023-07-19,Delhi,28.6139,77.209,274.8,168.8,253.6,70.5,31.5,13.78,7,0.7,7,2023
2023-07-19,Mumbai,19.076,72.8777,121.1,65.4,102.4,25.5,14.7,3.5,7,0.7,7,2023
2023-07-19,Chennai,13.0827,80.2707,52.9,16.8,41.0,11.3,8.1,3.04,7,0.7,7,2023
2023-07-19,Kolkata,22.5726,88.3639,84.3,55.9,76.0,21.2,6.0,3.22,7,0.7,7,2023
2023-07-19,Bengaluru,12.9716,77.5946,45.2,27.4,41.3,17.5,5.3,0.0,7,0.7,7,2023
2023-07-19,Hyderabad,17.385,78.4867,93.2,48.7,76.2,20.1,8.0,3.28,7,0.7,7,2023
2023-07-19,Puducherry,11.9416,79.8083,56.6,26.9,53.8,23.1,3.0,2.55,7,0.7,7,2023
2023-07-19,Lucknow,26.8467,80.9462,10.0,4.5,14.1,5.4,1.2,1.39,7,0.7,7,2023
2023-07-19,Patna,25.5941,85.1376,346.2,216.3,307.4,80.7,33.8,16.36,7,0.7,7,2023
2023-07-19,Ahmedabad,23.0225,72.5714,132.3,73.5,118.5,36.4,13.0,5.67,7,0.7,7,2023
2023-07-20,Delhi,28.6139,77.209,290.0,164.6,258.4,72.3,29.0,14.68,7,0.7,7,2023
2023-07-20,Mumbai,19.076,72.8777,122.4,73.3,107.2,29.0,11.0,6.91,7,0.7,7,2023
2023-07-20,Chennai,13.0827,80.2707,46.8,32.3,42.3,9.6,5.9,1.61,7,0.7,7,2023
2023-07-20,Kolkata,22.5726,88.3639,157.9,95.8,137.3,41.6,16.9,9.05,7,0.7,7,2023
2023-07-20,Bengaluru,12.9716,77.5946,99.0,61.9,80.1,34.5,7.1,5.9,7,0.7,7,2023
2023-07-20,Hyderabad,17.385,78.4867,99.1,53.6,88.2,24.5,12.5,4.24,7,0.7,7,2023
2023-07-20,Puducherry,11.9416,79.8083,47.3,16.7,56.4,7.5,5.4,2.26,7,0.7,7,2023
2023-07-20,Lucknow,26.8467,80.9462,147.6,92.6,146.2,37.9,16.1,7.71,7,0.7,7,2023
2023-07-20,Patna,25.5941,85.1376,239.2,141.2,223.9,64.2,26.1,11.3,7,0.7,7,2023
2023-07-20,Ahmedabad,23.0225,72.5714,104.4,63.8,83.0,32.5,10.4,5.5,7,0.7,7,2023
2023-07-21,Delhi,28.6139,77.209,149.8,83.2,130.0,38.3,16.3,7.65,7,0.7,7,2023
2023-07-21,Mumbai,19.076,72.8777,111.9,65.5,104.7,33.9,12.6,6.4,7,0.7,7,2023
2023-07-21,Chennai,13.0827,80.2707,70.4,34.7,55.0,19.4,7.0,3.96,7,0.7,7,2023
2023-07-21,Kolkata,22.5726,88.3639,209.8,129.5,198.9,52.8,19.4,10.43,7,0.7,7,2023
2023-07-21,Bengaluru,12.9716,77.5946,45.9,35.3,47.6,13.6,7.1,0.27,7,0.7,7,2023
2023-07-21,Hyderabad,17.385,78.4867,104.6,56.2,94.1,24.9,11.8,5.46,7,0.7,7,2023
2023-07-21,Puducherry,11.9416,79.8083,79.4,44.6,77.1,20.5,4.7,3.05,7,0.7,7,2023
2023-07-21,Lucknow,26.8467,80.9462,144.3,92.1,133.6,31.4,14.1,9.23,7,0.7,7,2023
2023-07-21,Patna,25.5941,85.1376,175.8,103.8,162.2,47.0,16.7,9.29,7,0.7,7,2023
2023-07-21,Ahmedabad,23.0225,72.5714,97.2,61.9,88.8,26.2,8.2,4.04,7,0.7,7,2023
2023-07-22,Delhi,28.6139,77.209,271.6,162.6,246.7,66.7,29.0,12.97,7,0.7,7,2023
2023-07-22,Mumbai,19.076,72.8777,92.6,59.5,92.7,21.1,13.2,4.94,7,0.7,7,2023
2023-07-22,Chennai,13.0827,80.2707,36.9,24.0,30.1,11.0,3.6,1.92,7,0.7,7,2023
2023-07-22,Kolkata,22.5726,88.3639,80.4,53.2,63.1,15.7,8.8,5.62,7,0.7,7,2023
2023-07-22,Bengaluru,12.9716,77.5946,59.4,39.1,62.0,18.1,5.3,1.88,7,0.7,7,2023
2023-07-22,Hyderabad,17.385,78.4867,10.0,4.7,18.4,0.0,2.4,0.0,7,0.7,7,2023
2023-07-22,Puducherry,11.9416,79.8083,54.6,36.3,43.9,14.3,4.6,3.44,7,0.7,7,2023
2023-07-22,Lucknow,26.8467,80.9462,169.3,101.9,164.8,45.0,15.5,8.38,7,0.7,7,2023
2023-07-22,Patna,25.5941,85.1376,162.7,98.0,166.6,42.2,12.2,7.59,7,0.7,7,2023
2023-07-22,Ahmedabad,23.0225,72.5714,25.0,13.4,6.6,2.8,0.0,1.63,7,0.7,7,2023
2023-07-23,Delhi,28.6139,77.209,196.0,119.1,175.6,43.4,20.6,11.72,7,0.7,7,2023
2023-07-23,Mumbai,19.076,72.8777,114.4,66.5,91.5,25.0,12.3,6.79,7,0.7,7,2023
2023-07-23,Chennai,13.0827,80.2707,69.5,45.7,68.2,19.4,5.6,3.65,7,0.7,7,2023
2023-07-23,Kolkata,22.5726,88.3639,83.6,50.2,77.9,27.6,5.7,4.66,7,0.7,7,2023
2023-07-23,Bengaluru,12.9716,77.5946,114.4,72.4,109.6,31.0,14.0,4.63,7,0.7,7,2023
2023-07-23,Hyderabad,17.385,78.4867,35.5,21.3,14.7,13.8,6.0,1.34,7,0.7,7,2023
2023-07-23,Puducherry,11.9416,79.8083,45.1,26.7,41.0,11.8,5.6,2.08,7,0.7,7,2023
2023-07-23,Lucknow,26.8467,80.9462,215.3,131.4,188.9,59.2,18.8,10.67,7,0.7,7,2023
2023-07-23,Patna,25.5941,85.1376,235.7,137.8,214.6,61.1,21.8,11.71,7,0.7,7,2023
2023-07-23,Ahmedabad,23.0225,72.5714,105.0,60.2,112.9,23.2,12.5,4.86,7,0.7,7,2023
2023-07-24,Delhi,28.6139,77.209,109.1,66.0,103.4,31.0,14.0,8.4,7,0.7,7,2023
2023-07-24,Mumbai,19.076,72.8777,108.0,61.5,100.8,25.9,12.7,4.1,7,0.7,7,2023
2023-07-24,Chennai,13.0827,80.2707,122.2,77.6,96.5,27.7,13.9,7.29,7,0.7,7,2023
2023-07-24,Kolkata,22.5726,88.3639,62.4,41.0,40.6,15.2,8.5,2.57,7,0.7,7,2023
2023-07-24,Bengaluru,12.9716,77.5946,24.8,15.6,17.5,8.7,0.7,0.47,7,0.7,7,2023
2023-07-24,Hyderabad,17.385,78.4867,13.3,8.8,10.7,0.0,1.7,1.69,7,0.7,7,2023
2023-07-24,Puducherry,11.9416,79.8083,48.2,30.3,45.6,7.2,8.9,1.94,7,0.7,7,2023
2023-07-24,Lucknow,26.8467,80.9462,196.6,121.8,175.8,51.6,20.2,8.41,7,0.7,7,2023
2023-07-24,Patna,25.5941,85.1376,144.7,83.8,126.5,31.0,16.7,8.84,7,0.7,7,2023
2023-07-24,Ahmedabad,23.0225,72.5714,156.0,100.0,137.6,36.5,14.0,8.44,7,0.7,7,2023
2023-07-25,Delhi,28.6139,77.209,214.2,128.1,203.1,55.2,19.7,10.03,7,0.7,7,2023
2023-07-25,Mumbai,19.076,72.8777,125.3,80.4,117.2,38.9,15.8,6.71,7,0.7,7,2023
2023-07-25,Chennai,13.0827,80.2707,42.0,18.7,34.7,13.5,7.9,2.52,7,0.7,7,2023
2023-07-25,Kolkata,22.5726,88.3639,184.4,109.4,170.9,49.4,14.5,8.81,7,0.7,7,2023
2023-07-25,Bengaluru,12.9716,77.5946,98.5,60.5,79.1,14.9,9.1,4.85,7,0.7,7,2023
2023-07-25,Hyderabad,17.385,78.4867,53.1,32.6,51.8,16.0,0.6,1.34,7,0.7,7,2023
2023-07-25,Puducherry,11.9416,79.8083,46.4,30.7,45.7,13.5,3.9,1.99,7,0.7,7,2023
2023-07-25,Lucknow,26.8467,80.9462,106.7,67.9,88.7,30.1,11.1,5.29,7,0.7,7,2023
2023-07-25,Patna,25.5941,85.1376,122.0,66.4,104.6,29.2,7.5,5.9,7,0.7,7,2023
2023-07-25,Ahmedabad,23.0225,72.5714,153.6,95.0,134.3,38.6,14.2,7.83,7,0.7,7,2023
2023-07-26,Delhi,28.6139,77.209,319.2,196.4,291.4,77.8,33.4,14.27,7,0.7,7,2023
2023-07-26,Mumbai,19.076,72.8777,87.9,55.7,85.0,24.7,9.4,4.2,7,0.7,7,2023
2023-07-26,Chennai,13.0827,80.2707,76.4,41.1,62.0,19.3,8.0,1.99,7,0.7,7,2023
2023-07-26,Kolkata,22.5726,88.3639,148.8,93.1,133.3,46.7,13.5,7.08,7,0.7,7,2023
2023-07-26,Bengaluru,12.9716,77.5946,58.1,34.5,49.7,8.9,4.7,2.81,7,0.7,7,2023
2023-07-26,Hyderabad,17.385,78.4867,127.0,87.2,125.0,28.6,11.3,6.19,7,0.7,7,2023
2023-07-26,Puducherry,11.9416,79.8083,88.2,52.1,68.8,20.0,10.3,5.1,7,0.7,7,2023
2023-07-26,Lucknow,26.8467,80.9462,141.0,88.0,108.7,35.7,15.8,6.22,7,0.7,7,2023
2023-07-26,Patna,25.5941,85.1376,109.5,56.4,111.3,24.5,11.4,6.08,7,0.7,7,2023
2023-07-26,Ahmedabad,23.0225,72.5714,180.0,107.2,157.7,45.7,20.6,8.83,7,0.7,7,2023
2023-07-27,Delhi,28.6139,77.209,119.6,64.1,97.9,33.4,11.3,5.37,7,0.7,7,2023
2023-07-27,Mumbai,19.076,72.8777,69.4,42.1,60.5,16.3,9.6,5.01,7,0.7,7,2023
2023-07-27,Chennai,13.0827,80.2707,22.7,15.3,14.2,4.7,2.9,0.92,7,0.7,7,2023
2023-07-27,Kolkata,22.5726,88.3639,137.5,85.9,126.1,31.8,12.5,5.44,7,0.7,7,2023
2023-07-27,Bengaluru,12.9716,77.5946,44.4,36.5,33.6,6.3,5.1,2.11,7,0.7,7,2023
2023-07-27,Hyderabad,17.385,78.4867,77.2,53.4,73.9,17.2,6.9,3.36,7,0.7,7,2023
2023-07-27,Puducherry,11.9416,79.8083,70.0,40.5,48.7,17.3,3.9,5.68,7,0.7,7,2023
2023-07-27,Lucknow,26.8467,80.9462,91.2,53.9,84.1,21.6,8.5,4.98,7,0.7,7,2023
2023-07-27,Patna,25.5941,85.1376,274.8,168.7,259.1,64.5,28.1,13.9,7,0.7,7,2023
2023-07-27,Ahmedabad,23.0225,72.5714,127.8,83.6,113.3,30.3,13.8,4.61,7,0.7,7,2023
2023-07-28,Delhi,28.6139,77.209,177.1,105.6,152.0,48.5,15.6,8.72,7,0.7,7,2023
2023-07-28,Mumbai,19.076,72.8777,109.7,72.6,98.6,31.2,12.4,5.61,7,0.7,7,2023
2023-07-28,Chennai,13.0827,80.2707,35.8,14.3,33.1,6.8,5.4,2.54,7,0.7,7,2023
2023-07-28,Kolkata,22.5726,88.3639,116.8,64.3,109.2,25.1,10.2,4.86,7,0.7,7,2023
2023-07-28,Bengaluru,12.9716,77.5946,65.8,45.3,59.2,14.7,3.5,3.84,7,0.7,7,2023
2023-07-28,Hyderabad,17.385,78.4867,56.7,34.6,48.2,17.5,5.4,2.78,7,0.7,7,2023
2023-07-28,Puducherry,11.9416,79.8083,62.2,47.9,63.1,15.2,6.2,2.59,7,0.7,7,2023
2023-07-28,Lucknow,26.8467,80.9462,92.3,52.6,76.9,25.7,7.1,5.95,7,0.7,7,2023
2023-07-28,Patna,25.5941,85.1376,220.6,132.5,198.5,52.9,22.6,12.12,7,0.7,7,2023
2023-07-28,Ahmedabad,23.0225,72.5714,80.4,40.6,78.0,21.4,5.8,3.29,7,0.7,7,2023
2023-07-29,Delhi,28.6139,77.209,127.3,72.8,112.0,30.8,11.4,5.61,7,0.7,7,2023
2023-07-29,Mumbai,19.076,72.8777,88.8,54.1,77.4,26.8,9.9,2.85,7,0.7,7,2023
2023-07-29,Chennai,13.0827,80.2707,76.1,48.7,65.0,13.0,7.6,3.8,7,0.7,7,2023
2023-07-29,Kolkata,22.5726,88.3639,69.9,34.7,62.2,16.5,6.2,3.41,7,0.7,7,2023
2023-07-29,Bengaluru,12.9716,77.5946,36.9,20.0,37.5,7.8,0.3,1.37,7,0.7,7,2023
2023-07-29,Hyderabad,17.385,78.4867,46.5,29.2,44.4,5.0,6.2,1.21,7,0.7,7,2023
2023-07-29,Puducherry,11.9416,79.8083,83.7,50.0,65.4,16.4,9.1,3.79,7,0.7,7,2023
2023-07-29,Lucknow,26.8467,80.9462,147.7,96.7,127.3,37.2,17.6,7.66,7,0.7,7,2023
2023-07-29,Patna,25.5941,85.1376,55.5,35.8,40.6,19.5,3.9,5.74,7,0.7,7,2023
2023-07-29,Ahmedabad,23.0225,72.5714,178.0,102.8,160.4,47.5,19.4,9.34,7,0.7,7,2023
2023-07-30,Delhi,28.6139,77.209,296.2,177.1,263.6,72.7,31.3,15.18,7,0.7,7,2023
2023-07-30,Mumbai,19.076,72.8777,109.7,69.8,82.3,28.7,11.4,7.15,7,0.7,7,2023
2023-07-30,Chennai,13.0827,80.2707,24.8,22.7,22.9,8.2,5.8,1.8,7,0.7,7,2023
2023-07-30,Kolkata,22.5726,88.3639,146.0,88.8,127.5,36.4,13.2,7.26,7,0.7,7,2023
2023-07-30,Bengaluru,12.9716,77.5946,10.0,8.1,8.0,1.2,1.4,0.0,7,0.7,7,2023
2023-07-30,Hyderabad,17.385,78.4867,151.5,90.4,135.2,34.0,15.2,8.96,7,0.7,7,2023
2023-07-30,Puducherry,11.9416,79.8083,73.2,48.2,70.3,16.9,4.4,3.46,7,0.7,7,2023
2023-07-30,Lucknow,26.8467,80.9462,138.7,88.5,127.3,41.1,16.3,6.48,7,0.7,7,2023
2023-07-30,Patna,25.5941,85.1376,42.3,32.3,48.9,5.1,7.2,2.5,7,0.7,7,2023
2023-07-30,Ahmedabad,23.0225,72.5714,119.2,79.6,118.0,32.4,12.9,6.58,7,0.7,7,2023
2023-07-31,Delhi,28.6139,77.209,164.0,98.1,140.4,39.7,15.7,7.56,7,0.7,7,2023
2023-07-31,Mumbai,19.076,72.8777,103.5,60.5,97.2,19.4,10.1,5.31,7,0.7,7,2023
2023-07-31,Chennai,13.0827,80.2707,55.2,32.3,37.0,15.2,6.8,3.25,7,0.7,7,2023
2023-07-31,Kolkata,22.5726,88.3639,177.9,107.7,163.9,45.1,19.2,7.32,7,0.7,7,2023
2023-07-31,Bengaluru,12.9716,77.5946,43.2,33.9,19.2,10.2,6.7,2.07,7,0.7,7,2023
2023-07-31,Hyderabad,17.385,78.4867,69.8,42.5,60.0,17.6,5.6,4.6,7,0.7,7,2023
2023-07-31,Puducherry,11.9416,79.8083,81.0,47.9,61.8,18.2,7.7,4.56,7,0.7,7,2023
2023-07-31,Lucknow,26.8467,80.9462,88.5,49.3,83.7,25.9,7.6,3.09,7,0.7,7,2023
2023-07-31,Patna,25.5941,85.1376,397.9,242.7,356.0,103.0,39.5,20.76,7,0.7,7,2023
2023-07-31,Ahmedabad,23.0225,72.5714,119.2,72.0,106.4,24.0,15.8,5.02,7,0.7,7,2023
2023-08-01,Delhi,28.6139,77.209,87.2,51.3,70.8,21.6,10.1,5.36,8,0.7,8,2023
2023-08-01,Mumbai,19.076,72.8777,130.6,76.8,117.9,34.3,9.5,7.1,8,0.7,8,2023
2023-08-01,Chennai,13.0827,80.2707,26.6,26.2,20.7,5.9,1.1,0.7,8,0.7,8,2023
2023-08-01,Kolkata,22.5726,88.3639,239.7,148.5,203.3,65.9,26.4,11.7,8,0.7,8,2023
2023-08-01,Bengaluru,12.9716,77.5946,79.2,47.4,87.1,16.6,8.2,3.53,8,0.7,8,2023
2023-08-01,Hyderabad,17.385,78.4867,33.8,31.2,21.0,9.3,0.0,1.29,8,0.7,8,2023
2023-08-01,Puducherry,11.9416,79.8083,60.9,32.4,59.5,14.1,8.4,4.41,8,0.7,8,2023
2023-08-01,Lucknow,26.8467,80.9462,115.9,69.9,105.8,31.5,11.6,5.99,8,0.7,8,2023
2023-08-01,Patna,25.5941,85.1376,151.0,91.2,146.3,40.3,16.5,8.27,8,0.7,8,2023
2023-08-01,Ahmedabad,23.0225,72.5714,105.1,64.7,85.9,31.4,4.9,5.17,8,0.7,8,2023
2023-08-02,Delhi,28.6139,77.209,287.3,165.6,261.8,69.1,28.0,15.31,8,0.7,8,2023
2023-08-02,Mumbai,19.076,72.8777,105.9,53.4,87.5,30.4,11.5,7.04,8,0.7,8,2023
2023-08-02,Chennai,13.0827,80.2707,105.1,61.3,114.6,26.4,8.6,4.62,8,0.7,8,2023
2023-08-02,Kolkata,22.5726,88.3639,13.2,16.0,24.6,0.0,0.9,0.76,8,0.7,8,2023
2023-08-02,Bengaluru,12.9716,77.5946,41.2,15.9,35.4,9.0,3.3,2.28,8,0.7,8,2023
2023-08-02,Hyderabad,17.385,78.4867,134.0,78.9,122.0,36.4,14.5,6.09,8,0.7,8,2023
2023-08-02,Puducherry,11.9416,79.8083,54.4,35.4,39.9,18.7,8.3,2.0,8,0.7,8,2023
2023-08-02,Lucknow,26.8467,80.9462,166.6,103.2,145.6,43.6,17.0,6.86,8,0.7,8,2023
2023-08-02,Patna,25.5941,85.1376,200.1,114.6,187.6,47.3,19.7,11.38,8,0.7,8,2023
2023-08-02,Ahmedabad,23.0225,72.5714,134.3,75.2,112.8,31.2,14.2,7.07,8,0.7,8,2023
2023-08-03,Delhi,28.6139,77.209,128.6,71.3,118.0,31.4,17.2,6.47,8,0.7,8,2023
2023-08-03,Mumbai,19.076,72.8777,170.6,96.5,141.0,38.2,19.4,10.29,8,0.7,8,2023
2023-08-03,Chennai,13.0827,80.2707,43.4,23.7,29.7,3.6,5.8,2.39,8,0.7,8,2023
2023-08-03,Kolkata,22.5726,88.3639,126.5,68.9,127.0,29.6,13.7,4.87,8,0.7,8,2023
2023-08-03,Bengaluru,12.9716,77.5946,64.3,40.0,60.5,16.7,7.4,2.08,8,0.7,8,2023
2023-08-03,Hyderabad,17.385,78.4867,90.9,55.1,83.7,23.0,6.5,3.23,8,0.7,8,2023
2023-08-03,Puducherry,11.9416,79.8083,10.0,10.1,15.6,5.9,1.6,0.0,8,0.7,8,2023
2023-08-03,Lucknow,26.8467,80.9462,87.3,53.2,79.7,20.9,9.5,4.38,8,0.7,8,2023
2023-08-03,Patna,25.5941,85.1376,176.5,102.7,166.7,42.4,15.0,8.05,8,0.7,8,2023
2023-08-03,Ahmedabad,23.0225,72.5714,96.3,62.8,86.3,23.3,7.1,5.6,8,0.7,8,2023
2023-08-04,Delhi,28.6139,77.209,143.8,85.8,141.3,38.0,11.1,5.42,8,0.7,8,2023
2023-08-04,Mumbai,19.076,72.8777,95.4,51.2,91.0,24.0,9.9,4.06,8,0.7,8,2023
2023-08-04,Chennai,13.0827,80.2707,106.5,78.1,93.6,28.0,10.8,5.07,8,0.7,8,2023
2023-08-04,Kolkata,22.5726,88.3639,84.4,45.2,66.9,22.7,7.4,1.64,8,0.7,8,2023
2023-08-04,Bengaluru,12.9716,77.5946,83.3,49.8,85.7,22.3,5.4,1.94,8,0.7,8,2023
2023-08-04,Hyderabad,17.385,78.4867,58.8,32.2,60.5,14.7,8.1,1.62,8,0.7,8,2023
2023-08-04,Puducherry,11.9416,79.8083,71.8,46.7,48.5,23.2,7.4,3.98,8,0.7,8,2023
2023-08-04,Lucknow,26.8467,80.9462,97.8,65.1,78.5,27.8,11.4,3.92,8,0.7,8,2023
2023-08-04,Patna,25.5941,85.1376,306.8,185.2,281.4,70.6,34.9,14.12,8,0.7,8,2023
2023-08-04,Ahmedabad,23.0225,72.5714,158.1,89.9,137.3,42.7,17.9,6.63,8,0.7,8,2023
2023-08-05,Delhi,28.6139,77.209,283.2,175.1,247.4,77.2,25.4,13.54,8,0.7,8,2023
2023-08-05,Mumbai,19.076,72.8777,117.2,66.1,107.6,30.3,11.3,6.69,8,0.7,8,2023
2023-08-05,Chennai,13.0827,80.2707,57.3,35.5,60.7,17.5,7.3,1.72,8,0.7,8,2023
2023-08-05,Kolkata,22.5726,88.3639,152.2,86.9,126.7,37.8,13.4,8.4,8,0.7,8,2023
2023-08-05,Bengaluru,12.9716,77.5946,94.4,47.1,78.3,17.8,8.5,5.18,8,0.7,8,2023
2023-08-05,Hyderabad,17.385,78.4867,75.5,42.4,78.4,9.7,10.0,3.23,8,0.7,8,2023
2023-08-05,Puducherry,11.9416,79.8083,50.9,27.9,58.2,7.8,5.1,3.07,8,0.7,8,2023
2023-08-05,Lucknow,26.8467,80.9462,49.3,25.0,43.2,8.8,3.3,2.12,8,0.7,8,2023
2023-08-05,Patna,25.5941,85.1376,213.5,126.4,200.8,49.4,18.8,12.6,8,0.7,8,2023
2023-08-05,Ahmedabad,23.0225,72.5714,82.4,42.9,60.2,24.9,7.6,3.87,8,0.7,8,2023
2023-08-06,Delhi,28.6139,77.209,183.3,115.0,163.5,55.2,18.6,10.23,8,0.7,8,2023
2023-08-06,Mumbai,19.076,72.8777,130.2,77.9,112.5,33.9,14.0,5.94,8,0.7,8,2023
2023-08-06,Chennai,13.0827,80.2707,67.2,46.5,77.0,20.2,10.4,2.73,8,0.7,8,2023
2023-08-06,Kolkata,22.5726,88.3639,161.1,103.4,137.8,38.3,19.6,7.08,8,0.7,8,2023
2023-08-06,Bengaluru,12.9716,77.5946,29.8,25.5,36.4,9.2,2.9,1.05,8,0.7,8,2023
2023-08-06,Hyderabad,17.385,78.4867,93.9,64.2,86.4,32.1,7.6,4.68,8,0.7,8,2023
2023-08-06,Puducherry,11.9416,79.8083,45.0,21.6,39.3,12.9,5.5,4.42,8,0.7,8,2023
2023-08-06,Lucknow,26.8467,80.9462,184.2,116.3,166.3,52.8,23.2,9.74,8,0.7,8,2023
2023-08-06,Patna,25.5941,85.1376,98.5,56.4,90.9,26.5,11.2,5.39,8,0.7,8,2023
2023-08-06,Ahmedabad,23.0225,72.5714,112.3,64.2,104.3,35.5,13.3,6.15,8,0.7,8,2023
2023-08-07,Delhi,28.6139,77.209,278.4,165.2,246.5,66.6,27.6,13.5,8,0.7,8,2023
2023-08-07,Mumbai,19.076,72.8777,146.3,85.4,125.2,44.3,13.7,7.47,8,0.7,8,2023
2023-08-07,Chennai,13.0827,80.2707,74.3,38.9,76.8,21.1,10.5,3.04,8,0.7,8,2023
2023-08-07,Kolkata,22.5726,88.3639,131.0,78.8,120.0,26.9,13.3,5.12,8,0.7,8,2023
2023-08-07,Bengaluru,12.9716,77.5946,80.8,37.8,57.9,23.5,7.0,3.05,8,0.7,8,2023
2023-08-07,Hyderabad,17.385,78.4867,128.5,78.7,122.6,31.5,18.2,5.82,8,0.7,8,2023
2023-08-07,Puducherry,11.9416,79.8083,87.4,52.1,65.4,23.8,9.4,3.32,8,0.7,8,2023
2023-08-07,Lucknow,26.8467,80.9462,94.1,56.3,87.5,13.6,11.5,4.21,8,0.7,8,2023
2023-08-07,Patna,25.5941,85.1376,74.8,49.6,67.1,23.6,8.4,3.74,8,0.7,8,2023
2023-08-07,Ahmedabad,23.0225,72.5714,105.1,65.5,91.3,22.9,11.7,5.11,8,0.7,8,2023
2023-08-08,Delhi,28.6139,77.209,198.7,124.7,177.9,49.7,18.7,10.37,8,0.7,8,2023
2023-08-08,Mumbai,19.076,72.8777,112.0,71.7,96.2,26.2,12.8,5.85,8,0.7,8,2023
2023-08-08,Chennai,13.0827,80.2707,40.3,30.7,22.7,13.2,1.5,3.9,8,0.7,8,2023
2023-08-08,Kolkata,22.5726,88.3639,48.8,35.0,43.3,10.7,5.3,3.07,8,0.7,8,2023
2023-08-08,Bengaluru,12.9716,77.5946,42.9,21.7,43.8,3.9,3.1,5.19,8,0.7,8,2023
2023-08-08,Hyderabad,17.385,78.4867,50.1,35.8,40.4,14.6,6.3,3.63,8,0.7,8,2023
2023-08-08,Puducherry,11.9416,79.8083,48.5,39.0,38.9,13.1,5.3,1.3,8,0.7,8,2023
2023-08-08,Lucknow,26.8467,80.9462,135.4,82.0,118.4,43.6,11.9,7.95,8,0.7,8,2023
2023-08-08,Patna,25.5941,85.1376,228.0,136.7,198.3,53.9,21.8,9.61,8,0.7,8,2023
2023-08-08,Ahmedabad,23.0225,72.5714,66.8,32.7,70.9,19.2,8.3,3.93,8,0.7,8,2023
2023-08-09,Delhi,28.6139,77.209,209.4,132.9,183.6,52.8,22.4,9.15,8,0.7,8,2023
2023-08-09,Mumbai,19.076,72.8777,221.9,133.3,200.8,60.5,24.0,11.13,8,0.7,8,2023
2023-08-09,Chennai,13.0827,80.2707,66.3,32.3,55.2,18.6,7.5,4.54,8,0.7,8,2023
2023-08-09,Kolkata,22.5726,88.3639,120.0,65.1,116.5,35.7,13.8,5.84,8,0.7,8,2023
2023-08-09,Bengaluru,12.9716,77.5946,101.3,77.9,92.1,20.1,9.0,5.69,8,0.7,8,2023
2023-08-09,Hyderabad,17.385,78.4867,27.8,17.5,28.1,13.1,5.4,2.25,8,0.7,8,2023
2023-08-09,Puducherry,11.9416,79.8083,10.0,10.6,14.6,3.5,0.0,0.0,8,0.7,8,2023
2023-08-09,Lucknow,26.8467,80.9462,78.2,36.8,70.4,16.4,13.1,3.74,8,0.7,8,2023
2023-08-09,Patna,25.5941,85.1376,258.6,147.3,228.5,65.0,24.0,12.51,8,0.7,8,2023
2023-08-09,Ahmedabad,23.0225,72.5714,102.2,60.2,106.8,27.1,11.2,5.65,8,0.7,8,2023
2023-08-10,Delhi,28.6139,77.209,245.0,146.6,217.9,61.9,26.8,13.38,8,0.7,8,2023
2023-08-10,Mumbai,19.076,72.8777,88.4,56.9,78.0,22.2,7.9,4.24,8,0.7,8,2023
2023-08-10,Chennai,13.0827,80.2707,96.5,58.4,87.9,18.3,9.0,4.58,8,0.7,8,2023
2023-08-10,Kolkata,22.5726,88.3639,84.5,50.8,72.6,21.4,8.7,3.27,8,0.7,8,2023
2023-08-10,Bengaluru,12.9716,77.5946,58.0,35.2,61.7,15.5,4.5,3.3,8,0.7,8,2023
2023-08-10,Hyderabad,17.385,78.4867,143.8,90.9,133.8,38.9,17.3,8.27,8,0.7,8,2023
2023-08-10,Puducherry,11.9416,79.8083,63.8,43.6,48.8,9.9,6.7,3.26,8,0.7,8,2023
2023-08-10,Lucknow,26.8467,80.9462,118.6,75.3,91.8,27.5,10.9,4.29,8,0.7,8,2023
2023-08-10,Patna,25.5941,85.1376,272.6,156.8,240.6,71.8,28.6,12.52,8,0.7,8,2023
2023-08-10,Ahmedabad,23.0225,72.5714,142.7,87.1,147.1,37.3,14.0,6.28,8,0.7,8,2023
2023-08-11,Delhi,28.6139,77.209,136.5,77.8,133.8,34.2,14.8,8.34,8,0.7,8,2023
2023-08-11,Mumbai,19.076,72.8777,10.0,12.4,9.4,4.2,0.0,0.0,8,0.7,8,2023
2023-08-11,Chennai,13.0827,80.2707,75.2,57.0,75.7,23.9,7.1,3.16,8,0.7,8,2023
2023-08-11,Kolkata,22.5726,88.3639,87.0,49.8,61.9,18.9,7.6,4.17,8,0.7,8,2023
2023-08-11,Bengaluru,12.9716,77.5946,74.0,46.2,66.5,16.2,3.5,3.12,8,0.7,8,2023
2023-08-11,Hyderabad,17.385,78.4867,50.0,32.3,52.3,16.3,6.5,2.37,8,0.7,8,2023
2023-08-11,Puducherry,11.9416,79.8083,42.1,21.5,25.8,14.5,3.9,0.86,8,0.7,8,2023
2023-08-11,Lucknow,26.8467,80.9462,100.3,55.8,90.6,29.3,9.3,2.76,8,0.7,8,2023
2023-08-11,Patna,25.5941,85.1376,154.8,92.1,137.5,36.2,15.9,7.81,8,0.7,8,2023
2023-08-11,Ahmedabad,23.0225,72.5714,110.9,68.6,96.4,25.8,13.9,6.1,8,0.7,8,2023
2023-08-12,Delhi,28.6139,77.209,262.2,163.5,240.2,69.3,23.1,13.31,8,0.7,8,2023
2023-08-12,Mumbai,19.076,72.8777,90.7,62.8,89.1,20.2,9.8,4.7,8,0.7,8,2023
2023-08-12,Chennai,13.0827,80.2707,74.4,39.5,69.8,17.7,8.0,3.0,8,0.7,8,2023
2023-08-12,Kolkata,22.5726,88.3639,96.7,63.9,78.6,20.3,9.6,4.06,8,0.7,8,2023
2023-08-12,Bengaluru,12.9716,77.5946,43.4,26.6,27.0,6.8,8.4,2.63,8,0.7,8,2023
2023-08-12,Hyderabad,17.385,78.4867,57.9,36.8,56.6,18.5,5.5,3.87,8,0.7,8,2023
2023-08-12,Puducherry,11.9416,79.8083,11.7,1.7,11.8,4.2,0.0,0.84,8,0.7,8,2023
2023-08-12,Lucknow,26.8467,80.9462,113.5,66.7,110.3,32.0,9.4,4.62,8,0.7,8,2023
2023-08-12,Patna,25.5941,85.1376,139.2,83.4,120.0,39.0,14.6,7.37,8,0.7,8,2023
2023-08-12,Ahmedabad,23.0225,72.5714,55.0,38.8,26.9,17.1,7.4,2.32,8,0.7,8,2023
2023-08-13,Delhi,28.6139,77.209,297.8,178.4,268.5,75.8,36.2,16.23,8,0.7,8,2023
2023-08-13,Mumbai,19.076,72.8777,126.0,71.0,114.5,28.2,14.2,6.44,8,0.7,8,2023
2023-08-13,Chennai,13.0827,80.2707,34.9,21.3,24.6,9.3,1.8,1.77,8,0.7,8,2023
2023-08-13,Kolkata,22.5726,88.3639,163.5,97.8,144.0,41.7,17.7,7.07,8,0.7,8,2023
2023-08-13,Bengaluru,12.9716,77.5946,77.8,53.3,74.6,19.7,9.1,4.34,8,0.7,8,2023
2023-08-13,Hyderabad,17.385,78.4867,110.4,56.1,86.9,31.6,8.0,5.92,8,0.7,8,2023
2023-08-13,Puducherry,11.9416,79.8083,45.5,22.3,43.7,12.2,8.8,1.65,8,0.7,8,2023
2023-08-13,Lucknow,26.8467,80.9462,247.6,150.3,217.6,65.1,25.9,12.42,8,0.7,8,2023
2023-08-13,Patna,25.5941,85.1376,186.6,109.0,161.3,49.7,18.2,9.25,8,0.7,8,2023
2023-08-13,Ahmedabad,23.0225,72.5714,124.6,76.1,100.7,36.3,12.7,6.03,8,0.7,8,2023
2023-08-14,Delhi,28.6139,77.209,230.5,139.5,213.6,59.8,24.5,12.88,8,0.7,8,2023
2023-08-14,Mumbai,19.076,72.8777,133.3,79.2,111.0,40.0,12.9,6.19,8,0.7,8,2023
2023-08-14,Chennai,13.0827,80.2707,19.6,13.5,18.8,0.0,2.9,0.48,8,0.7,8,2023
2023-08-14,Kolkata,22.5726,88.3639,260.5,153.5,231.0,61.6,28.6,12.65,8,0.7,8,2023
2023-08-14,Bengaluru,12.9716,77.5946,48.3,32.5,32.4,14.6,8.4,2.98,8,0.7,8,2023
2023-08-14,Hyderabad,17.385,78.4867,106.3,68.1,109.3,31.4,11.5,6.22,8,0.7,8,2023
2023-08-14,Puducherry,11.9416,79.8083,34.8,24.8,23.3,7.2,0.0,2.14,8,0.7,8,2023
2023-08-14,Lucknow,26.8467,80.9462,112.1,72.8,104.0,32.5,9.0,6.64,8,0.7,8,2023
2023-08-14,Patna,25.5941,85.1376,315.4,193.1,290.2,79.5,30.5,16.53,8,0.7,8,2023
2023-08-14,Ahmedabad,23.0225,72.5714,44.2,24.4,25.6,8.2,5.7,2.72,8,0.7,8,2023
2023-08-15,Delhi,28.6139,77.209,200.1,120.9,165.0,48.5,18.6,9.35,8,0.7,8,2023
2023-08-15,Mumbai,19.076,72.8777,122.0,68.9,105.0,22.2,11.6,5.01,8,0.7,8,2023
2023-08-15,Chennai,13.0827,80.2707,65.0,34.2,59.3,15.7,9.8,3.75,8,0.7,8,2023
2023-08-15,Kolkata,22.5726,88.3639,34.0,14.1,31.0,4.8,0.0,3.05,8,0.7,8,2023
2023-08-15,Bengaluru,12.9716,77.5946,91.6,57.6,77.6,24.6,7.8,4.78,8,0.7,8,2023
2023-08-15,Hyderabad,17.385,78.4867,51.8,38.7,34.1,17.9,5.3,2.1,8,0.7,8,2023
2023-08-15,Puducherry,11.9416,79.8083,55.8,37.1,61.2,15.2,3.8,2.85,8,0.7,8,2023
2023-08-15,Lucknow,26.8467,80.9462,272.1,170.0,252.2,71.2,28.6,14.76,8,0.7,8,2023
2023-08-15,Patna,25.5941,85.1376,136.0,74.8,123.0,30.7,11.5,6.08,8,0.7,8,2023
2023-08-15,Ahmedabad,23.0225,72.5714,223.8,135.0,204.3,51.1,18.7,10.37,8,0.7,8,2023
2023-08-16,Delhi,28.6139,77.209,311.1,188.3,284.8,80.7,29.9,16.94,8,0.7,8,2023
2023-08-16,Mumbai,19.076,72.8777,72.7,50.7,69.0,11.0,5.8,1.85,8,0.7,8,2023
2023-08-16,Chennai,13.0827,80.2707,92.1,55.1,65.1,24.5,8.1,3.12,8,0.7,8,2023
2023-08-16,Kolkata,22.5726,88.3639,209.9,126.5,186.6,50.9,18.0,9.19,8,0.7,8,2023
2023-08-16,Bengaluru,12.9716,77.5946,108.5,62.7,97.8,18.9,8.2,6.03,8,0.7,8,2023
2023-08-16,Hyderabad,17.385,78.4867,97.2,67.1,98.2,23.4,10.7,4.54,8,0.7,8,2023
2023-08-16,Puducherry,11.9416,79.8083,93.6,61.9,85.6,24.2,12.2,5.26,8,0.7,8,2023
2023-08-16,Lucknow,26.8467,80.9462,255.3,142.2,233.5,61.8,29.0,14.31,8,0.7,8,2023
2023-08-16,Patna,25.5941,85.1376,170.3,109.9,167.5,42.9,22.0,8.48,8,0.7,8,2023
2023-08-16,Ahmedabad,23.0225,72.5714,102.3,65.7,89.2,25.9,13.0,5.13,8,0.7,8,2023
2023-08-17,Delhi,28.6139,77.209,60.4,38.1,48.8,18.6,7.4,4.49,8,0.7,8,2023
2023-08-17,Mumbai,19.076,72.8777,134.3,86.0,115.5,36.8,17.4,6.03,8,0.7,8,2023
2023-08-17,Chennai,13.0827,80.2707,108.0,62.1,90.4,28.2,12.2,6.31,8,0.7,8,2023
2023-08-17,Kolkata,22.5726,88.3639,77.9,48.9,64.6,13.5,5.9,3.14,8,0.7,8,2023
2023-08-17,Bengaluru,12.9716,77.5946,85.6,57.1,65.3,22.8,6.2,4.91,8,0.7,8,2023
2023-08-17,Hyderabad,17.385,78.4867,62.2,32.1,62.4,13.2,5.6,0.89,8,0.7,8,2023
2023-08-17,Puducherry,11.9416,79.8083,71.4,46.9,64.3,11.7,9.6,2.9,8,0.7,8,2023
2023-08-17,Lucknow,26.8467,80.9462,124.5,86.3,106.4,34.1,13.6,6.62,8,0.7,8,2023
2023-08-17,Patna,25.5941,85.1376,187.7,114.5,171.1,46.7,21.8,8.07,8,0.7,8,2023
2023-08-17,Ahmedabad,23.0225,72.5714,158.0,98.9,147.8,44.0,15.6,6.03,8,0.7,8,2023
2023-08-18,Delhi,28.6139,77.209,190.2,109.2,165.3,42.6,18.1,8.91,8,0.7,8,2023
2023-08-18,Mumbai,19.076,72.8777,10.0,9.5,26.8,4.9,0.6,0.45,8,0.7,8,2023
2023-08-18,Chennai,13.0827,80.2707,52.5,32.0,47.0,9.8,8.6,1.14,8,0.7,8,2023
2023-08-18,Kolkata,22.5726,88.3639,161.9,96.6,160.9,41.8,15.5,7.85,8,0.7,8,2023
2023-08-18,Bengaluru,12.9716,77.5946,71.2,37.0,57.9,10.7,5.3,3.65,8,0.7,8,2023
2023-08-18,Hyderabad,17.385,78.4867,94.5,46.8,84.0,25.9,9.1,4.09,8,0.7,8,2023
2023-08-18,Puducherry,11.9416,79.8083,44.3,23.9,34.8,11.8,9.0,1.47,8,0.7,8,2023
2023-08-18,Lucknow,26.8467,80.9462,133.3,79.7,114.5,37.7,8.6,6.13,8,0.7,8,2023
2023-08-18,Patna,25.5941,85.1376,225.3,133.7,196.2,58.1,24.3,11.48,8,0.7,8,2023
2023-08-18,Ahmedabad,23.0225,72.5714,75.9,47.8,65.1,22.0,10.6,1.19,8,0.7,8,2023
2023-08-19,Delhi,28.6139,77.209,204.9,114.3,203.9,49.4,22.0,10.21,8,0.7,8,2023
2023-08-19,Mumbai,19.076,72.8777,65.9,34.9,72.0,20.3,10.5,3.35,8,0.7,8,2023
2023-08-19,Chennai,13.0827,80.2707,70.2,40.8,60.9,13.4,7.2,2.72,8,0.7,8,2023
2023-08-19,Kolkata,22.5726,88.3639,148.1,89.7,135.6,43.7,14.7,8.16,8,0.7,8,2023
2023-08-19,Bengaluru,12.9716,77.5946,131.5,85.4,127.6,31.6,13.6,5.26,8,0.7,8,2023
2023-08-19,Hyderabad,17.385,78.4867,101.5,62.3,91.5,29.5,7.7,6.71,8,0.7,8,2023
2023-08-19,Puducherry,11.9416,79.8083,70.5,41.9,62.3,19.5,10.1,3.63,8,0.7,8,2023
2023-08-19,Lucknow,26.8467,80.9462,163.4,98.1,161.3,39.4,16.3,9.63,8,0.7,8,2023
2023-08-19,Patna,25.5941,85.1376,178.3,112.7,153.2,43.8,20.8,8.24,8,0.7,8,2023
2023-08-19,Ahmedabad,23.0225,72.5714,105.2,64.4,86.8,24.6,10.7,5.31,8,0.7,8,2023
2023-08-20,Delhi,28.6139,77.209,298.4,186.7,261.7,75.0,31.2,16.44,8,0.7,8,2023
2023-08-20,Mumbai,19.076,72.8777,126.7,77.5,119.4,34.4,10.8,6.53,8,0.7,8,2023
2023-08-20,Chennai,13.0827,80.2707,99.5,58.7,90.6,23.9,5.3,5.0,8,0.7,8,2023
2023-08-20,Kolkata,22.5726,88.3639,141.1,82.1,117.8,31.8,15.6,9.03,8,0.7,8,2023
2023-08-20,Bengaluru,12.9716,77.5946,111.5,60.2,107.2,25.2,10.0,5.11,8,0.7,8,2023
2023-08-20,Hyderabad,17.385,78.4867,108.7,70.0,97.0,26.9,11.8,6.0,8,0.7,8,2023
2023-08-20,Puducherry,11.9416,79.8083,76.0,39.2,68.6,14.7,7.5,3.57,8,0.7,8,2023
2023-08-20,Lucknow,26.8467,80.9462,151.0,86.6,124.0,29.4,14.8,7.12,8,0.7,8,2023
2023-08-20,Patna,25.5941,85.1376,120.7,79.0,101.8,35.8,15.3,4.08,8,0.7,8,2023
2023-08-20,Ahmedabad,23.0225,72.5714,116.2,67.7,81.3,23.3,13.2,7.83,8,0.7,8,2023
2023-08-21,Delhi,28.6139,77.209,268.2,162.5,241.2,73.8,31.1,12.82,8,0.7,8,2023
2023-08-21,Mumbai,19.076,72.8777,18.0,0.3,26.8,4.3,2.2,0.0,8,0.7,8,2023
2023-08-21,Chennai,13.0827,80.2707,44.2,25.0,41.4,9.5,2.3,1.43,8,0.7,8,2023
2023-08-21,Kolkata,22.5726,88.3639,186.4,113.1,172.7,43.0,12.7,8.8,8,0.7,8,2023
2023-08-21,Bengaluru,12.9716,77.5946,44.0,28.1,65.9,13.8,9.9,2.77,8,0.7,8,2023
2023-08-21,Hyderabad,17.385,78.4867,62.0,38.9,70.0,22.8,5.0,3.35,8,0.7,8,2023
2023-08-21,Puducherry,11.9416,79.8083,23.9,18.5,33.9,6.1,1.1,1.56,8,0.7,8,2023
2023-08-21,Lucknow,26.8467,80.9462,181.1,109.1,164.4,44.6,20.1,9.79,8,0.7,8,2023
2023-08-21,Patna,25.5941,85.1376,99.2,54.5,87.2,27.7,10.2,4.32,8,0.7,8,2023
2023-08-21,Ahmedabad,23.0225,72.5714,123.8,72.6,118.5,32.3,11.7,6.42,8,0.7,8,2023
2023-08-22,Delhi,28.6139,77.209,301.2,177.9,274.3,75.0,31.0,14.41,8,0.7,8,2023
2023-08-22,Mumbai,19.076,72.8777,102.4,67.0,84.7,20.3,7.7,3.95,8,0.7,8,2023
2023-08-22,Chennai,13.0827,80.2707,77.9,39.7,67.7,21.9,8.6,3.51,8,0.7,8,2023
2023-08-22,Kolkata,22.5726,88.3639,135.5,81.8,120.2,33.0,18.0,7.58,8,0.7,8,2023
2023-08-22,Bengaluru,12.9716,77.5946,144.4,84.2,129.3,30.8,12.8,9.12,8,0.7,8,2023
2023-08-22,Hyderabad,17.385,78.4867,65.7,49.0,49.2,12.2,5.9,3.22,8,0.7,8,2023
2023-08-22,Puducherry,11.9416,79.8083,71.0,44.9,60.6,17.2,6.5,2.64,8,0.7,8,2023
2023-08-22,Lucknow,26.8467,80.9462,96.3,62.9,72.0,30.5,8.9,4.04,8,0.7,8,2023
2023-08-22,Patna,25.5941,85.1376,219.8,139.3,206.8,57.0,24.2,9.27,8,0.7,8,2023
2023-08-22,Ahmedabad,23.0225,72.5714,88.5,48.5,89.4,20.6,10.5,4.96,8,0.7,8,2023
2023-08-23,Delhi,28.6139,77.209,127.0,73.3,124.7,28.6,12.9,5.57,8,0.7,8,2023
2023-08-23,Mumbai,19.076,72.8777,85.4,51.0,70.6,17.5,9.1,3.43,8,0.7,8,2023
2023-08-23,Chennai,13.0827,80.2707,42.7,20.9,37.8,14.4,7.3,1.41,8,0.7,8,2023
2023-08-23,Kolkata,22.5726,88.3639,233.5,135.1,218.8,55.5,21.6,10.93,8,0.7,8,2023
2023-08-23,Bengaluru,12.9716,77.5946,68.4,43.9,66.9,13.3,4.9,2.5,8,0.7,8,2023
2023-08-23,Hyderabad,17.385,78.4867,80.1,47.0,64.5,21.1,12.5,3.5,8,0.7,8,2023
2023-08-23,Puducherry,11.9416,79.8083,43.8,29.1,34.9,13.6,2.9,4.02,8,0.7,8,2023
2023-08-23,Lucknow,26.8467,80.9462,176.4,102.7,154.1,42.0,20.4,7.55,8,0.7,8,2023
2023-08-23,Patna,25.5941,85.1376,121.2,69.9,109.0,29.2,9.1,5.66,8,0.7,8,2023
2023-08-23,Ahmedabad,23.0225,72.5714,107.5,61.4,102.2,30.6,10.6,5.61,8,0.7,8,2023
2023-08-24,Delhi,28.6139,77.209,23.1,11.8,28.8,4.1,0.8,3.43,8,0.7,8,2023
2023-08-24,Mumbai,19.076,72.8777,170.8,104.8,162.8,33.8,15.5,8.07,8,0.7,8,2023
2023-08-24,Chennai,13.0827,80.2707,57.1,31.8,31.0,15.8,6.8,4.46,8,0.7,8,2023
2023-08-24,Kolkata,22.5726,88.3639,86.6,47.6,56.5,20.5,10.5,3.72,8,0.7,8,2023
2023-08-24,Bengaluru,12.9716,77.5946,134.3,79.3,122.0,28.1,14.0,4.74,8,0.7,8,2023
2023-08-24,Hyderabad,17.385,78.4867,108.3,68.6,108.3,23.0,11.2,5.98,8,0.7,8,2023
2023-08-24,Puducherry,11.9416,79.8083,61.3,32.5,36.0,16.7,5.8,2.5,8,0.7,8,2023
2023-08-24,Lucknow,26.8467,80.9462,203.7,122.0,172.8,43.2,18.1,12.58,8,0.7,8,2023
2023-08-24,Patna,25.5941,85.1376,218.6,132.1,195.3,53.7,24.2,10.44,8,0.7,8,2023
2023-08-24,Ahmedabad,23.0225,72.5714,138.0,81.1,139.7,37.5,16.3,6.32,8,0.7,8,2023
2023-08-25,Delhi,28.6139,77.209,280.7,166.9,253.5,76.7,26.0,14.24,8,0.7,8,2023
2023-08-25,Mumbai,19.076,72.8777,115.5,71.9,100.3,37.2,9.0,7.23,8,0.7,8,2023
2023-08-25,Chennai,13.0827,80.2707,93.4,65.5,71.4,19.9,12.3,2.79,8,0.7,8,2023
2023-08-25,Kolkata,22.5726,88.3639,45.7,25.0,42.7,17.8,4.2,1.68,8,0.7,8,2023
2023-08-25,Bengaluru,12.9716,77.5946,79.3,49.9,74.9,19.1,4.0,3.05,8,0.7,8,2023
2023-08-25,Hyderabad,17.385,78.4867,133.7,81.2,117.7,37.9,11.1,6.46,8,0.7,8,2023
2023-08-25,Puducherry,11.9416,79.8083,55.3,31.0,50.6,13.1,2.7,2.95,8,0.7,8,2023
2023-08-25,Lucknow,26.8467,80.9462,67.7,41.4,71.9,15.8,4.4,3.26,8,0.7,8,2023
2023-08-25,Patna,25.5941,85.1376,109.8,68.9,97.6,34.3,13.3,5.34,8,0.7,8,2023
2023-08-25,Ahmedabad,23.0225,72.5714,144.2,84.6,130.1,34.6,16.0,8.64,8,0.7,8,2023
2023-08-26,Delhi,28.6139,77.209,259.9,160.5,241.3,67.2,23.7,14.7,8,0.7,8,2023
2023-08-26,Mumbai,19.076,72.8777,170.2,101.0,150.2,45.0,18.1,8.31,8,0.7,8,2023
2023-08-26,Chennai,13.0827,80.2707,31.7,20.5,32.9,10.8,3.9,1.31,8,0.7,8,2023
2023-08-26,Kolkata,22.5726,88.3639,175.7,105.7,154.4,43.2,14.1,8.6,8,0.7,8,2023
2023-08-26,Bengaluru,12.9716,77.5946,90.7,56.1,93.8,21.6,10.0,5.33,8,0.7,8,2023
2023-08-26,Hyderabad,17.385,78.4867,166.0,100.3,141.0,44.9,20.3,7.98,8,0.7,8,2023
2023-08-26,Puducherry,11.9416,79.8083,69.3,47.7,70.5,17.8,5.5,3.38,8,0.7,8,2023
2023-08-26,Lucknow,26.8467,80.9462,183.8,114.8,168.1,44.4,19.5,10.05,8,0.7,8,2023
2023-08-26,Patna,25.5941,85.1376,194.6,112.6,173.7,52.4,16.7,7.64,8,0.7,8,2023
2023-08-26,Ahmedabad,23.0225,72.5714,179.9,110.5,166.8,40.7,19.5,9.27,8,0.7,8,2023
2023-08-27,Delhi,28.6139,77.209,69.3,48.7,63.6,15.7,6.2,1.45,8,0.7,8,2023
2023-08-27,Mumbai,19.076,72.8777,121.7,74.3,108.0,35.5,9.4,5.49,8,0.7,8,2023
2023-08-27,Chennai,13.0827,80.2707,41.7,23.6,38.1,12.1,3.5,1.21,8,0.7,8,2023
2023-08-27,Kolkata,22.5726,88.3639,210.3,138.2,190.4,49.5,24.0,9.07,8,0.7,8,2023
2023-08-27,Bengaluru,12.9716,77.5946,60.0,32.5,44.7,13.9,4.3,3.01,8,0.7,8,2023
2023-08-27,Hyderabad,17.385,78.4867,85.0,47.9,73.5,20.3,10.1,4.1,8,0.7,8,2023
2023-08-27,Puducherry,11.9416,79.8083,69.0,44.3,66.7,22.8,4.7,2.98,8,0.7,8,2023
2023-08-27,Lucknow,26.8467,80.9462,268.6,159.9,219.2,66.3,27.1,10.81,8,0.7,8,2023
2023-08-27,Patna,25.5941,85.1376,261.4,153.3,237.9,64.4,23.6,12.0,8,0.7,8,2023
2023-08-27,Ahmedabad,23.0225,72.5714,69.9,47.4,61.7,15.4,5.1,4.69,8,0.7,8,2023
2023-08-28,Delhi,28.6139,77.209,313.1,193.8,285.7,79.4,28.9,15.41,8,0.7,8,2023
2023-08-28,Mumbai,19.076,72.8777,70.6,33.2,72.0,14.9,9.5,4.41,8,0.7,8,2023
2023-08-28,Chennai,13.0827,80.2707,76.9,49.2,64.3,26.7,7.8,4.15,8,0.7,8,2023
2023-08-28,Kolkata,22.5726,88.3639,93.5,51.4,88.0,24.2,7.8,3.24,8,0.7,8,2023
2023-08-28,Bengaluru,12.9716,77.5946,31.9,25.1,23.8,6.6,6.1,0.47,8,0.7,8,2023
2023-08-28,Hyderabad,17.385,78.4867,58.6,31.3,65.7,22.6,7.4,3.71,8,0.7,8,2023
2023-08-28,Puducherry,11.9416,79.8083,40.9,34.3,39.0,13.6,3.9,1.78,8,0.7,8,2023
2023-08-28,Lucknow,26.8467,80.9462,262.1,160.0,247.5,66.5,24.5,12.52,8,0.7,8,2023
2023-08-28,Patna,25.5941,85.1376,175.2,102.0,148.8,48.6,16.4,8.9,8,0.7,8,2023
2023-08-28,Ahmedabad,23.0225,72.5714,125.3,72.2,124.4,26.9,13.1,6.51,8,0.7,8,2023
2023-08-29,Delhi,28.6139,77.209,191.7,108.5,179.5,50.9,17.8,10.29,8,0.7,8,2023
2023-08-29,Mumbai,19.076,72.8777,113.0,61.4,94.9,32.8,11.9,5.09,8,0.7,8,2023
2023-08-29,Chennai,13.0827,80.2707,41.5,22.3,33.8,7.0,0.7,3.22,8,0.7,8,2023
2023-08-29,Kolkata,22.5726,88.3639,174.5,98.3,158.1,40.0,16.9,8.38,8,0.7,8,2023
2023-08-29,Bengaluru,12.9716,77.5946,57.2,44.3,48.0,11.1,4.2,3.9,8,0.7,8,2023
2023-08-29,Hyderabad,17.385,78.4867,26.2,11.9,35.2,7.5,3.0,3.44,8,0.7,8,2023
2023-08-29,Puducherry,11.9416,79.8083,57.4,30.9,49.4,9.8,8.3,3.44,8,0.7,8,2023
2023-08-29,Lucknow,26.8467,80.9462,227.1,142.3,201.1,53.0,22.6,10.48,8,0.7,8,2023
2023-08-29,Patna,25.5941,85.1376,179.5,113.4,160.2,45.5,17.8,9.78,8,0.7,8,2023
2023-08-29,Ahmedabad,23.0225,72.5714,81.9,38.2,77.5,24.4,9.1,3.45,8,0.7,8,2023
2023-08-30,Delhi,28.6139,77.209,105.2,65.6,95.8,25.8,14.2,4.31,8,0.7,8,2023
2023-08-30,Mumbai,19.076,72.8777,169.0,101.6,137.4,41.5,18.8,8.08,8,0.7,8,2023
2023-08-30,Chennai,13.0827,80.2707,26.1,14.8,16.6,8.5,4.2,0.25,8,0.7,8,2023
2023-08-30,Kolkata,22.5726,88.3639,90.7,58.2,74.8,18.3,6.7,4.89,8,0.7,8,2023
2023-08-30,Bengaluru,12.9716,77.5946,79.3,44.2,71.4,25.9,6.0,2.01,8,0.7,8,2023
2023-08-30,Hyderabad,17.385,78.4867,99.9,59.4,84.2,27.6,11.7,2.79,8,0.7,8,2023
2023-08-30,Puducherry,11.9416,79.8083,39.4,35.2,40.1,12.6,6.3,1.99,8,0.7,8,2023
2023-08-30,Lucknow,26.8467,80.9462,205.8,127.1,189.5,50.2,20.9,9.7,8,0.7,8,2023
2023-08-30,Patna,25.5941,85.1376,168.9,95.5,145.7,41.1,15.0,7.94,8,0.7,8,2023
2023-08-30,Ahmedabad,23.0225,72.5714,104.6,64.8,101.7,24.3,13.1,6.17,8,0.7,8,2023
2023-08-31,Delhi,28.6139,77.209,236.3,142.5,215.2,63.8,26.1,13.15,8,0.7,8,2023
2023-08-31,Mumbai,19.076,72.8777,99.7,62.6,100.5,22.4,9.3,5.0,8,0.7,8,2023
2023-08-31,Chennai,13.0827,80.2707,85.5,55.9,75.1,15.3,9.0,3.36,8,0.7,8,2023
2023-08-31,Kolkata,22.5726,88.3639,51.5,24.6,49.0,18.3,5.2,2.79,8,0.7,8,2023
2023-08-31,Bengaluru,12.9716,77.5946,105.5,55.6,99.1,26.3,11.7,4.79,8,0.7,8,2023
2023-08-31,Hyderabad,17.385,78.4867,55.4,33.9,63.1,17.3,4.5,1.43,8,0.7,8,2023
2023-08-31,Puducherry,11.9416,79.8083,18.9,17.9,9.4,3.4,4.5,0.0,8,0.7,8,2023
2023-08-31,Lucknow,26.8467,80.9462,251.0,149.3,216.7,61.8,23.7,12.99,8,0.7,8,2023
2023-08-31,Patna,25.5941,85.1376,122.6,64.0,108.6,25.2,12.7,4.94,8,0.7,8,2023
2023-08-31,Ahmedabad,23.0225,72.5714,90.0,54.9,79.3,23.5,10.4,3.34,8,0.7,8,2023
2023-09-01,Delhi,28.6139,77.209,190.8,97.8,173.7,46.5,17.1,9.86,9,0.7,9,2023
2023-09-01,Mumbai,19.076,72.8777,144.9,84.6,122.9,36.9,11.8,6.58,9,0.7,9,2023
2023-09-01,Chennai,13.0827,80.2707,93.6,56.5,69.2,16.2,9.7,5.54,9,0.7,9,2023
2023-09-01,Kolkata,22.5726,88.3639,45.1,29.3,51.2,18.8,5.2,2.76,9,0.7,9,2023
2023-09-01,Bengaluru,12.9716,77.5946,10.0,16.5,4.4,0.0,0.5,2.01,9,0.7,9,2023
2023-09-01,Hyderabad,17.385,78.4867,161.3,97.4,153.2,40.5,14.1,9.54,9,0.7,9,2023
2023-09-01,Puducherry,11.9416,79.8083,40.1,31.7,46.5,12.5,7.7,4.24,9,0.7,9,2023
2023-09-01,Lucknow,26.8467,80.9462,142.6,81.5,113.4,44.6,13.4,8.27,9,0.7,9,2023
2023-09-01,Patna,25.5941,85.1376,116.1,77.4,98.9,24.3,11.2,5.27,9,0.7,9,2023
2023-09-01,Ahmedabad,23.0225,72.5714,138.8,83.0,129.9,33.5,12.5,6.36,9,0.7,9,2023
2023-09-02,Delhi,28.6139,77.209,359.6,216.9,307.8,87.8,36.2,19.83,9,0.7,9,2023
2023-09-02,Mumbai,19.076,72.8777,139.1,78.9,144.5,34.7,16.4,5.8,9,0.7,9,2023
2023-09-02,Chennai,13.0827,80.2707,10.0,0.0,0.0,10.9,1.4,0.0,9,0.7,9,2023
2023-09-02,Kolkata,22.5726,88.3639,148.6,90.1,138.7,42.0,14.3,6.55,9,0.7,9,2023
2023-09-02,Bengaluru,12.9716,77.5946,94.8,60.9,86.1,32.4,8.6,3.84,9,0.7,9,2023
2023-09-02,Hyderabad,17.385,78.4867,98.6,55.8,92.7,21.3,9.1,6.82,9,0.7,9,2023
2023-09-02,Puducherry,11.9416,79.8083,44.4,22.6,49.3,6.9,3.1,2.8,9,0.7,9,2023
2023-09-02,Lucknow,26.8467,80.9462,215.0,135.1,187.5,56.1,20.6,10.14,9,0.7,9,2023
2023-09-02,Patna,25.5941,85.1376,252.2,148.6,229.2,63.7,23.1,13.58,9,0.7,9,2023
2023-09-02,Ahmedabad,23.0225,72.5714,137.2,72.4,125.7,31.2,15.9,5.41,9,0.7,9,2023
2023-09-03,Delhi,28.6139,77.209,167.5,102.3,151.2,44.9,13.7,10.03,9,0.7,9,2023
2023-09-03,Mumbai,19.076,72.8777,119.0,78.2,114.1,29.7,9.3,5.39,9,0.7,9,2023
2023-09-03,Chennai,13.0827,80.2707,102.7,68.5,87.5,14.4,9.8,4.85,9,0.7,9,2023
2023-09-03,Kolkata,22.5726,88.3639,113.5,70.7,109.2,32.3,12.2,3.87,9,0.7,9,2023
2023-09-03,Bengaluru,12.9716,77.5946,59.8,47.4,56.8,16.4,6.7,3.41,9,0.7,9,2023
2023-09-03,Hyderabad,17.385,78.4867,10.0,4.8,8.7,7.6,1.1,0.0,9,0.7,9,2023
2023-09-03,Puducherry,11.9416,79.8083,61.1,32.6,45.3,11.9,7.2,4.31,9,0.7,9,2023
2023-09-03,Lucknow,26.8467,80.9462,185.4,114.4,170.6,46.8,19.9,6.85,9,0.7,9,2023
2023-09-03,Patna,25.5941,85.1376,175.8,100.3,167.5,43.4,17.6,7.28,9,0.7,9,2023
2023-09-03,Ahmedabad,23.0225,72.5714,157.8,97.8,146.5,36.2,14.2,8.11,9,0.7,9,2023
2023-09-04,Delhi,28.6139,77.209,140.4,86.4,109.1,33.1,17.6,7.46,9,0.7,9,2023
2023-09-04,Mumbai,19.076,72.8777,104.7,72.7,75.5,22.9,9.7,6.09,9,0.7,9,2023
2023-09-04,Chennai,13.0827,80.2707,84.9,46.6,84.4,19.6,10.9,3.21,9,0.7,9,2023
2023-09-04,Kolkata,22.5726,88.3639,119.8,69.4,116.3,27.9,11.9,6.5,9,0.7,9,2023
2023-09-04,Bengaluru,12.9716,77.5946,86.4,56.3,79.4,19.9,7.9,4.35,9,0.7,9,2023
2023-09-04,Hyderabad,17.385,78.4867,92.7,54.9,83.6,17.1,10.6,4.82,9,0.7,9,2023
2023-09-04,Puducherry,11.9416,79.8083,72.5,43.5,51.3,16.7,6.9,4.37,9,0.7,9,2023
2023-09-04,Lucknow,26.8467,80.9462,19.4,11.8,21.6,2.2,2.1,0.34,9,0.7,9,2023
2023-09-04,Patna,25.5941,85.1376,116.9,68.1,99.5,32.0,10.2,4.94,9,0.7,9,2023
2023-09-04,Ahmedabad,23.0225,72.5714,191.6,119.8,157.5,44.8,19.6,9.9,9,0.7,9,2023
2023-09-05,Delhi,28.6139,77.209,76.8,51.9,75.7,21.1,10.4,4.29,9,0.7,9,2023
2023-09-05,Mumbai,19.076,72.8777,115.9,77.3,113.1,25.6,12.9,5.13,9,0.7,9,2023
2023-09-05,Chennai,13.0827,80.2707,75.6,47.7,57.0,18.4,8.1,3.34,9,0.7,9,2023
2023-09-05,Kolkata,22.5726,88.3639,141.7,89.0,127.3,36.3,16.9,7.56,9,0.7,9,2023
2023-09-05,Bengaluru,12.9716,77.5946,76.0,40.8,73.8,20.3,10.2,3.85,9,0.7,9,2023
2023-09-05,Hyderabad,17.385,78.4867,20.4,3.7,24.2,2.8,2.9,1.13,9,0.7,9,2023
2023-09-05,Puducherry,11.9416,79.8083,49.2,29.0,37.4,12.2,3.8,2.09,9,0.7,9,2023
2023-09-05,Lucknow,26.8467,80.9462,133.0,78.7,127.1,32.7,15.3,8.19,9,0.7,9,2023
2023-09-05,Patna,25.5941,85.1376,227.8,139.4,207.6,60.4,23.0,12.37,9,0.7,9,2023
2023-09-05,Ahmedabad,23.0225,72.5714,139.6,82.0,132.8,35.3,13.7,6.5,9,0.7,9,2023
2023-09-06,Delhi,28.6139,77.209,209.3,130.6,195.5,53.7,22.1,11.74,9,0.7,9,2023
2023-09-06,Mumbai,19.076,72.8777,92.0,49.6,93.2,20.9,7.8,2.8,9,0.7,9,2023
2023-09-06,Chennai,13.0827,80.2707,77.3,38.3,63.6,21.7,9.2,3.21,9,0.7,9,2023
2023-09-06,Kolkata,22.5726,88.3639,119.3,67.2,103.0,30.9,10.9,5.72,9,0.7,9,2023
2023-09-06,Bengaluru,12.9716,77.5946,26.1,21.3,27.6,9.7,5.2,0.48,9,0.7,9,2023
2023-09-06,Hyderabad,17.385,78.4867,71.5,33.4,89.5,17.3,9.2,2.34,9,0.7,9,2023
2023-09-06,Puducherry,11.9416,79.8083,72.4,52.7,64.7,14.1,7.0,1.39,9,0.7,9,2023
2023-09-06,Lucknow,26.8467,80.9462,151.5,95.0,136.1,36.7,16.2,8.18,9,0.7,9,2023
2023-09-06,Patna,25.5941,85.1376,51.8,31.5,66.1,7.6,5.0,4.53,9,0.7,9,2023
2023-09-06,Ahmedabad,23.0225,72.5714,161.7,94.5,147.2,40.4,14.7,8.01,9,0.7,9,2023
2023-09-07,Delhi,28.6139,77.209,173.6,104.7,150.3,38.3,17.3,10.4,9,0.7,9,2023
2023-09-07,Mumbai,19.076,72.8777,101.3,59.1,97.2,24.7,13.9,5.06,9,0.7,9,2023
2023-09-07,Chennai,13.0827,80.2707,80.5,44.5,76.5,21.2,7.9,3.52,9,0.7,9,2023
2023-09-07,Kolkata,22.5726,88.3639,94.1,57.9,89.7,23.0,10.0,4.67,9,0.7,9,2023
2023-09-07,Bengaluru,12.9716,77.5946,73.0,42.8,65.8,29.0,7.9,4.3,9,0.7,9,2023
2023-09-07,Hyderabad,17.385,78.4867,99.3,58.3,99.7,23.7,12.0,4.63,9,0.7,9,2023
2023-09-07,Puducherry,11.9416,79.8083,33.3,21.8,21.1,10.5,0.9,1.35,9,0.7,9,2023
2023-09-07,Lucknow,26.8467,80.9462,60.9,50.7,41.6,15.3,8.4,4.08,9,0.7,9,2023
2023-09-07,Patna,25.5941,85.1376,227.6,135.0,215.6,60.6,23.2,11.62,9,0.7,9,2023
2023-09-07,Ahmedabad,23.0225,72.5714,98.3,54.4,98.4,29.8,8.1,4.76,9,0.7,9,2023
2023-09-08,Delhi,28.6139,77.209,184.5,110.5,166.6,49.9,17.0,8.38,9,0.7,9,2023
2023-09-08,Mumbai,19.076,72.8777,147.5,86.2,122.6,34.9,14.1,8.93,9,0.7,9,2023
2023-09-08,Chennai,13.0827,80.2707,86.1,57.4,84.0,25.3,7.2,4.11,9,0.7,9,2023
2023-09-08,Kolkata,22.5726,88.3639,76.5,44.8,74.3,19.7,10.3,2.68,9,0.7,9,2023
2023-09-08,Bengaluru,12.9716,77.5946,85.0,44.8,77.3,24.2,8.1,4.8,9,0.7,9,2023
2023-09-08,Hyderabad,17.385,78.4867,50.4,21.9,49.8,19.6,3.0,3.74,9,0.7,9,2023
2023-09-08,Puducherry,11.9416,79.8083,53.4,25.4,39.0,13.4,4.5,1.36,9,0.7,9,2023
2023-09-08,Lucknow,26.8467,80.9462,43.9,22.1,41.1,10.9,3.4,2.4,9,0.7,9,2023
2023-09-08,Patna,25.5941,85.1376,240.8,146.5,215.7,63.9,22.2,11.82,9,0.7,9,2023
2023-09-08,Ahmedabad,23.0225,72.5714,103.0,55.6,89.3,17.5,14.1,4.21,9,0.7,9,2023
2023-09-09,Delhi,28.6139,77.209,322.9,193.9,295.1,78.8,32.7,16.8,9,0.7,9,2023
2023-09-09,Mumbai,19.076,72.8777,124.6,78.6,109.2,29.2,9.3,6.75,9,0.7,9,2023
2023-09-09,Chennai,13.0827,80.2707,90.1,62.1,83.5,19.5,5.6,5.55,9,0.7,9,2023
2023-09-09,Kolkata,22.5726,88.3639,36.2,20.0,30.8,8.8,3.7,1.95,9,0.7,9,2023
2023-09-09,Bengaluru,12.9716,77.5946,10.0,6.1,0.0,5.4,0.0,0.0,9,0.7,9,2023
2023-09-09,Hyderabad,17.385,78.4867,55.5,30.4,59.5,14.7,6.2,3.96,9,0.7,9,2023
2023-09-09,Puducherry,11.9416,79.8083,50.6,34.1,51.0,7.5,8.0,1.11,9,0.7,9,2023
2023-09-09,Lucknow,26.8467,80.9462,213.6,120.6,197.0,60.8,20.9,10.42,9,0.7,9,2023
2023-09-09,Patna,25.5941,85.1376,210.7,124.8,204.2,53.4,20.4,9.99,9,0.7,9,2023
2023-09-09,Ahmedabad,23.0225,72.5714,70.0,38.9,60.2,15.5,5.7,5.6,9,0.7,9,2023
2023-09-10,Delhi,28.6139,77.209,113.6,68.9,107.0,30.9,11.2,5.44,9,0.7,9,2023
2023-09-10,Mumbai,19.076,72.8777,116.1,71.0,102.4,22.8,10.7,4.66,9,0.7,9,2023
2023-09-10,Chennai,13.0827,80.2707,46.3,27.9,44.5,18.7,3.6,3.09,9,0.7,9,2023
2023-09-10,Kolkata,22.5726,88.3639,141.3,91.3,131.8,31.3,10.7,7.38,9,0.7,9,2023
2023-09-10,Bengaluru,12.9716,77.5946,54.1,27.6,38.5,14.2,8.4,2.3,9,0.7,9,2023
2023-09-10,Hyderabad,17.385,78.4867,104.7,62.3,83.9,29.1,8.3,5.26,9,0.7,9,2023
2023-09-10,Puducherry,11.9416,79.8083,45.7,31.9,32.7,13.0,2.9,1.77,9,0.7,9,2023
2023-09-10,Lucknow,26.8467,80.9462,10.0,16.5,13.4,0.0,0.0,0.0,9,0.7,9,2023
2023-09-10,Patna,25.5941,85.1376,218.2,121.5,195.2,61.6,19.6,10.99,9,0.7,9,2023
2023-09-10,Ahmedabad,23.0225,72.5714,211.1,129.8,191.0,54.8,20.3,11.85,9,0.7,9,2023
2023-09-11,Delhi,28.6139,77.209,164.1,88.7,144.6,37.2,15.8,7.95,9,0.7,9,2023
2023-09-11,Mumbai,19.076,72.8777,145.9,91.0,133.4,36.5,12.5,5.11,9,0.7,9,2023
2023-09-11,Chennai,13.0827,80.2707,65.8,43.5,58.4,14.3,7.5,3.21,9,0.7,9,2023
2023-09-11,Kolkata,22.5726,88.3639,210.3,132.3,196.9,55.6,18.4,11.18,9,0.7,9,2023
2023-09-11,Bengaluru,12.9716,77.5946,81.3,51.8,77.1,22.1,13.5,3.99,9,0.7,9,2023
2023-09-11,Hyderabad,17.385,78.4867,116.8,67.7,111.4,33.0,12.4,7.51,9,0.7,9,2023
2023-09-11,Puducherry,11.9416,79.8083,34.8,18.4,33.0,12.2,3.8,3.03,9,0.7,9,2023
2023-09-11,Lucknow,26.8467,80.9462,111.0,60.9,102.4,27.4,12.2,5.52,9,0.7,9,2023
2023-09-11,Patna,25.5941,85.1376,144.2,86.1,130.0,34.8,14.0,6.81,9,0.7,9,2023
2023-09-11,Ahmedabad,23.0225,72.5714,150.5,91.3,153.5,38.3,13.9,10.2,9,0.7,9,2023
2023-09-12,Delhi,28.6139,77.209,229.1,142.4,210.9,59.8,24.0,10.35,9,0.7,9,2023
2023-09-12,Mumbai,19.076,72.8777,112.7,61.0,100.0,25.3,12.0,5.97,9,0.7,9,2023
2023-09-12,Chennai,13.0827,80.2707,75.0,46.4,62.6,17.7,9.3,4.82,9,0.7,9,2023
2023-09-12,Kolkata,22.5726,88.3639,68.7,33.6,56.0,21.4,9.3,2.51,9,0.7,9,2023
2023-09-12,Bengaluru,12.9716,77.5946,79.2,56.7,74.6,25.5,9.9,3.05,9,0.7,9,2023
2023-09-12,Hyderabad,17.385,78.4867,77.4,46.6,70.5,23.0,8.6,0.93,9,0.7,9,2023
2023-09-12,Puducherry,11.9416,79.8083,26.2,4.8,25.0,7.5,3.2,0.35,9,0.7,9,2023
2023-09-12,Lucknow,26.8467,80.9462,197.8,122.3,168.0,43.6,19.8,11.68,9,0.7,9,2023
2023-09-12,Patna,25.5941,85.1376,287.0,175.0,252.5,75.3,27.8,13.58,9,0.7,9,2023
2023-09-12,Ahmedabad,23.0225,72.5714,15.5,9.8,8.9,4.3,0.0,0.94,9,0.7,9,2023
2023-09-13,Delhi,28.6139,77.209,10.0,11.4,13.2,1.4,2.1,0.0,9,0.7,9,2023
2023-09-13,Mumbai,19.076,72.8777,100.9,64.5,66.1,23.4,10.0,4.85,9,0.7,9,2023
2023-09-13,Chennai,13.0827,80.2707,99.4,54.0,84.5,17.2,13.0,4.72,9,0.7,9,2023
2023-09-13,Kolkata,22.5726,88.3639,104.1,62.2,98.8,27.4,15.7,5.66,9,0.7,9,2023
2023-09-13,Bengaluru,12.9716,77.5946,56.0,30.8,47.3,8.0,5.7,3.58,9,0.7,9,2023
2023-09-13,Hyderabad,17.385,78.4867,62.5,33.5,68.4,9.9,2.1,1.97,9,0.7,9,2023
2023-09-13,Puducherry,11.9416,79.8083,21.7,15.0,16.6,4.5,4.5,0.39,9,0.7,9,2023
2023-09-13,Lucknow,26.8467,80.9462,204.4,130.2,180.3,54.0,20.0,11.14,9,0.7,9,2023
2023-09-13,Patna,25.5941,85.1376,58.0,26.6,49.1,10.9,4.8,2.68,9,0.7,9,2023
2023-09-13,Ahmedabad,23.0225,72.5714,144.4,84.6,123.4,34.7,12.9,6.29,9,0.7,9,2023
2023-09-14,Delhi,28.6139,77.209,67.0,40.5,55.8,20.6,3.8,2.81,9,0.7,9,2023
2023-09-14,Mumbai,19.076,72.8777,170.5,97.6,151.6,37.8,14.4,10.07,9,0.7,9,2023
2023-09-14,Chennai,13.0827,80.2707,67.3,41.0,47.0,18.3,9.0,4.51,9,0.7,9,2023
2023-09-14,Kolkata,22.5726,88.3639,159.4,90.0,146.0,42.5,12.4,6.85,9,0.7,9,2023
2023-09-14,Bengaluru,12.9716,77.5946,96.6,62.3,74.6,27.3,9.9,5.61,9,0.7,9,2023
2023-09-14,Hyderabad,17.385,78.4867,61.8,40.3,62.4,14.0,6.2,2.44,9,0.7,9,2023
2023-09-14,Puducherry,11.9416,79.8083,85.5,50.7,69.6,18.5,8.8,5.03,9,0.7,9,2023
2023-09-14,Lucknow,26.8467,80.9462,67.2,49.6,62.9,18.7,6.5,3.38,9,0.7,9,2023
2023-09-14,Patna,25.5941,85.1376,157.6,99.6,141.8,42.5,14.9,8.08,9,0.7,9,2023
2023-09-14,Ahmedabad,23.0225,72.5714,75.8,51.6,61.6,17.7,7.0,3.44,9,0.7,9,2023
2023-09-15,Delhi,28.6139,77.209,253.8,150.7,239.6,60.2,25.7,11.91,9,0.7,9,2023
2023-09-15,Mumbai,19.076,72.8777,114.8,68.8,102.1,33.5,10.2,6.33,9,0.7,9,2023
2023-09-15,Chennai,13.0827,80.2707,43.8,26.8,29.9,8.3,4.2,4.0,9,0.7,9,2023
2023-09-15,Kolkata,22.5726,88.3639,131.0,86.9,119.7,31.2,16.2,6.99,9,0.7,9,2023
2023-09-15,Bengaluru,12.9716,77.5946,50.7,32.8,43.3,4.7,6.9,3.63,9,0.7,9,2023
2023-09-15,Hyderabad,17.385,78.4867,148.3,91.1,131.5,40.4,16.5,9.05,9,0.7,9,2023
2023-09-15,Puducherry,11.9416,79.8083,51.6,30.1,40.7,15.0,2.1,3.36,9,0.7,9,2023
2023-09-15,Lucknow,26.8467,80.9462,192.2,118.2,174.1,54.2,21.0,9.0,9,0.7,9,2023
2023-09-15,Patna,25.5941,85.1376,126.8,71.7,118.5,27.7,14.8,7.66,9,0.7,9,2023
2023-09-15,Ahmedabad,23.0225,72.5714,72.4,42.5,65.3,21.6,10.5,1.93,9,0.7,9,2023
2023-09-16,Delhi,28.6139,77.209,170.5,101.0,142.2,40.7,17.9,8.25,9,0.7,9,2023
2023-09-16,Mumbai,19.076,72.8777,36.2,36.1,34.7,9.5,1.4,2.07,9,0.7,9,2023
2023-09-16,Chennai,13.0827,80.2707,58.9,25.9,44.4,17.9,9.8,3.31,9,0.7,9,2023
2023-09-16,Kolkata,22.5726,88.3639,181.2,107.9,162.4,49.7,21.4,10.36,9,0.7,9,2023
2023-09-16,Bengaluru,12.9716,77.5946,38.0,22.5,36.4,8.5,4.6,2.72,9,0.7,9,2023
2023-09-16,Hyderabad,17.385,78.4867,119.1,79.9,104.6,24.3,12.6,7.84,9,0.7,9,2023
2023-09-16,Puducherry,11.9416,79.8083,43.0,29.2,44.3,11.5,4.3,1.23,9,0.7,9,2023
2023-09-16,Lucknow,26.8467,80.9462,10.0,0.4,5.9,6.9,0.8,0.0,9,0.7,9,2023
2023-09-16,Patna,25.5941,85.1376,105.6,66.6,105.9,30.7,11.8,3.8,9,0.7,9,2023
2023-09-16,Ahmedabad,23.0225,72.5714,96.2,67.5,95.6,17.9,9.5,5.17,9,0.7,9,2023
2023-09-17,Delhi,28.6139,77.209,135.0,69.5,122.3,30.6,11.9,6.4,9,0.7,9,2023
2023-09-17,Mumbai,19.076,72.8777,92.7,55.6,76.4,22.3,5.8,4.95,9,0.7,9,2023
2023-09-17,Chennai,13.0827,80.2707,10.0,4.6,16.4,0.0,2.4,1.66,9,0.7,9,2023
2023-09-17,Kolkata,22.5726,88.3639,10.0,5.2,0.0,2.0,1.0,0.0,9,0.7,9,2023
2023-09-17,Bengaluru,12.9716,77.5946,127.7,78.1,108.1,37.8,9.2,5.16,9,0.7,9,2023
2023-09-17,Hyderabad,17.385,78.4867,10.0,15.0,11.7,5.1,1.6,1.07,9,0.7,9,2023
2023-09-17,Puducherry,11.9416,79.8083,54.1,33.8,49.6,11.1,5.3,2.98,9,0.7,9,2023
2023-09-17,Lucknow,26.8467,80.9462,161.2,89.3,134.3,44.6,15.5,8.64,9,0.7,9,2023
2023-09-17,Patna,25.5941,85.1376,91.6,47.6,75.7,22.0,7.8,5.87,9,0.7,9,2023
2023-09-17,Ahmedabad,23.0225,72.5714,120.1,81.3,111.3,20.4,14.1,4.5,9,0.7,9,2023
2023-09-18,Delhi,28.6139,77.209,214.4,124.8,210.1,59.4,20.0,10.59,9,0.7,9,2023
2023-09-18,Mumbai,19.076,72.8777,107.8,69.0,97.3,22.9,9.3,5.39,9,0.7,9,2023
2023-09-18,Chennai,13.0827,80.2707,93.9,58.5,78.3,26.1,8.6,5.59,9,0.7,9,2023
2023-09-18,Kolkata,22.5726,88.3639,252.4,149.6,233.6,60.1,25.0,12.65,9,0.7,9,2023
2023-09-18,Bengaluru,12.9716,77.5946,64.2,50.8,55.3,18.4,2.6,3.64,9,0.7,9,2023
2023-09-18,Hyderabad,17.385,78.4867,124.0,71.8,91.5,30.8,12.4,6.92,9,0.7,9,2023
2023-09-18,Puducherry,11.9416,79.8083,92.7,53.7,76.6,18.5,9.7,5.11,9,0.7,9,2023
2023-09-18,Lucknow,26.8467,80.9462,118.5,75.0,110.4,29.8,10.0,5.44,9,0.7,9,2023
2023-09-18,Patna,25.5941,85.1376,10.0,7.2,9.2,3.3,2.0,0.89,9,0.7,9,2023
2023-09-18,Ahmedabad,23.0225,72.5714,107.0,64.4,85.1,24.4,10.8,4.61,9,0.7,9,2023
2023-09-19,Delhi,28.6139,77.209,264.8,155.6,240.1,66.7,28.0,14.14,9,0.7,9,2023
2023-09-19,Mumbai,19.076,72.8777,125.8,64.9,122.8,37.6,11.6,6.53,9,0.7,9,2023
2023-09-19,Chennai,13.0827,80.2707,40.7,14.7,30.7,8.0,3.4,1.08,9,0.7,9,2023
2023-09-19,Kolkata,22.5726,88.3639,89.3,53.5,74.2,24.5,10.3,6.85,9,0.7,9,2023
2023-09-19,Bengaluru,12.9716,77.5946,103.8,63.5,88.5,27.1,11.0,4.68,9,0.7,9,2023
2023-09-19,Hyderabad,17.385,78.4867,111.4,59.8,98.3,30.1,10.6,5.36,9,0.7,9,2023
2023-09-19,Puducherry,11.9416,79.8083,49.7,25.6,54.1,8.4,5.6,2.9,9,0.7,9,2023
2023-09-19,Lucknow,26.8467,80.9462,92.3,55.7,75.8,28.6,7.0,3.96,9,0.7,9,2023
2023-09-19,Patna,25.5941,85.1376,82.3,42.6,86.8,22.7,8.5,3.46,9,0.7,9,2023
2023-09-19,Ahmedabad,23.0225,72.5714,152.8,87.6,143.9,34.7,14.0,8.4,9,0.7,9,2023
2023-09-20,Delhi,28.6139,77.209,265.1,162.0,230.2,64.5,26.8,12.41,9,0.7,9,2023
2023-09-20,Mumbai,19.076,72.8777,152.8,79.7,131.3,36.2,9.6,6.24,9,0.7,9,2023
2023-09-20,Chennai,13.0827,80.2707,78.6,47.3,83.3,25.8,8.7,4.24,9,0.7,9,2023
2023-09-20,Kolkata,22.5726,88.3639,129.3,64.3,105.2,32.7,14.2,6.75,9,0.7,9,2023
2023-09-20,Bengaluru,12.9716,77.5946,43.2,30.6,50.7,14.6,6.3,1.6,9,0.7,9,2023
2023-09-20,Hyderabad,17.385,78.4867,121.7,73.7,113.6,31.9,11.9,5.22,9,0.7,9,2023
2023-09-20,Puducherry,11.9416,79.8083,50.9,35.5,42.3,16.3,6.6,2.25,9,0.7,9,2023
2023-09-20,Lucknow,26.8467,80.9462,244.3,144.8,231.9,62.8,24.4,11.33,9,0.7,9,2023
2023-09-20,Patna,25.5941,85.1376,161.8,96.1,135.6,39.6,14.6,8.68,9,0.7,9,2023
2023-09-20,Ahmedabad,23.0225,72.5714,170.8,96.3,167.4,42.2,15.1,9.3,9,0.7,9,2023
2023-09-21,Delhi,28.6139,77.209,160.3,95.8,141.0,36.8,17.5,7.73,9,0.7,9,2023
2023-09-21,Mumbai,19.076,72.8777,40.5,27.1,26.8,5.5,6.4,0.83,9,0.7,9,2023
2023-09-21,Chennai,13.0827,80.2707,10.0,9.1,6.6,1.6,0.4,0.73,9,0.7,9,2023
2023-09-21,Kolkata,22.5726,88.3639,88.4,60.4,67.8,23.9,10.1,3.66,9,0.7,9,2023
2023-09-21,Bengaluru,12.9716,77.5946,39.3,28.7,27.4,7.4,5.7,2.0,9,0.7,9,2023
2023-09-21,Hyderabad,17.385,78.4867,21.1,21.4,14.7,3.7,2.6,1.68,9,0.7,9,2023
2023-09-21,Puducherry,11.9416,79.8083,91.7,46.7,89.1,25.9,8.9,5.37,9,0.7,9,2023
2023-09-21,Lucknow,26.8467,80.9462,214.7,121.9,207.2,47.4,19.2,10.47,9,0.7,9,2023
2023-09-21,Patna,25.5941,85.1376,302.7,180.1,272.2,81.4,29.7,13.96,9,0.7,9,2023
2023-09-21,Ahmedabad,23.0225,72.5714,93.2,62.8,84.4,31.0,10.8,4.02,9,0.7,9,2023
2023-09-22,Delhi,28.6139,77.209,200.1,115.8,174.7,67.9,22.0,10.87,9,0.7,9,2023
2023-09-22,Mumbai,19.076,72.8777,73.1,51.7,74.6,25.8,11.0,2.18,9,0.7,9,2023
2023-09-22,Chennai,13.0827,80.2707,35.3,16.2,24.2,10.1,2.4,3.84,9,0.7,9,2023
2023-09-22,Kolkata,22.5726,88.3639,221.2,132.7,214.7,61.3,21.2,9.05,9,0.7,9,2023
2023-09-22,Bengaluru,12.9716,77.5946,63.5,34.9,58.8,16.2,6.5,3.7,9,0.7,9,2023
2023-09-22,Hyderabad,17.385,78.4867,41.6,27.0,33.9,11.2,6.1,0.86,9,0.7,9,2023
2023-09-22,Puducherry,11.9416,79.8083,46.9,27.5,38.1,15.3,3.2,1.79,9,0.7,9,2023
2023-09-22,Lucknow,26.8467,80.9462,107.9,70.2,93.2,28.8,14.7,5.32,9,0.7,9,2023
2023-09-22,Patna,25.5941,85.1376,245.8,155.8,229.4,61.4,25.9,11.0,9,0.7,9,2023
2023-09-22,Ahmedabad,23.0225,72.5714,76.9,43.1,87.1,16.0,6.0,2.8,9,0.7,9,2023
2023-09-23,Delhi,28.6139,77.209,240.8,145.2,225.4,62.9,21.3,11.23,9,0.7,9,2023
2023-09-23,Mumbai,19.076,72.8777,152.6,90.5,146.8,37.6,13.3,7.33,9,0.7,9,2023
2023-09-23,Chennai,13.0827,80.2707,38.8,20.5,36.5,11.7,0.7,1.92,9,0.7,9,2023
2023-09-23,Kolkata,22.5726,88.3639,96.7,54.8,88.1,22.0,12.4,6.02,9,0.7,9,2023
2023-09-23,Bengaluru,12.9716,77.5946,105.5,60.8,87.3,26.7,10.2,4.67,9,0.7,9,2023
2023-09-23,Hyderabad,17.385,78.4867,42.8,25.5,35.3,13.5,5.6,3.24,9,0.7,9,2023
2023-09-23,Puducherry,11.9416,79.8083,27.3,18.4,18.8,1.9,1.9,2.43,9,0.7,9,2023
2023-09-23,Lucknow,26.8467,80.9462,129.8,85.7,121.2,30.9,15.3,6.94,9,0.7,9,2023
2023-09-23,Patna,25.5941,85.1376,102.7,70.9,94.5,25.8,8.6,6.31,9,0.7,9,2023
2023-09-23,Ahmedabad,23.0225,72.5714,135.3,84.3,117.7,37.2,15.4,6.1,9,0.7,9,2023
2023-09-24,Delhi,28.6139,77.209,82.6,52.5,61.8,21.3,7.4,5.35,9,0.7,9,2023
2023-09-24,Mumbai,19.076,72.8777,82.3,54.9,70.0,24.6,12.4,3.05,9,0.7,9,2023
2023-09-24,Chennai,13.0827,80.2707,70.3,55.9,63.8,17.8,8.6,3.56,9,0.7,9,2023
2023-09-24,Kolkata,22.5726,88.3639,40.6,30.0,20.5,8.5,6.5,1.67,9,0.7,9,2023
2023-09-24,Bengaluru,12.9716,77.5946,49.2,33.9,37.5,7.4,5.5,2.28,9,0.7,9,2023
2023-09-24,Hyderabad,17.385,78.4867,40.5,27.5,40.2,8.7,3.5,2.5,9,0.7,9,2023
2023-09-24,Puducherry,11.9416,79.8083,76.3,44.4,73.9,21.3,9.4,3.85,9,0.7,9,2023
2023-09-24,Lucknow,26.8467,80.9462,94.7,54.5,88.0,30.9,8.5,5.54,9,0.7,9,2023
2023-09-24,Patna,25.5941,85.1376,145.0,87.6,142.6,39.3,12.0,6.68,9,0.7,9,2023
2023-09-24,Ahmedabad,23.0225,72.5714,168.5,101.8,142.5,38.8,18.3,9.42,9,0.7,9,2023
2023-09-25,Delhi,28.6139,77.209,197.4,130.8,184.3,48.4,18.1,8.9,9,0.7,9,2023
2023-09-25,Mumbai,19.076,72.8777,111.4,64.4,113.6,33.7,12.4,4.39,9,0.7,9,2023
2023-09-25,Chennai,13.0827,80.2707,46.2,34.0,37.1,16.0,5.6,2.36,9,0.7,9,2023
2023-09-25,Kolkata,22.5726,88.3639,90.9,54.1,83.3,26.9,7.3,4.28,9,0.7,9,2023
2023-09-25,Bengaluru,12.9716,77.5946,71.3,46.1,56.9,12.6,8.5,2.05,9,0.7,9,2023
2023-09-25,Hyderabad,17.385,78.4867,129.0,76.6,103.7,30.3,13.7,5.92,9,0.7,9,2023
2023-09-25,Puducherry,11.9416,79.8083,52.9,35.4,46.0,9.5,4.7,4.06,9,0.7,9,2023
2023-09-25,Lucknow,26.8467,80.9462,263.5,148.0,245.9,66.9,28.2,12.62,9,0.7,9,2023
2023-09-25,Patna,25.5941,85.1376,44.2,29.4,32.3,5.5,1.8,2.81,9,0.7,9,2023
2023-09-25,Ahmedabad,23.0225,72.5714,118.3,74.9,111.8,27.9,11.7,5.4,9,0.7,9,2023
2023-09-26,Delhi,28.6139,77.209,179.2,102.7,164.4,49.1,16.3,10.24,9,0.7,9,2023
2023-09-26,Mumbai,19.076,72.8777,102.5,62.7,78.7,18.4,10.5,5.91,9,0.7,9,2023
2023-09-26,Chennai,13.0827,80.2707,46.2,36.1,47.5,7.9,4.7,4.79,9,0.7,9,2023
2023-09-26,Kolkata,22.5726,88.3639,63.9,41.0,54.9,18.8,8.9,2.81,9,0.7,9,2023
2023-09-26,Bengaluru,12.9716,77.5946,103.6,73.3,93.8,29.0,9.2,5.2,9,0.7,9,2023
2023-09-26,Hyderabad,17.385,78.4867,77.8,50.7,79.7,19.0,10.8,5.42,9,0.7,9,2023
2023-09-26,Puducherry,11.9416,79.8083,69.4,39.1,57.6,14.1,8.8,2.26,9,0.7,9,2023
2023-09-26,Lucknow,26.8467,80.9462,198.0,113.4,184.8,49.6,22.5,11.04,9,0.7,9,2023
2023-09-26,Patna,25.5941,85.1376,268.5,168.4,242.8,62.5,24.7,11.34,9,0.7,9,2023
2023-09-26,Ahmedabad,23.0225,72.5714,63.2,38.3,52.4,15.1,7.3,2.86,9,0.7,9,2023
2023-09-27,Delhi,28.6139,77.209,106.3,63.5,88.5,25.5,13.3,5.04,9,0.7,9,2023
2023-09-27,Mumbai,19.076,72.8777,168.8,108.4,147.3,37.8,16.8,9.59,9,0.7,9,2023
2023-09-27,Chennai,13.0827,80.2707,50.7,35.0,55.3,9.6,3.7,3.25,9,0.7,9,2023
2023-09-27,Kolkata,22.5726,88.3639,133.6,76.7,117.4,33.1,10.2,7.45,9,0.7,9,2023
2023-09-27,Bengaluru,12.9716,77.5946,55.6,19.4,49.8,10.9,8.9,2.19,9,0.7,9,2023
2023-09-27,Hyderabad,17.385,78.4867,45.6,29.9,35.8,8.3,5.6,1.24,9,0.7,9,2023
2023-09-27,Puducherry,11.9416,79.8083,23.4,22.7,25.7,4.8,2.3,1.68,9,0.7,9,2023
2023-09-27,Lucknow,26.8467,80.9462,217.3,126.6,198.5,52.3,21.4,11.03,9,0.7,9,2023
2023-09-27,Patna,25.5941,85.1376,167.5,104.2,154.6,35.8,14.0,8.01,9,0.7,9,2023
2023-09-27,Ahmedabad,23.0225,72.5714,194.3,112.3,173.2,46.4,18.3,9.89,9,0.7,9,2023
2023-09-28,Delhi,28.6139,77.209,308.1,187.1,270.9,88.0,31.0,14.83,9,0.7,9,2023
2023-09-28,Mumbai,19.076,72.8777,154.5,90.4,152.4,35.1,18.3,7.93,9,0.7,9,2023
2023-09-28,Chennai,13.0827,80.2707,95.3,66.7,76.7,28.9,6.7,3.72,9,0.7,9,2023
2023-09-28,Kolkata,22.5726,88.3639,85.8,54.0,77.5,20.8,8.9,4.88,9,0.7,9,2023
2023-09-28,Bengaluru,12.9716,77.5946,90.0,59.5,95.6,22.4,8.0,5.11,9,0.7,9,2023
2023-09-28,Hyderabad,17.385,78.4867,44.0,23.0,47.6,10.5,2.0,0.71,9,0.7,9,2023
2023-09-28,Puducherry,11.9416,79.8083,53.5,37.8,57.2,13.8,9.4,2.57,9,0.7,9,2023
2023-09-28,Lucknow,26.8467,80.9462,145.0,74.2,126.9,39.7,17.6,6.42,9,0.7,9,2023
2023-09-28,Patna,25.5941,85.1376,200.4,125.5,180.4,41.0,20.5,10.78,9,0.7,9,2023
2023-09-28,Ahmedabad,23.0225,72.5714,69.4,40.4,53.2,7.1,9.0,3.47,9,0.7,9,2023
2023-09-29,Delhi,28.6139,77.209,323.8,198.6,288.6,80.6,33.5,17.16,9,0.7,9,2023
2023-09-29,Mumbai,19.076,72.8777,110.9,72.1,97.4,23.7,11.0,5.75,9,0.7,9,2023
2023-09-29,Chennai,13.0827,80.2707,33.0,13.1,33.3,6.6,3.0,1.29,9,0.7,9,2023
2023-09-29,Kolkata,22.5726,88.3639,202.0,127.5,171.9,48.4,21.9,10.7,9,0.7,9,2023
2023-09-29,Bengaluru,12.9716,77.5946,68.8,35.6,56.5,15.1,7.4,5.14,9,0.7,9,2023
2023-09-29,Hyderabad,17.385,78.4867,60.0,30.9,53.1,19.1,3.1,4.45,9,0.7,9,2023
2023-09-29,Puducherry,11.9416,79.8083,49.1,25.8,31.4,15.1,4.6,2.63,9,0.7,9,2023
2023-09-29,Lucknow,26.8467,80.9462,95.4,55.6,82.0,23.4,8.2,3.24,9,0.7,9,2023
2023-09-29,Patna,25.5941,85.1376,359.0,208.6,324.6,82.7,31.9,18.05,9,0.7,9,2023
2023-09-29,Ahmedabad,23.0225,72.5714,119.8,78.2,111.0,29.4,10.1,7.49,9,0.7,9,2023
2023-09-30,Delhi,28.6139,77.209,270.3,155.9,243.6,68.2,26.3,14.29,9,0.7,9,2023
2023-09-30,Mumbai,19.076,72.8777,131.3,77.8,115.9,38.8,15.0,6.64,9,0.7,9,2023
2023-09-30,Chennai,13.0827,80.2707,22.3,15.1,25.7,0.0,2.7,0.7,9,0.7,9,2023
2023-09-30,Kolkata,22.5726,88.3639,115.0,64.5,102.3,34.3,10.6,6.72,9,0.7,9,2023
2023-09-30,Bengaluru,12.9716,77.5946,45.8,31.3,41.2,12.9,4.6,2.93,9,0.7,9,2023
2023-09-30,Hyderabad,17.385,78.4867,10.0,0.0,12.3,0.0,0.0,0.45,9,0.7,9,2023
2023-09-30,Puducherry,11.9416,79.8083,35.9,18.1,34.5,13.0,1.7,1.22,9,0.7,9,2023
2023-09-30,Lucknow,26.8467,80.9462,106.5,51.8,97.0,30.4,12.7,4.45,9,0.7,9,2023
2023-09-30,Patna,25.5941,85.1376,80.4,48.3,79.0,20.7,8.6,5.16,9,0.7,9,2023
2023-09-30,Ahmedabad,23.0225,72.5714,78.7,46.1,83.9,18.9,5.3,3.27,9,0.7,9,2023
2023-10-01,Delhi,28.6139,77.209,204.9,124.7,177.2,52.3,19.0,8.12,10,1.0,10,2023
2023-10-01,Mumbai,19.076,72.8777,152.3,92.1,141.2,35.4,13.7,8.02,10,1.0,10,2023
2023-10-01,Chennai,13.0827,80.2707,128.0,76.9,118.6,30.7,9.7,7.37,10,1.0,10,2023
2023-10-01,Kolkata,22.5726,88.3639,225.4,138.8,201.4,58.7,24.3,12.89,10,1.0,10,2023
2023-10-01,Bengaluru,12.9716,77.5946,129.7,78.1,106.3,33.0,13.5,7.19,10,1.0,10,2023
2023-10-01,Hyderabad,17.385,78.4867,167.4,100.0,167.5,34.8,17.6,7.57,10,1.0,10,2023
2023-10-01,Puducherry,11.9416,79.8083,36.9,21.1,21.6,8.6,3.8,2.96,10,1.0,10,2023
2023-10-01,Lucknow,26.8467,80.9462,122.0,77.7,110.6,34.6,11.3,4.77,10,1.0,10,2023
2023-10-01,Patna,25.5941,85.1376,154.8,86.4,143.1,44.6,14.4,8.37,10,1.0,10,2023
2023-10-01,Ahmedabad,23.0225,72.5714,91.4,55.7,87.6,17.1,8.7,5.29,10,1.0,10,2023
2023-10-02,Delhi,28.6139,77.209,45.3,33.9,43.6,14.2,3.7,0.54,10,1.0,10,2023
2023-10-02,Mumbai,19.076,72.8777,161.4,96.4,145.5,44.7,17.7,9.99,10,1.0,10,2023
2023-10-02,Chennai,13.0827,80.2707,93.8,52.8,82.9,25.1,11.4,3.22,10,1.0,10,2023
2023-10-02,Kolkata,22.5726,88.3639,180.4,116.3,160.4,48.8,19.0,9.98,10,1.0,10,2023
2023-10-02,Bengaluru,12.9716,77.5946,75.7,41.4,68.3,12.8,7.0,4.04,10,1.0,10,2023
2023-10-02,Hyderabad,17.385,78.4867,182.5,111.5,169.3,50.3,16.3,8.96,10,1.0,10,2023
2023-10-02,Puducherry,11.9416,79.8083,123.5,73.7,120.1,34.7,9.4,6.49,10,1.0,10,2023
2023-10-02,Lucknow,26.8467,80.9462,229.5,139.3,200.5,52.9,22.0,11.38,10,1.0,10,2023
2023-10-02,Patna,25.5941,85.1376,322.9,202.8,301.8,84.2,30.3,15.74,10,1.0,10,2023
2023-10-02,Ahmedabad,23.0225,72.5714,169.4,98.5,157.1,45.2,18.0,9.5,10,1.0,10,2023
2023-10-03,Delhi,28.6139,77.209,207.6,129.2,181.3,48.1,21.8,11.6,10,1.0,10,2023
2023-10-03,Mumbai,19.076,72.8777,159.5,95.8,146.0,40.4,13.7,6.73,10,1.0,10,2023
2023-10-03,Chennai,13.0827,80.2707,88.0,53.2,79.3,24.7,8.4,4.96,10,1.0,10,2023
2023-10-03,Kolkata,22.5726,88.3639,172.8,112.8,156.2,52.6,18.0,8.43,10,1.0,10,2023
2023-10-03,Bengaluru,12.9716,77.5946,73.0,36.6,57.8,14.7,8.1,3.12,10,1.0,10,2023
2023-10-03,Hyderabad,17.385,78.4867,126.5,82.3,113.1,39.9,10.3,6.17,10,1.0,10,2023
2023-10-03,Puducherry,11.9416,79.8083,64.2,43.2,39.9,10.3,6.2,4.76,10,1.0,10,2023
2023-10-03,Lucknow,26.8467,80.9462,234.7,134.1,201.7,65.4,22.2,10.79,10,1.0,10,2023
2023-10-03,Patna,25.5941,85.1376,343.4,211.1,319.3,82.0,31.3,17.3,10,1.0,10,2023
2023-10-03,Ahmedabad,23.0225,72.5714,175.1,106.9,169.4,36.8,19.2,7.66,10,1.0,10,2023
2023-10-04,Delhi,28.6139,77.209,348.5,206.7,307.1,84.7,32.0,17.47,10,1.0,10,2023
2023-10-04,Mumbai,19.076,72.8777,109.1,69.4,103.3,34.0,11.6,5.98,10,1.0,10,2023
2023-10-04,Chennai,13.0827,80.2707,125.0,71.9,100.6,32.1,9.7,8.7,10,1.0,10,2023
2023-10-04,Kolkata,22.5726,88.3639,252.8,162.5,228.0,65.4,24.4,13.52,10,1.0,10,2023
2023-10-04,Bengaluru,12.9716,77.5946,63.5,25.4,50.8,10.1,9.3,4.99,10,1.0,10,2023
2023-10-04,Hyderabad,17.385,78.4867,70.9,49.0,71.4,11.4,6.3,2.96,10,1.0,10,2023
2023-10-04,Puducherry,11.9416,79.8083,90.0,47.9,80.2,19.8,9.9,4.28,10,1.0,10,2023
2023-10-04,Lucknow,26.8467,80.9462,185.2,110.1,183.0,44.6,16.4,9.84,10,1.0,10,2023
2023-10-04,Patna,25.5941,85.1376,230.0,130.9,224.9,56.1,22.2,11.66,10,1.0,10,2023
2023-10-04,Ahmedabad,23.0225,72.5714,237.9,134.3,216.3,67.8,24.0,10.66,10,1.0,10,2023
2023-10-05,Delhi,28.6139,77.209,230.5,139.3,218.1,56.3,24.7,10.09,10,1.0,10,2023
2023-10-05,Mumbai,19.076,72.8777,82.3,47.0,85.6,20.9,8.8,4.39,10,1.0,10,2023
2023-10-05,Chennai,13.0827,80.2707,117.7,67.6,111.4,26.1,15.7,5.08,10,1.0,10,2023
2023-10-05,Kolkata,22.5726,88.3639,135.9,84.3,122.9,35.3,14.0,5.7,10,1.0,10,2023
2023-10-05,Bengaluru,12.9716,77.5946,148.4,93.5,144.4,35.0,15.7,7.62,10,1.0,10,2023
2023-10-05,Hyderabad,17.385,78.4867,159.5,101.5,145.1,33.8,19.5,8.53,10,1.0,10,2023
2023-10-05,Puducherry,11.9416,79.8083,62.8,39.7,44.4,19.9,3.3,2.92,10,1.0,10,2023
2023-10-05,Lucknow,26.8467,80.9462,235.9,146.7,213.2,61.5,23.5,11.76,10,1.0,10,2023
2023-10-05,Patna,25.5941,85.1376,246.0,146.7,207.9,58.4,25.1,12.05,10,1.0,10,2023
2023-10-05,Ahmedabad,23.0225,72.5714,153.0,90.2,130.8,36.3,14.7,7.66,10,1.0,10,2023
2023-10-06,Delhi,28.6139,77.209,311.5,186.0,272.1,72.3,36.3,14.45,10,1.0,10,2023
2023-10-06,Mumbai,19.076,72.8777,119.3,74.2,110.3,31.9,11.0,6.2,10,1.0,10,2023
2023-10-06,Chennai,13.0827,80.2707,91.5,53.3,84.3,27.1,9.1,4.56,10,1.0,10,2023
2023-10-06,Kolkata,22.5726,88.3639,233.4,144.8,222.7,51.3,25.2,12.27,10,1.0,10,2023
2023-10-06,Bengaluru,12.9716,77.5946,73.4,45.3,74.5,15.0,8.2,4.54,10,1.0,10,2023
2023-10-06,Hyderabad,17.385,78.4867,82.5,48.8,76.7,17.4,6.5,3.99,10,1.0,10,2023
2023-10-06,Puducherry,11.9416,79.8083,91.0,57.8,75.0,25.4,7.4,2.94,10,1.0,10,2023
2023-10-06,Lucknow,26.8467,80.9462,196.1,123.3,181.7,49.0,18.8,9.42,10,1.0,10,2023
2023-10-06,Patna,25.5941,85.1376,247.6,143.2,220.1,61.0,22.1,11.54,10,1.0,10,2023
2023-10-06,Ahmedabad,23.0225,72.5714,178.5,107.1,158.2,41.0,21.0,8.09,10,1.0,10,2023
2023-10-07,Delhi,28.6139,77.209,300.1,177.6,270.4,76.9,27.3,15.0,10,1.0,10,2023
2023-10-07,Mumbai,19.076,72.8777,187.6,121.4,167.8,47.1,23.2,10.51,10,1.0,10,2023
2023-10-07,Chennai,13.0827,80.2707,74.6,41.7,74.8,14.6,9.6,4.06,10,1.0,10,2023
2023-10-07,Kolkata,22.5726,88.3639,205.9,122.3,180.3,57.3,20.1,9.88,10,1.0,10,2023
2023-10-07,Bengaluru,12.9716,77.5946,97.6,59.5,79.6,22.1,8.5,5.73,10,1.0,10,2023
2023-10-07,Hyderabad,17.385,78.4867,89.0,44.6,64.4,16.4,11.6,4.47,10,1.0,10,2023
2023-10-07,Puducherry,11.9416,79.8083,85.0,53.7,76.9,21.0,10.6,4.4,10,1.0,10,2023
2023-10-07,Lucknow,26.8467,80.9462,310.9,189.6,274.9,75.7,29.6,16.76,10,1.0,10,2023
2023-10-07,Patna,25.5941,85.1376,211.6,123.0,193.0,52.5,21.7,12.47,10,1.0,10,2023
2023-10-07,Ahmedabad,23.0225,72.5714,201.1,120.8,169.7,48.3,21.5,8.88,10,1.0,10,2023
2023-10-08,Delhi,28.6139,77.209,451.3,270.9,406.6,110.2,46.1,21.41,10,1.0,10,2023
2023-10-08,Mumbai,19.076,72.8777,226.6,142.5,211.8,51.1,23.1,12.54,10,1.0,10,2023
2023-10-08,Chennai,13.0827,80.2707,104.8,57.9,89.1,24.4,9.3,6.77,10,1.0,10,2023
2023-10-08,Kolkata,22.5726,88.3639,83.9,53.6,65.2,17.1,4.4,3.65,10,1.0,10,2023
2023-10-08,Bengaluru,12.9716,77.5946,145.3,88.5,121.2,40.4,17.0,7.37,10,1.0,10,2023
2023-10-08,Hyderabad,17.385,78.4867,191.2,118.8,177.5,44.6,20.4,9.78,10,1.0,10,2023
2023-10-08,Puducherry,11.9416,79.8083,85.4,47.8,77.9,18.1,4.2,5.27,10,1.0,10,2023
2023-10-08,Lucknow,26.8467,80.9462,122.3,73.9,112.7,31.9,11.7,6.39,10,1.0,10,2023
2023-10-08,Patna,25.5941,85.1376,273.0,167.5,259.6,69.2,27.4,12.74,10,1.0,10,2023
2023-10-08,Ahmedabad,23.0225,72.5714,179.6,111.1,160.1,47.1,17.4,9.65,10,1.0,10,2023
2023-10-09,Delhi,28.6139,77.209,353.0,216.3,318.6,84.1,34.1,18.25,10,1.0,10,2023
2023-10-09,Mumbai,19.076,72.8777,238.0,141.1,217.8,57.3,21.9,11.22,10,1.0,10,2023
2023-10-09,Chennai,13.0827,80.2707,37.9,29.5,16.3,8.4,1.4,1.01,10,1.0,10,2023
2023-10-09,Kolkata,22.5726,88.3639,248.8,150.3,216.2,59.8,23.3,12.4,10,1.0,10,2023
2023-10-09,Bengaluru,12.9716,77.5946,105.2,72.6,79.3,26.2,9.9,6.21,10,1.0,10,2023
2023-10-09,Hyderabad,17.385,78.4867,132.4,82.4,121.9,29.4,15.7,7.42,10,1.0,10,2023
2023-10-09,Puducherry,11.9416,79.8083,93.3,62.3,87.3,29.2,10.1,4.45,10,1.0,10,2023
2023-10-09,Lucknow,26.8467,80.9462,219.6,131.6,193.5,61.4,22.6,11.07,10,1.0,10,2023
2023-10-09,Patna,25.5941,85.1376,267.2,175.2,231.4,63.4,24.0,13.13,10,1.0,10,2023
2023-10-09,Ahmedabad,23.0225,72.5714,171.0,100.3,149.6,43.3,16.1,8.86,10,1.0,10,2023
2023-10-10,Delhi,28.6139,77.209,369.1,224.8,339.2,96.6,37.5,18.3,10,1.0,10,2023
2023-10-10,Mumbai,19.076,72.8777,109.1,63.5,94.0,30.2,11.6,6.15,10,1.0,10,2023
2023-10-10,Chennai,13.0827,80.2707,61.0,43.8,51.5,10.8,5.2,5.53,10,1.0,10,2023
2023-10-10,Kolkata,22.5726,88.3639,160.6,94.7,143.0,39.6,14.5,8.17,10,1.0,10,2023
2023-10-10,Bengaluru,12.9716,77.5946,132.3,81.0,110.2,31.7,12.1,6.67,10,1.0,10,2023
2023-10-10,Hyderabad,17.385,78.4867,166.6,99.2,149.2,48.8,18.4,8.9,10,1.0,10,2023
2023-10-10,Puducherry,11.9416,79.8083,114.2,71.0,86.9,31.9,8.2,6.16,10,1.0,10,2023
2023-10-10,Lucknow,26.8467,80.9462,108.6,62.8,94.8,24.1,10.2,6.46,10,1.0,10,2023
2023-10-10,Patna,25.5941,85.1376,190.0,116.7,163.3,46.7,19.6,8.5,10,1.0,10,2023
2023-10-10,Ahmedabad,23.0225,72.5714,101.0,63.1,99.9,24.9,9.2,5.21,10,1.0,10,2023
2023-10-11,Delhi,28.6139,77.209,284.4,171.9,235.7,66.8,26.7,14.37,10,1.0,10,2023
2023-10-11,Mumbai,19.076,72.8777,147.4,91.6,134.7,31.6,17.6,8.64,10,1.0,10,2023
2023-10-11,Chennai,13.0827,80.2707,58.5,36.8,47.9,15.2,8.0,5.06,10,1.0,10,2023
2023-10-11,Kolkata,22.5726,88.3639,217.6,132.0,193.1,55.1,24.5,10.84,10,1.0,10,2023
2023-10-11,Bengaluru,12.9716,77.5946,73.4,35.9,70.2,19.3,6.0,4.7,10,1.0,10,2023
2023-10-11,Hyderabad,17.385,78.4867,105.2,62.4,94.5,24.9,11.0,6.41,10,1.0,10,2023
2023-10-11,Puducherry,11.9416,79.8083,52.2,33.8,48.4,13.7,7.0,2.66,10,1.0,10,2023
2023-10-11,Lucknow,26.8467,80.9462,251.2,154.3,222.0,64.0,24.6,12.43,10,1.0,10,2023
2023-10-11,Patna,25.5941,85.1376,217.5,132.9,196.4,56.0,21.7,9.27,10,1.0,10,2023
2023-10-11,Ahmedabad,23.0225,72.5714,161.4,97.2,147.2,38.0,13.7,8.69,10,1.0,10,2023
2023-10-12,Delhi,28.6139,77.209,258.1,155.7,230.0,64.5,24.9,11.94,10,1.0,10,2023
2023-10-12,Mumbai,19.076,72.8777,158.9,92.3,144.3,41.4,14.7,6.74,10,1.0,10,2023
2023-10-12,Chennai,13.0827,80.2707,150.7,87.8,140.6,45.4,16.6,7.23,10,1.0,10,2023
2023-10-12,Kolkata,22.5726,88.3639,176.6,101.8,166.0,46.4,16.6,7.79,10,1.0,10,2023
2023-10-12,Bengaluru,12.9716,77.5946,60.4,41.2,55.3,16.0,4.4,1.56,10,1.0,10,2023
2023-10-12,Hyderabad,17.385,78.4867,153.7,92.4,145.6,36.9,14.9,8.4,10,1.0,10,2023
2023-10-12,Puducherry,11.9416,79.8083,89.6,57.7,78.3,24.9,11.2,4.38,10,1.0,10,2023
2023-10-12,Lucknow,26.8467,80.9462,186.6,118.7,162.7,49.2,18.5,7.49,10,1.0,10,2023
2023-10-12,Patna,25.5941,85.1376,319.0,177.6,271.2,81.9,33.0,15.31,10,1.0,10,2023
2023-10-12,Ahmedabad,23.0225,72.5714,166.7,87.4,155.7,42.7,16.6,8.36,10,1.0,10,2023
2023-10-13,Delhi,28.6139,77.209,319.5,191.6,272.6,88.7,34.4,14.69,10,1.0,10,2023
2023-10-13,Mumbai,19.076,72.8777,126.2,74.5,122.2,22.9,11.6,4.55,10,1.0,10,2023
2023-10-13,Chennai,13.0827,80.2707,82.9,47.4,75.2,18.3,6.8,4.76,10,1.0,10,2023
2023-10-13,Kolkata,22.5726,88.3639,202.7,124.4,181.0,48.4,20.0,10.64,10,1.0,10,2023
2023-10-13,Bengaluru,12.9716,77.5946,34.7,22.8,33.7,8.9,3.2,0.0,10,1.0,10,2023
2023-10-13,Hyderabad,17.385,78.4867,104.6,71.7,94.2,24.9,10.5,5.58,10,1.0,10,2023
2023-10-13,Puducherry,11.9416,79.8083,88.2,51.8,82.8,28.8,10.8,6.75,10,1.0,10,2023
2023-10-13,Lucknow,26.8467,80.9462,177.3,114.8,153.2,45.7,19.2,8.35,10,1.0,10,2023
2023-10-13,Patna,25.5941,85.1376,246.2,152.3,215.9,68.2,21.9,14.25,10,1.0,10,2023
2023-10-13,Ahmedabad,23.0225,72.5714,205.1,122.6,181.4,49.2,20.2,10.21,10,1.0,10,2023
2023-10-14,Delhi,28.6139,77.209,380.4,238.1,344.0,91.7,36.9,18.84,10,1.0,10,2023
2023-10-14,Mumbai,19.076,72.8777,98.8,53.4,105.7,25.9,8.2,5.76,10,1.0,10,2023
2023-10-14,Chennai,13.0827,80.2707,60.5,30.8,48.0,21.7,5.5,0.58,10,1.0,10,2023
2023-10-14,Kolkata,22.5726,88.3639,240.5,142.8,201.7,58.9,25.1,12.43,10,1.0,10,2023
2023-10-14,Bengaluru,12.9716,77.5946,154.0,88.1,139.0,35.7,12.3,8.59,10,1.0,10,2023
2023-10-14,Hyderabad,17.385,78.4867,136.2,83.1,126.0,31.3,11.6,6.85,10,1.0,10,2023
2023-10-14,Puducherry,11.9416,79.8083,98.2,67.0,94.7,24.7,10.4,4.92,10,1.0,10,2023
2023-10-14,Lucknow,26.8467,80.9462,153.3,92.1,127.3,37.8,18.6,8.49,10,1.0,10,2023
2023-10-14,Patna,25.5941,85.1376,175.4,104.9,151.2,43.6,19.6,9.42,10,1.0,10,2023
2023-10-14,Ahmedabad,23.0225,72.5714,271.8,169.0,246.3,70.7,26.8,12.46,10,1.0,10,2023
2023-10-15,Delhi,28.6139,77.209,384.5,235.7,344.1,97.2,40.9,20.07,10,1.0,10,2023
2023-10-15,Mumbai,19.076,72.8777,81.5,50.1,72.0,24.8,10.2,5.39,10,1.0,10,2023
2023-10-15,Chennai,13.0827,80.2707,62.1,33.3,64.8,13.2,3.2,3.64,10,1.0,10,2023
2023-10-15,Kolkata,22.5726,88.3639,152.6,100.5,139.7,38.8,14.5,9.22,10,1.0,10,2023
2023-10-15,Bengaluru,12.9716,77.5946,110.8,64.4,93.4,27.4,9.1,6.57,10,1.0,10,2023
2023-10-15,Hyderabad,17.385,78.4867,56.7,33.3,55.9,15.5,4.2,3.5,10,1.0,10,2023
2023-10-15,Puducherry,11.9416,79.8083,57.3,34.3,56.8,16.2,4.4,4.06,10,1.0,10,2023
2023-10-15,Lucknow,26.8467,80.9462,225.6,139.1,215.3,60.9,24.8,11.47,10,1.0,10,2023
2023-10-15,Patna,25.5941,85.1376,295.6,178.4,256.4,75.1,30.1,15.36,10,1.0,10,2023
2023-10-15,Ahmedabad,23.0225,72.5714,154.2,88.7,144.0,33.3,18.3,7.48,10,1.0,10,2023
2023-10-16,Delhi,28.6139,77.209,299.6,182.6,274.4,69.3,31.6,15.28,10,1.0,10,2023
2023-10-16,Mumbai,19.076,72.8777,114.6,65.0,100.5,23.5,14.9,7.22,10,1.0,10,2023
2023-10-16,Chennai,13.0827,80.2707,101.3,59.7,89.6,28.4,13.6,4.49,10,1.0,10,2023
2023-10-16,Kolkata,22.5726,88.3639,124.1,82.2,97.4,27.0,11.9,4.64,10,1.0,10,2023
2023-10-16,Bengaluru,12.9716,77.5946,133.4,84.3,115.5,38.5,16.2,6.56,10,1.0,10,2023
2023-10-16,Hyderabad,17.385,78.4867,104.2,73.8,99.5,27.1,13.1,5.51,10,1.0,10,2023
2023-10-16,Puducherry,11.9416,79.8083,64.9,39.3,66.7,8.3,5.9,4.63,10,1.0,10,2023
2023-10-16,Lucknow,26.8467,80.9462,186.7,119.8,179.3,46.4,17.5,9.05,10,1.0,10,2023
2023-10-16,Patna,25.5941,85.1376,426.5,265.3,384.9,104.2,42.9,21.57,10,1.0,10,2023
2023-10-16,Ahmedabad,23.0225,72.5714,104.0,62.8,104.2,18.8,12.1,6.57,10,1.0,10,2023
2023-10-17,Delhi,28.6139,77.209,235.2,149.6,206.2,60.6,22.9,11.45,10,1.0,10,2023
2023-10-17,Mumbai,19.076,72.8777,115.3,72.7,110.6,28.6,8.8,6.17,10,1.0,10,2023
2023-10-17,Chennai,13.0827,80.2707,100.6,59.3,105.5,18.9,5.6,4.3,10,1.0,10,2023
2023-10-17,Kolkata,22.5726,88.3639,215.5,124.0,186.1,57.7,22.5,11.15,10,1.0,10,2023
2023-10-17,Bengaluru,12.9716,77.5946,123.4,71.9,108.0,34.1,9.7,4.03,10,1.0,10,2023
2023-10-17,Hyderabad,17.385,78.4867,104.8,67.5,96.4,29.6,6.4,5.56,10,1.0,10,2023
2023-10-17,Puducherry,11.9416,79.8083,88.1,46.1,86.2,21.6,15.0,2.23,10,1.0,10,2023
2023-10-17,Lucknow,26.8467,80.9462,309.0,183.4,265.2,75.1,31.5,16.49,10,1.0,10,2023
2023-10-17,Patna,25.5941,85.1376,360.5,223.4,316.7,94.6,36.8,17.37,10,1.0,10,2023
2023-10-17,Ahmedabad,23.0225,72.5714,150.5,86.8,135.7,34.7,13.0,8.0,10,1.0,10,2023
2023-10-18,Delhi,28.6139,77.209,330.3,197.2,308.2,81.5,32.4,17.18,10,1.0,10,2023
2023-10-18,Mumbai,19.076,72.8777,134.7,81.2,101.1,33.7,9.8,5.51,10,1.0,10,2023
2023-10-18,Chennai,13.0827,80.2707,56.6,28.7,46.5,12.2,7.0,3.05,10,1.0,10,2023
2023-10-18,Kolkata,22.5726,88.3639,84.9,51.4,79.0,19.9,8.4,4.44,10,1.0,10,2023
2023-10-18,Bengaluru,12.9716,77.5946,122.9,65.9,108.7,36.8,15.1,7.0,10,1.0,10,2023
2023-10-18,Hyderabad,17.385,78.4867,138.8,91.6,140.3,34.2,11.9,6.67,10,1.0,10,2023
2023-10-18,Puducherry,11.9416,79.8083,136.9,74.3,119.4,28.6,13.9,5.64,10,1.0,10,2023
2023-10-18,Lucknow,26.8467,80.9462,212.9,118.0,196.6,58.1,20.5,10.51,10,1.0,10,2023
2023-10-18,Patna,25.5941,85.1376,228.6,138.1,205.4,60.2,25.3,10.62,10,1.0,10,2023
2023-10-18,Ahmedabad,23.0225,72.5714,146.1,92.2,120.1,28.6,15.1,7.8,10,1.0,10,2023
2023-10-19,Delhi,28.6139,77.209,222.2,130.4,193.9,52.1,23.6,9.93,10,1.0,10,2023
2023-10-19,Mumbai,19.076,72.8777,129.4,73.1,104.8,35.8,11.9,6.66,10,1.0,10,2023
2023-10-19,Chennai,13.0827,80.2707,52.3,27.7,53.1,23.4,1.3,2.41,10,1.0,10,2023
2023-10-19,Kolkata,22.5726,88.3639,200.6,117.3,187.3,46.7,20.4,9.51,10,1.0,10,2023
2023-10-19,Bengaluru,12.9716,77.5946,136.6,78.6,120.1,37.9,11.6,6.9,10,1.0,10,2023
2023-10-19,Hyderabad,17.385,78.4867,56.2,28.3,53.6,10.1,4.5,3.3,10,1.0,10,2023
2023-10-19,Puducherry,11.9416,79.8083,63.4,42.2,58.8,17.6,8.8,3.49,10,1.0,10,2023
2023-10-19,Lucknow,26.8467,80.9462,320.0,196.6,283.8,85.2,32.5,15.61,10,1.0,10,2023
2023-10-19,Patna,25.5941,85.1376,259.5,161.3,237.2,72.2,28.1,13.5,10,1.0,10,2023
2023-10-19,Ahmedabad,23.0225,72.5714,113.8,67.4,103.0,31.2,12.7,5.86,10,1.0,10,2023
2023-10-20,Delhi,28.6139,77.209,289.6,177.4,253.8,79.2,24.9,15.94,10,1.0,10,2023
2023-10-20,Mumbai,19.076,72.8777,138.2,87.9,127.3,35.9,14.9,7.72,10,1.0,10,2023
2023-10-20,Chennai,13.0827,80.2707,81.8,54.3,64.9,20.4,9.9,5.09,10,1.0,10,2023
2023-10-20,Kolkata,22.5726,88.3639,203.0,119.8,189.9,48.1,23.8,10.07,10,1.0,10,2023
2023-10-20,Bengaluru,12.9716,77.5946,53.8,26.3,48.8,14.0,9.3,1.65,10,1.0,10,2023
2023-10-20,Hyderabad,17.385,78.4867,121.4,67.5,105.3,37.1,9.9,6.66,10,1.0,10,2023
2023-10-20,Puducherry,11.9416,79.8083,82.9,49.6,78.8,16.1,11.6,6.07,10,1.0,10,2023
2023-10-20,Lucknow,26.8467,80.9462,223.1,146.0,197.6,57.4,25.2,10.7,10,1.0,10,2023
2023-10-20,Patna,25.5941,85.1376,143.3,77.9,145.5,33.7,14.0,6.05,10,1.0,10,2023
2023-10-20,Ahmedabad,23.0225,72.5714,202.7,117.7,178.5,51.9,18.1,9.96,10,1.0,10,2023
2023-10-21,Delhi,28.6139,77.209,392.2,237.5,354.0,98.9,38.4,21.61,10,1.0,10,2023
2023-10-21,Mumbai,19.076,72.8777,107.5,65.6,97.7,30.9,13.0,5.34,10,1.0,10,2023
2023-10-21,Chennai,13.0827,80.2707,97.3,60.0,69.4,18.0,8.5,4.3,10,1.0,10,2023
2023-10-21,Kolkata,22.5726,88.3639,120.0,75.7,108.0,29.1,9.5,5.96,10,1.0,10,2023
2023-10-21,Bengaluru,12.9716,77.5946,21.2,11.9,19.6,6.3,0.0,1.28,10,1.0,10,2023
2023-10-21,Hyderabad,17.385,78.4867,83.5,46.0,80.9,28.9,8.5,3.36,10,1.0,10,2023
2023-10-21,Puducherry,11.9416,79.8083,78.8,52.0,75.9,30.7,6.4,4.19,10,1.0,10,2023
2023-10-21,Lucknow,26.8467,80.9462,320.7,199.9,273.0,80.2,35.0,18.93,10,1.0,10,2023
2023-10-21,Patna,25.5941,85.1376,289.3,171.7,252.3,81.2,30.4,13.62,10,1.0,10,2023
2023-10-21,Ahmedabad,23.0225,72.5714,150.9,92.1,140.2,34.1,13.9,5.89,10,1.0,10,2023
2023-10-22,Delhi,28.6139,77.209,363.2,216.2,330.6,96.5,36.8,18.05,10,1.0,10,2023
2023-10-22,Mumbai,19.076,72.8777,147.8,89.0,143.0,38.2,13.7,8.44,10,1.0,10,2023
2023-10-22,Chennai,13.0827,80.2707,120.8,65.8,121.0,31.7,12.6,7.05,10,1.0,10,2023
2023-10-22,Kolkata,22.5726,88.3639,151.7,95.8,133.5,32.0,13.2,8.15,10,1.0,10,2023
2023-10-22,Bengaluru,12.9716,77.5946,71.6,51.0,74.0,23.2,7.4,3.84,10,1.0,10,2023
2023-10-22,Hyderabad,17.385,78.4867,78.2,51.9,73.4,21.8,11.2,3.3,10,1.0,10,2023
2023-10-22,Puducherry,11.9416,79.8083,72.5,45.1,57.8,17.4,8.2,3.3,10,1.0,10,2023
2023-10-22,Lucknow,26.8467,80.9462,305.1,175.5,283.6,78.9,29.4,14.33,10,1.0,10,2023
2023-10-22,Patna,25.5941,85.1376,94.4,52.7,93.3,23.4,11.8,4.1,10,1.0,10,2023
2023-10-22,Ahmedabad,23.0225,72.5714,191.8,111.5,164.9,47.5,17.9,8.05,10,1.0,10,2023
2023-10-23,Delhi,28.6139,77.209,265.4,159.8,249.0,70.1,29.0,13.99,10,1.0,10,2023
2023-10-23,Mumbai,19.076,72.8777,153.3,85.8,139.2,40.7,18.2,8.35,10,1.0,10,2023
2023-10-23,Chennai,13.0827,80.2707,121.0,67.4,106.3,32.0,14.4,5.9,10,1.0,10,2023
2023-10-23,Kolkata,22.5726,88.3639,175.9,109.0,149.3,50.4,15.8,6.88,10,1.0,10,2023
2023-10-23,Bengaluru,12.9716,77.5946,100.3,68.7,95.0,28.1,10.1,4.86,10,1.0,10,2023
2023-10-23,Hyderabad,17.385,78.4867,65.9,28.2,60.9,21.7,7.3,3.92,10,1.0,10,2023
2023-10-23,Puducherry,11.9416,79.8083,106.7,65.7,95.0,23.4,14.7,5.86,10,1.0,10,2023
2023-10-23,Lucknow,26.8467,80.9462,158.7,89.4,152.9,35.5,19.6,5.18,10,1.0,10,2023
2023-10-23,Patna,25.5941,85.1376,339.6,206.2,306.6,84.2,37.7,17.69,10,1.0,10,2023
2023-10-23,Ahmedabad,23.0225,72.5714,119.4,63.0,108.9,29.8,8.9,5.91,10,1.0,10,2023
2023-10-24,Delhi,28.6139,77.209,234.1,140.5,216.5,64.5,25.2,10.98,10,1.0,10,2023
2023-10-24,Mumbai,19.076,72.8777,154.8,93.2,128.7,40.3,19.2,7.77,10,1.0,10,2023
2023-10-24,Chennai,13.0827,80.2707,50.1,30.2,35.4,16.0,6.1,2.33,10,1.0,10,2023
2023-10-24,Kolkata,22.5726,88.3639,163.4,97.0,147.1,37.8,13.6,9.31,10,1.0,10,2023
2023-10-24,Bengaluru,12.9716,77.5946,88.4,53.9,81.8,23.4,6.5,2.74,10,1.0,10,2023
2023-10-24,Hyderabad,17.385,78.4867,99.4,61.6,83.6,23.4,14.2,3.12,10,1.0,10,2023
2023-10-24,Puducherry,11.9416,79.8083,59.9,45.4,53.6,12.2,8.3,3.05,10,1.0,10,2023
2023-10-24,Lucknow,26.8467,80.9462,197.4,119.4,172.4,45.3,19.5,8.86,10,1.0,10,2023
2023-10-24,Patna,25.5941,85.1376,240.7,146.2,223.5,64.7,23.3,12.53,10,1.0,10,2023
2023-10-24,Ahmedabad,23.0225,72.5714,182.2,111.0,160.1,41.4,19.2,7.4,10,1.0,10,2023
2023-10-25,Delhi,28.6139,77.209,258.6,142.4,222.0,61.1,28.1,13.62,10,1.0,10,2023
2023-10-25,Mumbai,19.076,72.8777,117.8,74.3,113.1,28.8,9.0,5.68,10,1.0,10,2023
2023-10-25,Chennai,13.0827,80.2707,87.6,46.4,81.8,23.0,9.7,4.66,10,1.0,10,2023
2023-10-25,Kolkata,22.5726,88.3639,216.5,129.0,196.5,52.5,20.5,12.16,10,1.0,10,2023
2023-10-25,Bengaluru,12.9716,77.5946,38.7,27.6,29.9,6.7,4.4,0.45,10,1.0,10,2023
2023-10-25,Hyderabad,17.385,78.4867,91.4,50.6,80.5,19.6,12.3,6.37,10,1.0,10,2023
2023-10-25,Puducherry,11.9416,79.8083,34.6,23.5,38.0,10.8,2.1,1.49,10,1.0,10,2023
2023-10-25,Lucknow,26.8467,80.9462,171.4,100.7,144.6,42.4,14.1,8.37,10,1.0,10,2023
2023-10-25,Patna,25.5941,85.1376,152.6,92.6,131.9,39.3,17.4,9.22,10,1.0,10,2023
2023-10-25,Ahmedabad,23.0225,72.5714,46.2,23.5,39.2,13.4,1.3,1.33,10,1.0,10,2023
2023-10-26,Delhi,28.6139,77.209,290.4,174.7,264.4,74.4,29.7,14.71,10,1.0,10,2023
2023-10-26,Mumbai,19.076,72.8777,142.2,88.6,110.1,41.7,9.8,6.03,10,1.0,10,2023
2023-10-26,Chennai,13.0827,80.2707,84.3,53.9,51.9,21.0,10.0,5.21,10,1.0,10,2023
2023-10-26,Kolkata,22.5726,88.3639,145.1,85.6,125.7,34.7,12.4,6.37,10,1.0,10,2023
2023-10-26,Bengaluru,12.9716,77.5946,113.0,68.5,105.6,29.1,12.7,6.53,10,1.0,10,2023
2023-10-26,Hyderabad,17.385,78.4867,59.0,31.1,51.2,14.7,4.6,3.86,10,1.0,10,2023
2023-10-26,Puducherry,11.9416,79.8083,114.6,69.7,103.8,32.0,7.7,5.76,10,1.0,10,2023
2023-10-26,Lucknow,26.8467,80.9462,283.6,166.9,245.4,70.2,28.2,13.27,10,1.0,10,2023
2023-10-26,Patna,25.5941,85.1376,386.7,229.6,338.8,96.3,40.5,19.35,10,1.0,10,2023
2023-10-26,Ahmedabad,23.0225,72.5714,181.9,104.8,175.6,47.7,20.3,9.46,10,1.0,10,2023
2023-10-27,Delhi,28.6139,77.209,346.0,203.2,307.5,91.9,37.7,16.15,10,1.0,10,2023
2023-10-27,Mumbai,19.076,72.8777,150.0,87.8,129.4,38.6,17.3,7.95,10,1.0,10,2023
2023-10-27,Chennai,13.0827,80.2707,82.0,51.8,70.9,22.1,11.0,2.02,10,1.0,10,2023
2023-10-27,Kolkata,22.5726,88.3639,219.9,124.2,207.7,52.4,19.6,11.69,10,1.0,10,2023
2023-10-27,Bengaluru,12.9716,77.5946,110.9,61.5,89.8,27.0,8.7,4.48,10,1.0,10,2023
2023-10-27,Hyderabad,17.385,78.4867,124.0,69.6,115.0,37.0,12.1,6.33,10,1.0,10,2023
2023-10-27,Puducherry,11.9416,79.8083,115.4,63.3,113.4,33.1,13.2,7.06,10,1.0,10,2023
2023-10-27,Lucknow,26.8467,80.9462,238.2,140.0,223.1,64.1,26.0,11.95,10,1.0,10,2023
2023-10-27,Patna,25.5941,85.1376,189.9,114.9,178.4,51.6,18.1,9.81,10,1.0,10,2023
2023-10-27,Ahmedabad,23.0225,72.5714,101.1,65.6,84.7,28.4,7.8,6.09,10,1.0,10,2023
2023-10-28,Delhi,28.6139,77.209,305.7,179.5,280.7,74.1,32.1,15.01,10,1.0,10,2023
2023-10-28,Mumbai,19.076,72.8777,71.2,37.8,60.6,23.3,8.9,5.18,10,1.0,10,2023
2023-10-28,Chennai,13.0827,80.2707,131.3,76.1,116.7,31.2,11.8,4.72,10,1.0,10,2023
2023-10-28,Kolkata,22.5726,88.3639,179.3,101.2,161.1,53.3,16.9,9.16,10,1.0,10,2023
2023-10-28,Bengaluru,12.9716,77.5946,127.2,77.7,116.8,30.4,12.3,5.4,10,1.0,10,2023
2023-10-28,Hyderabad,17.385,78.4867,149.6,81.1,142.4,31.8,16.9,7.13,10,1.0,10,2023
2023-10-28,Puducherry,11.9416,79.8083,50.4,33.1,52.8,10.8,6.5,0.23,10,1.0,10,2023
2023-10-28,Lucknow,26.8467,80.9462,134.2,87.0,119.0,26.1,12.0,5.79,10,1.0,10,2023
2023-10-28,Patna,25.5941,85.1376,228.4,135.2,207.0,56.8,25.6,11.84,10,1.0,10,2023
2023-10-28,Ahmedabad,23.0225,72.5714,180.6,114.2,159.4,40.1,20.5,9.17,10,1.0,10,2023
2023-10-29,Delhi,28.6139,77.209,291.1,171.5,257.1,76.2,31.1,15.34,10,1.0,10,2023
2023-10-29,Mumbai,19.076,72.8777,171.7,105.9,155.6,42.2,19.6,8.21,10,1.0,10,2023
2023-10-29,Chennai,13.0827,80.2707,99.2,55.5,84.0,23.9,8.3,5.76,10,1.0,10,2023
2023-10-29,Kolkata,22.5726,88.3639,112.6,68.1,102.4,20.9,10.4,5.89,10,1.0,10,2023
2023-10-29,Bengaluru,12.9716,77.5946,112.9,66.7,107.0,27.8,11.3,5.9,10,1.0,10,2023
2023-10-29,Hyderabad,17.385,78.4867,152.4,88.1,133.3,35.4,14.6,9.05,10,1.0,10,2023
2023-10-29,Puducherry,11.9416,79.8083,86.5,46.2,73.0,23.1,6.8,3.6,10,1.0,10,2023
2023-10-29,Lucknow,26.8467,80.9462,307.4,181.4,284.3,81.9,29.3,14.48,10,1.0,10,2023
2023-10-29,Patna,25.5941,85.1376,220.7,127.0,199.6,54.4,22.8,12.43,10,1.0,10,2023
2023-10-29,Ahmedabad,23.0225,72.5714,196.8,120.5,161.4,51.0,23.1,6.83,10,1.0,10,2023
2023-10-30,Delhi,28.6139,77.209,335.2,200.3,294.9,87.0,36.9,17.54,10,1.0,10,2023
2023-10-30,Mumbai,19.076,72.8777,125.2,70.4,113.8,34.8,11.7,5.97,10,1.0,10,2023
2023-10-30,Chennai,13.0827,80.2707,160.6,101.8,153.7,34.3,14.6,8.1,10,1.0,10,2023
2023-10-30,Kolkata,22.5726,88.3639,129.9,85.9,128.2,30.3,16.6,6.49,10,1.0,10,2023
2023-10-30,Bengaluru,12.9716,77.5946,177.7,107.3,164.5,50.0,20.3,9.4,10,1.0,10,2023
2023-10-30,Hyderabad,17.385,78.4867,115.1,71.6,97.1,29.4,9.3,3.97,10,1.0,10,2023
2023-10-30,Puducherry,11.9416,79.8083,76.0,51.9,75.8,18.7,11.1,3.23,10,1.0,10,2023
2023-10-30,Lucknow,26.8467,80.9462,95.3,46.3,76.3,27.1,8.3,5.23,10,1.0,10,2023
2023-10-30,Patna,25.5941,85.1376,355.2,207.6,323.5,91.0,33.8,19.11,10,1.0,10,2023
2023-10-30,Ahmedabad,23.0225,72.5714,147.1,86.3,149.3,38.9,16.6,8.71,10,1.0,10,2023
2023-10-31,Delhi,28.6139,77.209,228.0,143.0,201.2,54.8,22.3,10.78,10,1.0,10,2023
2023-10-31,Mumbai,19.076,72.8777,172.9,105.1,151.7,45.9,16.7,8.32,10,1.0,10,2023
2023-10-31,Chennai,13.0827,80.2707,91.2,57.0,85.2,21.3,10.8,4.34,10,1.0,10,2023
2023-10-31,Kolkata,22.5726,88.3639,147.3,81.0,140.4,36.9,15.2,8.41,10,1.0,10,2023
2023-10-31,Bengaluru,12.9716,77.5946,85.7,44.5,77.7,22.7,8.0,5.76,10,1.0,10,2023
2023-10-31,Hyderabad,17.385,78.4867,33.0,25.4,36.0,10.1,0.0,2.93,10,1.0,10,2023
2023-10-31,Puducherry,11.9416,79.8083,54.5,30.2,47.7,15.3,6.7,3.62,10,1.0,10,2023
2023-10-31,Lucknow,26.8467,80.9462,273.0,165.1,249.0,63.9,25.8,14.55,10,1.0,10,2023
2023-10-31,Patna,25.5941,85.1376,298.6,182.8,264.6,78.3,27.5,16.01,10,1.0,10,2023
2023-10-31,Ahmedabad,23.0225,72.5714,148.3,97.4,121.3,44.1,14.1,7.04,10,1.0,10,2023
2023-11-01,Delhi,28.6139,77.209,407.6,241.1,366.3,98.9,39.4,20.87,11,1.4,11,2023
2023-11-01,Mumbai,19.076,72.8777,159.9,92.1,132.9,38.0,18.6,7.15,11,1.4,11,2023
2023-11-01,Chennai,13.0827,80.2707,107.7,65.6,94.0,35.8,10.4,5.72,11,1.4,11,2023
2023-11-01,Kolkata,22.5726,88.3639,299.2,184.1,271.1,74.2,34.0,14.86,11,1.4,11,2023
2023-11-01,Bengaluru,12.9716,77.5946,126.7,72.8,100.2,35.0,8.0,6.33,11,1.4,11,2023
2023-11-01,Hyderabad,17.385,78.4867,160.8,107.7,130.1,36.6,15.8,7.84,11,1.4,11,2023
2023-11-01,Puducherry,11.9416,79.8083,94.0,56.0,74.5,24.9,4.8,4.67,11,1.4,11,2023
2023-11-01,Lucknow,26.8467,80.9462,269.0,166.5,256.1,65.9,29.7,13.13,11,1.4,11,2023
2023-11-01,Patna,25.5941,85.1376,268.4,169.8,245.7,67.1,28.2,13.69,11,1.4,11,2023
2023-11-01,Ahmedabad,23.0225,72.5714,220.9,125.9,196.6,57.7,21.8,11.95,11,1.4,11,2023
2023-11-02,Delhi,28.6139,77.209,422.7,249.2,369.9,105.0,41.2,21.47,11,1.4,11,2023
2023-11-02,Mumbai,19.076,72.8777,167.3,97.3,159.0,42.4,15.3,8.38,11,1.4,11,2023
2023-11-02,Chennai,13.0827,80.2707,160.5,97.8,149.2,37.1,18.1,10.34,11,1.4,11,2023
2023-11-02,Kolkata,22.5726,88.3639,212.4,121.5,192.6,56.6,21.1,9.57,11,1.4,11,2023
2023-11-02,Bengaluru,12.9716,77.5946,136.7,85.0,119.8,36.6,16.0,7.08,11,1.4,11,2023
2023-11-02,Hyderabad,17.385,78.4867,167.0,104.3,143.5,37.9,16.2,7.86,11,1.4,11,2023
2023-11-02,Puducherry,11.9416,79.8083,88.9,62.5,97.4,20.8,9.1,4.26,11,1.4,11,2023
2023-11-02,Lucknow,26.8467,80.9462,380.0,234.5,327.8,96.9,35.4,20.76,11,1.4,11,2023
2023-11-02,Patna,25.5941,85.1376,366.8,216.0,328.2,90.5,37.7,19.38,11,1.4,11,2023
2023-11-02,Ahmedabad,23.0225,72.5714,172.3,112.6,167.9,39.6,17.4,10.33,11,1.4,11,2023
2023-11-03,Delhi,28.6139,77.209,490.6,292.7,448.1,134.6,49.3,23.9,11,1.4,11,2023
2023-11-03,Mumbai,19.076,72.8777,202.9,123.0,178.4,52.5,17.8,9.48,11,1.4,11,2023
2023-11-03,Chennai,13.0827,80.2707,145.0,78.2,137.7,28.2,11.0,6.75,11,1.4,11,2023
2023-11-03,Kolkata,22.5726,88.3639,266.3,166.4,240.1,65.6,27.8,12.44,11,1.4,11,2023
2023-11-03,Bengaluru,12.9716,77.5946,144.2,80.5,130.4,35.5,12.8,7.38,11,1.4,11,2023
2023-11-03,Hyderabad,17.385,78.4867,173.5,110.0,143.3,43.1,15.8,9.54,11,1.4,11,2023
2023-11-03,Puducherry,11.9416,79.8083,120.1,74.6,102.5,33.6,8.9,4.27,11,1.4,11,2023
2023-11-03,Lucknow,26.8467,80.9462,225.1,134.9,208.0,44.4,25.2,11.39,11,1.4,11,2023
2023-11-03,Patna,25.5941,85.1376,226.3,136.3,212.4,59.0,24.8,9.95,11,1.4,11,2023
2023-11-03,Ahmedabad,23.0225,72.5714,205.4,118.6,198.6,53.9,26.2,9.8,11,1.4,11,2023
2023-11-04,Delhi,28.6139,77.209,334.0,199.7,311.6,82.0,33.6,16.8,11,1.4,11,2023
2023-11-04,Mumbai,19.076,72.8777,197.6,115.3,176.7,48.7,19.7,10.82,11,1.4,11,2023
2023-11-04,Chennai,13.0827,80.2707,170.0,97.8,149.9,39.2,17.4,7.96,11,1.4,11,2023
2023-11-04,Kolkata,22.5726,88.3639,264.0,163.9,217.4,68.0,25.5,13.66,11,1.4,11,2023
2023-11-04,Bengaluru,12.9716,77.5946,113.1,73.8,109.1,30.5,12.9,4.91,11,1.4,11,2023
2023-11-04,Hyderabad,17.385,78.4867,146.3,91.5,125.5,42.4,14.0,7.82,11,1.4,11,2023
2023-11-04,Puducherry,11.9416,79.8083,147.0,84.7,132.9,41.0,16.6,7.02,11,1.4,11,2023
2023-11-04,Lucknow,26.8467,80.9462,274.4,163.5,258.5,67.5,27.6,13.29,11,1.4,11,2023
2023-11-04,Patna,25.5941,85.1376,385.4,232.0,338.8,92.5,34.5,18.44,11,1.4,11,2023
2023-11-04,Ahmedabad,23.0225,72.5714,259.7,162.4,239.2,67.1,25.7,13.76,11,1.4,11,2023
2023-11-05,Delhi,28.6139,77.209,414.9,258.0,372.6,109.1,43.2,21.48,11,1.4,11,2023
2023-11-05,Mumbai,19.076,72.8777,115.5,73.9,102.9,27.1,8.6,5.77,11,1.4,11,2023
2023-11-05,Chennai,13.0827,80.2707,126.8,69.6,102.3,33.6,14.4,6.53,11,1.4,11,2023
2023-11-05,Kolkata,22.5726,88.3639,309.5,185.3,278.1,73.7,27.8,17.33,11,1.4,11,2023
2023-11-05,Bengaluru,12.9716,77.5946,173.9,97.4,157.8,43.1,16.8,8.29,11,1.4,11,2023
2023-11-05,Hyderabad,17.385,78.4867,181.3,112.9,166.4,44.8,17.8,10.0,11,1.4,11,2023
2023-11-05,Puducherry,11.9416,79.8083,114.3,68.9,102.6,30.0,10.5,6.54,11,1.4,11,2023
2023-11-05,Lucknow,26.8467,80.9462,238.1,140.8,219.2,55.0,20.7,11.97,11,1.4,11,2023
2023-11-05,Patna,25.5941,85.1376,217.2,123.8,201.5,53.5,24.3,9.66,11,1.4,11,2023
2023-11-05,Ahmedabad,23.0225,72.5714,219.8,133.9,188.5,59.1,23.0,9.38,11,1.4,11,2023
2023-11-06,Delhi,28.6139,77.209,389.0,235.3,345.4,91.3,39.5,21.66,11,1.4,11,2023
2023-11-06,Mumbai,19.076,72.8777,180.5,116.1,156.4,46.0,19.6,9.02,11,1.4,11,2023
2023-11-06,Chennai,13.0827,80.2707,118.6,74.8,121.9,30.9,10.8,5.74,11,1.4,11,2023
2023-11-06,Kolkata,22.5726,88.3639,378.0,227.5,335.4,89.9,34.1,19.26,11,1.4,11,2023
2023-11-06,Bengaluru,12.9716,77.5946,159.6,93.8,143.5,35.2,16.2,8.46,11,1.4,11,2023
2023-11-06,Hyderabad,17.385,78.4867,149.3,98.0,127.7,38.5,16.6,7.39,11,1.4,11,2023
2023-11-06,Puducherry,11.9416,79.8083,101.2,53.6,101.9,24.6,11.2,5.73,11,1.4,11,2023
2023-11-06,Lucknow,26.8467,80.9462,267.2,159.3,251.2,62.3,31.0,12.62,11,1.4,11,2023
2023-11-06,Patna,25.5941,85.1376,253.4,152.7,245.7,55.7,25.1,13.15,11,1.4,11,2023
2023-11-06,Ahmedabad,23.0225,72.5714,225.5,137.2,197.2,54.0,22.3,10.15,11,1.4,11,2023
2023-11-07,Delhi,28.6139,77.209,388.4,231.1,345.8,98.4,35.2,19.19,11,1.4,11,2023
2023-11-07,Mumbai,19.076,72.8777,288.7,167.8,270.1,72.4,27.7,13.11,11,1.4,11,2023
2023-11-07,Chennai,13.0827,80.2707,129.5,85.0,113.4,32.1,15.0,6.82,11,1.4,11,2023
2023-11-07,Kolkata,22.5726,88.3639,173.4,104.5,168.2,43.2,11.9,9.06,11,1.4,11,2023
2023-11-07,Bengaluru,12.9716,77.5946,134.0,71.3,107.2,37.4,11.9,5.79,11,1.4,11,2023
2023-11-07,Hyderabad,17.385,78.4867,166.8,96.9,150.9,40.9,14.3,7.83,11,1.4,11,2023
2023-11-07,Puducherry,11.9416,79.8083,113.9,68.5,101.9,36.2,12.9,6.55,11,1.4,11,2023
2023-11-07,Lucknow,26.8467,80.9462,297.2,179.4,264.0,77.4,29.5,15.08,11,1.4,11,2023
2023-11-07,Patna,25.5941,85.1376,347.2,208.2,336.0,84.1,33.4,18.05,11,1.4,11,2023
2023-11-07,Ahmedabad,23.0225,72.5714,197.2,116.9,168.8,51.3,20.7,9.54,11,1.4,11,2023
2023-11-08,Delhi,28.6139,77.209,449.2,260.2,398.6,111.6,42.6,20.71,11,1.4,11,2023
2023-11-08,Mumbai,19.076,72.8777,183.7,113.7,175.6,43.7,19.8,9.82,11,1.4,11,2023
2023-11-08,Chennai,13.0827,80.2707,156.5,92.1,126.5,39.4,13.6,7.1,11,1.4,11,2023
2023-11-08,Kolkata,22.5726,88.3639,236.9,140.4,214.3,62.0,23.0,12.24,11,1.4,11,2023
2023-11-08,Bengaluru,12.9716,77.5946,140.4,88.9,124.9,34.8,13.3,6.86,11,1.4,11,2023
2023-11-08,Hyderabad,17.385,78.4867,140.6,79.9,132.7,30.8,13.4,8.05,11,1.4,11,2023
2023-11-08,Puducherry,11.9416,79.8083,97.9,62.9,83.4,20.3,6.6,6.21,11,1.4,11,2023
2023-11-08,Lucknow,26.8467,80.9462,234.1,144.2,202.7,63.8,27.8,10.02,11,1.4,11,2023
2023-11-08,Patna,25.5941,85.1376,260.1,159.9,238.2,68.1,24.9,14.99,11,1.4,11,2023
2023-11-08,Ahmedabad,23.0225,72.5714,229.3,131.5,204.3,52.5,26.1,10.8,11,1.4,11,2023
2023-11-09,Delhi,28.6139,77.209,431.4,256.5,383.3,100.2,44.3,22.87,11,1.4,11,2023
2023-11-09,Mumbai,19.076,72.8777,159.4,87.9,149.9,33.3,18.4,7.07,11,1.4,11,2023
2023-11-09,Chennai,13.0827,80.2707,98.4,60.3,80.3,21.8,10.5,2.49,11,1.4,11,2023
2023-11-09,Kolkata,22.5726,88.3639,334.1,200.7,290.3,79.5,35.4,17.31,11,1.4,11,2023
2023-11-09,Bengaluru,12.9716,77.5946,181.6,105.5,165.8,47.1,19.6,10.21,11,1.4,11,2023
2023-11-09,Hyderabad,17.385,78.4867,142.9,85.2,123.7,35.5,15.7,5.49,11,1.4,11,2023
2023-11-09,Puducherry,11.9416,79.8083,127.2,70.6,112.0,36.8,13.4,6.7,11,1.4,11,2023
2023-11-09,Lucknow,26.8467,80.9462,231.3,133.6,215.7,55.5,22.1,12.53,11,1.4,11,2023
2023-11-09,Patna,25.5941,85.1376,262.5,158.8,236.6,65.6,25.2,12.55,11,1.4,11,2023
2023-11-09,Ahmedabad,23.0225,72.5714,175.5,107.7,152.6,47.7,17.1,7.72,11,1.4,11,2023
2023-11-10,Delhi,28.6139,77.209,373.0,221.7,343.8,91.8,36.7,20.06,11,1.4,11,2023
2023-11-10,Mumbai,19.076,72.8777,216.3,138.1,204.7,50.5,23.6,12.34,11,1.4,11,2023
2023-11-10,Chennai,13.0827,80.2707,164.3,103.5,155.6,39.9,14.8,7.86,11,1.4,11,2023
2023-11-10,Kolkata,22.5726,88.3639,168.8,108.0,149.7,47.4,14.4,9.52,11,1.4,11,2023
2023-11-10,Bengaluru,12.9716,77.5946,125.2,68.7,125.7,35.7,12.9,6.29,11,1.4,11,2023
2023-11-10,Hyderabad,17.385,78.4867,183.4,111.0,158.7,44.2,22.3,11.84,11,1.4,11,2023
2023-11-10,Puducherry,11.9416,79.8083,136.3,84.2,120.0,30.9,12.2,6.26,11,1.4,11,2023
2023-11-10,Lucknow,26.8467,80.9462,447.8,277.7,409.0,108.1,46.6,22.15,11,1.4,11,2023
2023-11-10,Patna,25.5941,85.1376,185.3,112.6,160.0,43.1,18.0,8.77,11,1.4,11,2023
2023-11-10,Ahmedabad,23.0225,72.5714,222.5,133.1,185.2,61.7,20.3,10.17,11,1.4,11,2023
2023-11-11,Delhi,28.6139,77.209,365.7,218.9,340.8,92.5,37.7,18.56,11,1.4,11,2023
2023-11-11,Mumbai,19.076,72.8777,205.3,124.7,169.3,50.3,22.9,14.21,11,1.4,11,2023
2023-11-11,Chennai,13.0827,80.2707,95.9,59.7,81.7,32.2,6.9,5.42,11,1.4,11,2023
2023-11-11,Kolkata,22.5726,88.3639,181.6,107.4,163.2,49.7,16.0,9.74,11,1.4,11,2023
2023-11-11,Bengaluru,12.9716,77.5946,140.6,85.7,134.2,30.0,15.7,6.46,11,1.4,11,2023
2023-11-11,Hyderabad,17.385,78.4867,206.4,125.5,184.1,49.2,22.3,11.58,11,1.4,11,2023
2023-11-11,Puducherry,11.9416,79.8083,94.3,50.9,90.4,17.8,6.8,3.65,11,1.4,11,2023
2023-11-11,Lucknow,26.8467,80.9462,281.0,161.9,237.4,65.7,29.4,12.78,11,1.4,11,2023
2023-11-11,Patna,25.5941,85.1376,312.2,197.1,280.6,79.4,29.3,17.77,11,1.4,11,2023
2023-11-11,Ahmedabad,23.0225,72.5714,199.6,118.6,190.2,49.2,20.1,9.7,11,1.4,11,2023
2023-11-12,Delhi,28.6139,77.209,370.0,223.9,337.4,89.9,35.5,17.89,11,1.4,11,2023
2023-11-12,Mumbai,19.076,72.8777,139.9,76.0,128.3,38.7,15.7,4.61,11,1.4,11,2023
2023-11-12,Chennai,13.0827,80.2707,119.9,66.4,109.1,28.3,13.2,5.98,11,1.4,11,2023
2023-11-12,Kolkata,22.5726,88.3639,157.2,89.5,141.5,39.7,12.9,6.32,11,1.4,11,2023
2023-11-12,Bengaluru,12.9716,77.5946,141.7,78.0,114.2,33.6,13.2,6.21,11,1.4,11,2023
2023-11-12,Hyderabad,17.385,78.4867,143.4,86.1,123.3,36.1,13.6,7.34,11,1.4,11,2023
2023-11-12,Puducherry,11.9416,79.8083,122.6,77.8,120.6,34.0,12.7,5.7,11,1.4,11,2023
2023-11-12,Lucknow,26.8467,80.9462,282.8,165.3,254.6,73.5,26.8,14.1,11,1.4,11,2023
2023-11-12,Patna,25.5941,85.1376,288.6,174.2,255.3,69.2,27.5,14.93,11,1.4,11,2023
2023-11-12,Ahmedabad,23.0225,72.5714,219.6,129.6,199.7,53.2,24.2,10.01,11,1.4,11,2023
2023-11-13,Delhi,28.6139,77.209,377.0,219.2,336.5,87.5,39.2,19.62,11,1.4,11,2023
2023-11-13,Mumbai,19.076,72.8777,227.4,136.6,197.6,53.6,25.8,12.81,11,1.4,11,2023
2023-11-13,Chennai,13.0827,80.2707,129.1,74.9,127.1,29.5,13.4,7.81,11,1.4,11,2023
2023-11-13,Kolkata,22.5726,88.3639,210.2,130.3,193.3,52.4,19.0,9.79,11,1.4,11,2023
2023-11-13,Bengaluru,12.9716,77.5946,148.7,82.1,134.9,39.3,16.8,6.04,11,1.4,11,2023
2023-11-13,Hyderabad,17.385,78.4867,214.1,136.9,196.0,49.4,20.8,10.66,11,1.4,11,2023
2023-11-13,Puducherry,11.9416,79.8083,110.4,66.3,101.6,27.2,11.6,5.06,11,1.4,11,2023
2023-11-13,Lucknow,26.8467,80.9462,286.0,168.7,272.7,77.4,29.7,15.63,11,1.4,11,2023
2023-11-13,Patna,25.5941,85.1376,391.9,236.0,340.7,96.9,38.5,18.46,11,1.4,11,2023
2023-11-13,Ahmedabad,23.0225,72.5714,157.1,96.7,144.0,34.6,14.2,9.02,11,1.4,11,2023
2023-11-14,Delhi,28.6139,77.209,321.8,193.9,288.1,82.5,30.5,16.18,11,1.4,11,2023
2023-11-14,Mumbai,19.076,72.8777,202.7,122.8,183.1,52.1,24.7,12.7,11,1.4,11,2023
2023-11-14,Chennai,13.0827,80.2707,110.0,54.4,103.8,28.2,13.1,5.78,11,1.4,11,2023
2023-11-14,Kolkata,22.5726,88.3639,254.9,158.6,239.6,58.2,23.9,12.64,11,1.4,11,2023
2023-11-14,Bengaluru,12.9716,77.5946,143.0,84.7,132.2,39.7,17.7,7.73,11,1.4,11,2023
2023-11-14,Hyderabad,17.385,78.4867,138.2,82.2,123.8,36.6,14.6,8.96,11,1.4,11,2023
2023-11-14,Puducherry,11.9416,79.8083,95.8,59.4,105.1,21.6,9.9,3.85,11,1.4,11,2023
2023-11-14,Lucknow,26.8467,80.9462,313.3,184.1,290.3,78.9,29.5,16.51,11,1.4,11,2023
2023-11-14,Patna,25.5941,85.1376,348.6,213.9,304.6,88.6,36.4,17.01,11,1.4,11,2023
2023-11-14,Ahmedabad,23.0225,72.5714,167.3,100.2,160.4,46.3,15.9,7.08,11,1.4,11,2023
2023-11-15,Delhi,28.6139,77.209,357.5,212.2,325.3,89.0,34.2,18.98,11,1.4,11,2023
2023-11-15,Mumbai,19.076,72.8777,201.6,123.1,167.6,40.7,17.3,9.6,11,1.4,11,2023
2023-11-15,Chennai,13.0827,80.2707,140.4,72.5,139.1,35.8,16.8,6.13,11,1.4,11,2023
2023-11-15,Kolkata,22.5726,88.3639,277.2,166.7,256.0,68.4,28.7,14.96,11,1.4,11,2023
2023-11-15,Bengaluru,12.9716,77.5946,120.5,73.5,93.3,32.9,16.0,4.78,11,1.4,11,2023
2023-11-15,Hyderabad,17.385,78.4867,164.8,103.3,148.6,41.9,15.7,7.81,11,1.4,11,2023
2023-11-15,Puducherry,11.9416,79.8083,103.3,62.2,83.5,25.6,13.5,4.75,11,1.4,11,2023
2023-11-15,Lucknow,26.8467,80.9462,227.6,135.8,199.1,51.5,23.0,10.67,11,1.4,11,2023
2023-11-15,Patna,25.5941,85.1376,292.3,176.1,250.8,66.1,30.6,12.68,11,1.4,11,2023
2023-11-15,Ahmedabad,23.0225,72.5714,180.0,99.0,158.1,46.7,18.2,11.39,11,1.4,11,2023
2023-11-16,Delhi,28.6139,77.209,479.0,282.7,421.5,130.6,50.0,24.54,11,1.4,11,2023
2023-11-16,Mumbai,19.076,72.8777,199.0,120.8,167.2,50.4,20.0,9.05,11,1.4,11,2023
2023-11-16,Chennai,13.0827,80.2707,112.5,75.1,100.2,36.4,7.8,5.1,11,1.4,11,2023
2023-11-16,Kolkata,22.5726,88.3639,174.6,98.7,150.5,44.9,18.0,8.05,11,1.4,11,2023
2023-11-16,Bengaluru,12.9716,77.5946,73.2,51.3,63.6,13.8,7.9,3.86,11,1.4,11,2023
2023-11-16,Hyderabad,17.385,78.4867,156.7,94.8,131.8,42.2,13.7,7.23,11,1.4,11,2023
2023-11-16,Puducherry,11.9416,79.8083,118.0,76.8,118.9,33.7,11.2,4.36,11,1.4,11,2023
2023-11-16,Lucknow,26.8467,80.9462,399.3,246.4,354.0,103.5,39.3,21.47,11,1.4,11,2023
2023-11-16,Patna,25.5941,85.1376,300.0,189.9,276.3,82.2,29.1,15.41,11,1.4,11,2023
2023-11-16,Ahmedabad,23.0225,72.5714,180.4,112.5,169.6,54.7,19.0,9.74,11,1.4,11,2023
2023-11-17,Delhi,28.6139,77.209,354.3,215.3,315.8,89.0,35.8,17.36,11,1.4,11,2023
2023-11-17,Mumbai,19.076,72.8777,198.5,117.2,175.6,53.9,20.2,10.27,11,1.4,11,2023
2023-11-17,Chennai,13.0827,80.2707,89.6,55.9,84.9,20.8,13.1,2.19,11,1.4,11,2023
2023-11-17,Kolkata,22.5726,88.3639,291.2,178.3,266.4,73.5,30.2,15.43,11,1.4,11,2023
2023-11-17,Bengaluru,12.9716,77.5946,118.2,72.4,104.9,25.2,13.3,5.35,11,1.4,11,2023
2023-11-17,Hyderabad,17.385,78.4867,115.6,66.7,97.6,33.0,11.9,7.16,11,1.4,11,2023
2023-11-17,Puducherry,11.9416,79.8083,91.7,59.4,105.2,24.3,10.9,5.28,11,1.4,11,2023
2023-11-17,Lucknow,26.8467,80.9462,215.6,132.3,196.5,52.9,19.8,11.47,11,1.4,11,2023
2023-11-17,Patna,25.5941,85.1376,267.9,171.4,242.0,62.1,25.8,13.12,11,1.4,11,2023
2023-11-17,Ahmedabad,23.0225,72.5714,332.6,195.1,298.4,81.0,34.3,16.11,11,1.4,11,2023
2023-11-18,Delhi,28.6139,77.209,300.9,179.6,268.4,72.9,29.0,16.23,11,1.4,11,2023
2023-11-18,Mumbai,19.076,72.8777,183.2,104.2,161.2,46.0,15.6,10.79,11,1.4,11,2023
2023-11-18,Chennai,13.0827,80.2707,147.7,95.8,136.1,28.6,17.8,6.52,11,1.4,11,2023
2023-11-18,Kolkata,22.5726,88.3639,212.9,128.5,202.6,57.4,23.1,10.33,11,1.4,11,2023
2023-11-18,Bengaluru,12.9716,77.5946,130.2,79.8,116.1,36.1,14.7,7.1,11,1.4,11,2023
2023-11-18,Hyderabad,17.385,78.4867,79.6,48.4,70.8,20.6,6.5,2.66,11,1.4,11,2023
2023-11-18,Puducherry,11.9416,79.8083,114.3,66.8,107.5,25.9,14.3,6.72,11,1.4,11,2023
2023-11-18,Lucknow,26.8467,80.9462,327.3,195.3,301.4,83.4,33.2,17.41,11,1.4,11,2023
2023-11-18,Patna,25.5941,85.1376,435.9,255.3,383.9,105.9,40.6,21.73,11,1.4,11,2023
2023-11-18,Ahmedabad,23.0225,72.5714,251.0,150.5,221.6,67.3,25.4,12.89,11,1.4,11,2023
2023-11-19,Delhi,28.6139,77.209,484.3,290.0,452.4,119.3,52.4,23.24,11,1.4,11,2023
2023-11-19,Mumbai,19.076,72.8777,216.7,126.8,204.0,52.3,22.3,10.18,11,1.4,11,2023
2023-11-19,Chennai,13.0827,80.2707,149.4,86.4,147.9,33.4,12.2,8.42,11,1.4,11,2023
2023-11-19,Kolkata,22.5726,88.3639,222.4,133.4,197.6,50.3,22.1,12.38,11,1.4,11,2023
2023-11-19,Bengaluru,12.9716,77.5946,170.1,103.2,162.0,38.3,16.4,8.9,11,1.4,11,2023
2023-11-19,Hyderabad,17.385,78.4867,163.4,96.8,137.5,32.5,18.0,8.41,11,1.4,11,2023
2023-11-19,Puducherry,11.9416,79.8083,123.0,71.6,105.0,30.8,14.0,5.92,11,1.4,11,2023
2023-11-19,Lucknow,26.8467,80.9462,360.1,211.0,322.8,89.7,38.5,18.21,11,1.4,11,2023
2023-11-19,Patna,25.5941,85.1376,458.2,268.2,413.4,115.3,47.1,22.1,11,1.4,11,2023
2023-11-19,Ahmedabad,23.0225,72.5714,299.8,179.9,261.1,74.9,29.4,17.77,11,1.4,11,2023
2023-11-20,Delhi,28.6139,77.209,476.0,285.8,427.5,122.8,49.6,20.89,11,1.4,11,2023
2023-11-20,Mumbai,19.076,72.8777,221.7,133.2,189.0,58.9,26.7,11.64,11,1.4,11,2023
2023-11-20,Chennai,13.0827,80.2707,153.5,101.1,131.5,30.9,16.7,7.43,11,1.4,11,2023
2023-11-20,Kolkata,22.5726,88.3639,183.3,109.6,170.8,45.2,16.8,8.94,11,1.4,11,2023
2023-11-20,Bengaluru,12.9716,77.5946,139.4,74.0,124.3,29.5,15.3,5.41,11,1.4,11,2023
2023-11-20,Hyderabad,17.385,78.4867,203.4,120.0,178.7,52.0,18.6,10.45,11,1.4,11,2023
2023-11-20,Puducherry,11.9416,79.8083,90.4,51.5,84.6,18.0,6.5,4.77,11,1.4,11,2023
2023-11-20,Lucknow,26.8467,80.9462,306.3,184.6,278.3,76.8,31.8,15.41,11,1.4,11,2023
2023-11-20,Patna,25.5941,85.1376,195.5,108.6,191.4,48.9,21.5,9.43,11,1.4,11,2023
2023-11-20,Ahmedabad,23.0225,72.5714,221.4,130.6,219.0,56.4,21.1,9.42,11,1.4,11,2023
2023-11-21,Delhi,28.6139,77.209,549.9,329.1,500.9,140.9,54.1,28.17,11,1.4,11,2023
2023-11-21,Mumbai,19.076,72.8777,171.8,98.1,163.9,42.3,18.2,9.0,11,1.4,11,2023
2023-11-21,Chennai,13.0827,80.2707,141.9,77.4,123.0,34.2,12.5,7.52,11,1.4,11,2023
2023-11-21,Kolkata,22.5726,88.3639,311.3,193.5,277.5,79.0,32.0,16.19,11,1.4,11,2023
2023-11-21,Bengaluru,12.9716,77.5946,113.7,77.3,109.7,32.2,13.8,6.22,11,1.4,11,2023
2023-11-21,Hyderabad,17.385,78.4867,132.0,78.5,105.6,34.7,12.9,6.56,11,1.4,11,2023
2023-11-21,Puducherry,11.9416,79.8083,129.1,75.2,114.2,32.4,9.2,6.19,11,1.4,11,2023
2023-11-21,Lucknow,26.8467,80.9462,146.4,84.9,138.6,38.4,13.5,7.36,11,1.4,11,2023
2023-11-21,Patna,25.5941,85.1376,260.8,156.5,258.2,72.6,26.2,13.2,11,1.4,11,2023
2023-11-21,Ahmedabad,23.0225,72.5714,179.9,103.9,164.8,42.9,19.8,10.56,11,1.4,11,2023
2023-11-22,Delhi,28.6139,77.209,418.6,251.7,363.3,107.6,39.6,20.51,11,1.4,11,2023
2023-11-22,Mumbai,19.076,72.8777,234.4,145.8,207.2,57.0,22.0,10.52,11,1.4,11,2023
2023-11-22,Chennai,13.0827,80.2707,110.1,58.0,104.6,29.1,12.1,4.55,11,1.4,11,2023
2023-11-22,Kolkata,22.5726,88.3639,192.2,115.6,173.5,47.5,18.6,11.32,11,1.4,11,2023
2023-11-22,Bengaluru,12.9716,77.5946,152.8,101.5,147.7,45.0,13.1,8.23,11,1.4,11,2023
2023-11-22,Hyderabad,17.385,78.4867,152.9,83.4,149.6,37.1,13.2,7.23,11,1.4,11,2023
2023-11-22,Puducherry,11.9416,79.8083,89.1,50.0,78.4,29.2,7.6,6.11,11,1.4,11,2023
2023-11-22,Lucknow,26.8467,80.9462,363.2,219.9,332.9,90.9,38.9,18.73,11,1.4,11,2023
2023-11-22,Patna,25.5941,85.1376,219.5,133.2,203.8,53.7,22.2,10.36,11,1.4,11,2023
2023-11-22,Ahmedabad,23.0225,72.5714,162.0,89.4,133.5,43.2,11.2,7.43,11,1.4,11,2023
2023-11-23,Delhi,28.6139,77.209,330.7,197.0,282.8,84.3,30.5,17.67,11,1.4,11,2023
2023-11-23,Mumbai,19.076,72.8777,171.1,102.2,154.0,43.8,17.2,8.13,11,1.4,11,2023
2023-11-23,Chennai,13.0827,80.2707,134.6,83.1,115.0,35.4,15.8,7.44,11,1.4,11,2023
2023-11-23,Kolkata,22.5726,88.3639,298.6,180.0,261.3,71.4,30.5,15.87,11,1.4,11,2023
2023-11-23,Bengaluru,12.9716,77.5946,223.6,139.1,191.9,52.8,26.9,10.97,11,1.4,11,2023
2023-11-23,Hyderabad,17.385,78.4867,169.7,97.0,165.3,44.4,15.4,7.49,11,1.4,11,2023
2023-11-23,Puducherry,11.9416,79.8083,111.1,66.9,106.6,30.0,10.6,5.01,11,1.4,11,2023
2023-11-23,Lucknow,26.8467,80.9462,297.6,175.8,266.8,74.5,28.0,15.51,11,1.4,11,2023
2023-11-23,Patna,25.5941,85.1376,310.1,181.9,276.3,78.5,31.2,15.93,11,1.4,11,2023
2023-11-23,Ahmedabad,23.0225,72.5714,264.4,165.2,240.2,61.8,25.9,12.22,11,1.4,11,2023
2023-11-24,Delhi,28.6139,77.209,527.7,326.6,480.1,135.4,53.3,26.75,11,1.4,11,2023
2023-11-24,Mumbai,19.076,72.8777,132.1,78.9,111.8,34.2,13.1,8.55,11,1.4,11,2023
2023-11-24,Chennai,13.0827,80.2707,148.9,90.8,131.9,43.9,14.8,7.78,11,1.4,11,2023
2023-11-24,Kolkata,22.5726,88.3639,254.1,150.4,229.0,55.7,22.3,13.05,11,1.4,11,2023
2023-11-24,Bengaluru,12.9716,77.5946,187.0,113.9,162.5,41.0,20.3,8.78,11,1.4,11,2023
2023-11-24,Hyderabad,17.385,78.4867,190.5,116.2,175.3,47.8,19.8,9.41,11,1.4,11,2023
2023-11-24,Puducherry,11.9416,79.8083,92.3,50.6,64.0,22.4,12.3,5.35,11,1.4,11,2023
2023-11-24,Lucknow,26.8467,80.9462,322.8,190.0,298.5,80.2,35.4,15.16,11,1.4,11,2023
2023-11-24,Patna,25.5941,85.1376,283.5,165.9,243.3,67.1,28.6,13.46,11,1.4,11,2023
2023-11-24,Ahmedabad,23.0225,72.5714,50.5,35.7,32.0,15.0,5.1,4.64,11,1.4,11,2023
2023-11-25,Delhi,28.6139,77.209,471.8,280.6,419.0,124.0,44.2,23.78,11,1.4,11,2023
2023-11-25,Mumbai,19.076,72.8777,190.8,112.8,174.5,48.5,20.0,9.68,11,1.4,11,2023
2023-11-25,Chennai,13.0827,80.2707,136.4,82.3,117.5,34.1,12.2,6.04,11,1.4,11,2023
2023-11-25,Kolkata,22.5726,88.3639,235.2,140.5,212.0,62.5,22.5,11.96,11,1.4,11,2023
2023-11-25,Bengaluru,12.9716,77.5946,143.5,83.1,129.7,39.9,14.7,7.4,11,1.4,11,2023
2023-11-25,Hyderabad,17.385,78.4867,143.3,95.8,123.8,29.2,16.1,7.05,11,1.4,11,2023
2023-11-25,Puducherry,11.9416,79.8083,98.9,56.6,104.0,26.1,11.0,5.11,11,1.4,11,2023
2023-11-25,Lucknow,26.8467,80.9462,325.6,202.4,291.0,75.6,34.3,16.78,11,1.4,11,2023
2023-11-25,Patna,25.5941,85.1376,343.6,208.5,306.3,86.0,34.1,16.59,11,1.4,11,2023
2023-11-25,Ahmedabad,23.0225,72.5714,277.5,159.4,268.6,72.9,24.2,13.65,11,1.4,11,2023
2023-11-26,Delhi,28.6139,77.209,378.5,229.1,332.7,94.8,37.6,18.19,11,1.4,11,2023
2023-11-26,Mumbai,19.076,72.8777,160.9,101.1,131.2,42.1,17.7,7.83,11,1.4,11,2023
2023-11-26,Chennai,13.0827,80.2707,127.3,82.2,108.9,29.4,11.7,7.53,11,1.4,11,2023
2023-11-26,Kolkata,22.5726,88.3639,316.6,183.0,293.0,82.4,34.8,16.22,11,1.4,11,2023
2023-11-26,Bengaluru,12.9716,77.5946,138.7,88.9,130.4,43.7,15.8,7.09,11,1.4,11,2023
2023-11-26,Hyderabad,17.385,78.4867,126.9,73.2,102.7,30.9,14.5,6.34,11,1.4,11,2023
2023-11-26,Puducherry,11.9416,79.8083,125.4,76.9,109.6,31.7,13.5,6.41,11,1.4,11,2023
2023-11-26,Lucknow,26.8467,80.9462,317.8,186.8,282.6,88.5,34.2,14.42,11,1.4,11,2023
2023-11-26,Patna,25.5941,85.1376,170.3,102.6,160.4,40.5,19.1,8.57,11,1.4,11,2023
2023-11-26,Ahmedabad,23.0225,72.5714,216.7,133.8,190.8,53.0,23.0,10.8,11,1.4,11,2023
2023-11-27,Delhi,28.6139,77.209,544.7,330.3,495.3,136.0,56.2,26.91,11,1.4,11,2023
2023-11-27,Mumbai,19.076,72.8777,207.3,119.8,194.9,53.0,24.7,12.76,11,1.4,11,2023
2023-11-27,Chennai,13.0827,80.2707,145.1,87.4,123.0,39.9,14.9,7.79,11,1.4,11,2023
2023-11-27,Kolkata,22.5726,88.3639,338.5,199.0,297.3,83.7,35.5,17.48,11,1.4,11,2023
2023-11-27,Bengaluru,12.9716,77.5946,113.1,71.6,92.2,24.9,11.1,5.1,11,1.4,11,2023
2023-11-27,Hyderabad,17.385,78.4867,199.1,120.9,193.3,48.8,19.7,11.17,11,1.4,11,2023
2023-11-27,Puducherry,11.9416,79.8083,103.2,69.4,97.2,16.4,12.7,6.07,11,1.4,11,2023
2023-11-27,Lucknow,26.8467,80.9462,369.8,212.3,327.5,90.1,35.3,20.23,11,1.4,11,2023
2023-11-27,Patna,25.5941,85.1376,335.2,200.9,306.1,86.1,26.9,16.11,11,1.4,11,2023
2023-11-27,Ahmedabad,23.0225,72.5714,160.4,98.2,142.0,40.2,11.9,7.71,11,1.4,11,2023
2023-11-28,Delhi,28.6139,77.209,481.2,295.8,438.8,115.0,50.6,24.78,11,1.4,11,2023
2023-11-28,Mumbai,19.076,72.8777,191.3,104.7,179.8,45.5,19.8,9.63,11,1.4,11,2023
2023-11-28,Chennai,13.0827,80.2707,164.5,98.1,147.9,47.4,15.1,9.04,11,1.4,11,2023
2023-11-28,Kolkata,22.5726,88.3639,242.1,140.2,217.9,63.3,26.9,13.58,11,1.4,11,2023
2023-11-28,Bengaluru,12.9716,77.5946,131.2,73.8,115.5,28.1,12.7,6.22,11,1.4,11,2023
2023-11-28,Hyderabad,17.385,78.4867,193.5,105.1,168.3,45.5,21.7,8.56,11,1.4,11,2023
2023-11-28,Puducherry,11.9416,79.8083,109.5,65.1,106.9,29.8,11.2,4.92,11,1.4,11,2023
2023-11-28,Lucknow,26.8467,80.9462,187.6,113.8,173.1,40.6,16.3,9.63,11,1.4,11,2023
2023-11-28,Patna,25.5941,85.1376,359.7,210.9,319.1,82.6,38.7,16.69,11,1.4,11,2023
2023-11-28,Ahmedabad,23.0225,72.5714,248.4,148.9,233.9,58.9,25.0,10.72,11,1.4,11,2023
2023-11-29,Delhi,28.6139,77.209,236.9,145.1,198.9,58.3,25.7,12.59,11,1.4,11,2023
2023-11-29,Mumbai,19.076,72.8777,169.4,93.7,156.5,47.7,15.6,7.67,11,1.4,11,2023
2023-11-29,Chennai,13.0827,80.2707,112.9,70.6,111.4,23.3,8.3,7.98,11,1.4,11,2023
2023-11-29,Kolkata,22.5726,88.3639,243.1,147.1,213.3,62.7,26.2,12.45,11,1.4,11,2023
2023-11-29,Bengaluru,12.9716,77.5946,192.2,113.7,170.9,49.0,20.1,9.84,11,1.4,11,2023
2023-11-29,Hyderabad,17.385,78.4867,123.0,75.4,107.7,28.4,12.4,5.19,11,1.4,11,2023
2023-11-29,Puducherry,11.9416,79.8083,82.3,36.3,88.0,22.8,8.0,3.45,11,1.4,11,2023
2023-11-29,Lucknow,26.8467,80.9462,121.1,69.0,114.7,34.0,13.4,6.21,11,1.4,11,2023
2023-11-29,Patna,25.5941,85.1376,427.3,254.7,393.3,105.3,41.0,20.36,11,1.4,11,2023
2023-11-29,Ahmedabad,23.0225,72.5714,176.1,109.0,152.5,39.9,19.0,9.13,11,1.4,11,2023
2023-11-30,Delhi,28.6139,77.209,469.0,284.0,416.1,117.6,47.2,22.53,11,1.4,11,2023
2023-11-30,Mumbai,19.076,72.8777,151.8,87.7,152.9,36.3,17.6,7.12,11,1.4,11,2023
2023-11-30,Chennai,13.0827,80.2707,148.2,93.4,141.0,38.6,17.6,7.79,11,1.4,11,2023
2023-11-30,Kolkata,22.5726,88.3639,337.7,194.5,306.7,85.6,31.9,17.46,11,1.4,11,2023
2023-11-30,Bengaluru,12.9716,77.5946,95.3,53.9,69.8,30.1,9.1,6.93,11,1.4,11,2023
2023-11-30,Hyderabad,17.385,78.4867,196.1,119.9,171.8,44.8,20.7,9.73,11,1.4,11,2023
2023-11-30,Puducherry,11.9416,79.8083,78.2,39.3,62.7,26.8,12.2,4.11,11,1.4,11,2023
2023-11-30,Lucknow,26.8467,80.9462,317.7,188.9,278.5,84.9,35.5,14.99,11,1.4,11,2023
2023-11-30,Patna,25.5941,85.1376,330.2,195.9,293.8,87.3,30.4,16.98,11,1.4,11,2023
2023-11-30,Ahmedabad,23.0225,72.5714,256.8,153.4,238.3,64.8,28.1,11.32,11,1.4,11,2023
2023-12-01,Delhi,28.6139,77.209,364.1,218.1,306.3,86.7,34.8,19.15,12,1.4,12,2023
2023-12-01,Mumbai,19.076,72.8777,167.7,96.5,157.5,35.5,12.6,8.02,12,1.4,12,2023
2023-12-01,Chennai,13.0827,80.2707,89.8,46.8,85.4,26.0,10.6,5.6,12,1.4,12,2023
2023-12-01,Kolkata,22.5726,88.3639,314.1,177.8,286.3,76.4,29.9,16.27,12,1.4,12,2023
2023-12-01,Bengaluru,12.9716,77.5946,88.1,44.1,84.4,24.0,9.1,3.53,12,1.4,12,2023
2023-12-01,Hyderabad,17.385,78.4867,194.0,119.8,175.3,43.8,18.5,10.54,12,1.4,12,2023
2023-12-01,Puducherry,11.9416,79.8083,131.5,77.3,116.4,32.2,13.7,5.99,12,1.4,12,2023
2023-12-01,Lucknow,26.8467,80.9462,119.9,77.9,122.3,27.5,9.9,5.86,12,1.4,12,2023
2023-12-01,Patna,25.5941,85.1376,322.9,198.7,291.0,77.6,29.7,17.01,12,1.4,12,2023
2023-12-01,Ahmedabad,23.0225,72.5714,251.0,155.9,218.2,70.1,21.6,13.26,12,1.4,12,2023
2023-12-02,Delhi,28.6139,77.209,239.2,139.6,227.8,63.1,22.8,11.44,12,1.4,12,2023
2023-12-02,Mumbai,19.076,72.8777,200.0,122.6,190.0,48.2,16.8,10.16,12,1.4,12,2023
2023-12-02,Chennai,13.0827,80.2707,114.6,62.3,105.5,27.8,12.1,4.84,12,1.4,12,2023
2023-12-02,Kolkata,22.5726,88.3639,276.3,159.2,242.0,68.1,31.1,14.6,12,1.4,12,2023
2023-12-02,Bengaluru,12.9716,77.5946,172.3,110.5,183.9,43.2,20.1,9.63,12,1.4,12,2023
2023-12-02,Hyderabad,17.385,78.4867,202.9,130.6,179.3,48.7,20.9,9.96,12,1.4,12,2023
2023-12-02,Puducherry,11.9416,79.8083,111.4,74.7,96.4,26.6,11.5,5.34,12,1.4,12,2023
2023-12-02,Lucknow,26.8467,80.9462,183.6,107.3,170.7,51.7,16.1,8.02,12,1.4,12,2023
2023-12-02,Patna,25.5941,85.1376,338.1,192.5,300.7,77.6,36.5,16.14,12,1.4,12,2023
2023-12-02,Ahmedabad,23.0225,72.5714,298.4,184.6,263.4,70.3,29.5,14.82,12,1.4,12,2023
2023-12-03,Delhi,28.6139,77.209,419.7,247.9,383.7,106.0,41.3,20.27,12,1.4,12,2023
2023-12-03,Mumbai,19.076,72.8777,188.6,109.1,170.2,47.5,19.4,11.2,12,1.4,12,2023
2023-12-03,Chennai,13.0827,80.2707,122.7,78.6,112.3,29.7,12.0,6.08,12,1.4,12,2023
2023-12-03,Kolkata,22.5726,88.3639,266.0,154.8,227.7,69.1,28.4,14.05,12,1.4,12,2023
2023-12-03,Bengaluru,12.9716,77.5946,144.6,90.6,135.8,39.3,12.7,6.13,12,1.4,12,2023
2023-12-03,Hyderabad,17.385,78.4867,154.4,92.6,137.0,31.1,18.9,7.45,12,1.4,12,2023
2023-12-03,Puducherry,11.9416,79.8083,108.5,71.3,78.9,25.1,10.1,5.09,12,1.4,12,2023
2023-12-03,Lucknow,26.8467,80.9462,296.7,185.3,272.4,78.0,29.8,13.44,12,1.4,12,2023
2023-12-03,Patna,25.5941,85.1376,190.4,106.6,174.2,47.7,18.6,9.15,12,1.4,12,2023
2023-12-03,Ahmedabad,23.0225,72.5714,314.5,184.6,290.5,78.6,31.3,16.9,12,1.4,12,2023
2023-12-04,Delhi,28.6139,77.209,509.0,304.2,464.5,128.7,50.9,25.65,12,1.4,12,2023
2023-12-04,Mumbai,19.076,72.8777,168.5,99.6,147.0,45.7,16.7,7.13,12,1.4,12,2023
2023-12-04,Chennai,13.0827,80.2707,107.9,48.7,93.2,27.1,10.5,7.38,12,1.4,12,2023
2023-12-04,Kolkata,22.5726,88.3639,280.7,171.1,239.5,68.7,27.1,13.25,12,1.4,12,2023
2023-12-04,Bengaluru,12.9716,77.5946,116.0,60.6,94.2,32.5,11.3,5.29,12,1.4,12,2023
2023-12-04,Hyderabad,17.385,78.4867,167.8,106.5,151.1,44.1,15.1,7.77,12,1.4,12,2023
2023-12-04,Puducherry,11.9416,79.8083,112.1,76.7,112.3,30.4,11.5,7.01,12,1.4,12,2023
2023-12-04,Lucknow,26.8467,80.9462,359.7,204.4,315.3,91.3,32.4,17.09,12,1.4,12,2023
2023-12-04,Patna,25.5941,85.1376,287.0,170.9,256.0,70.6,30.4,14.08,12,1.4,12,2023
2023-12-04,Ahmedabad,23.0225,72.5714,206.7,117.3,194.2,49.0,18.5,10.55,12,1.4,12,2023
2023-12-05,Delhi,28.6139,77.209,330.6,195.7,299.6,81.3,37.7,16.46,12,1.4,12,2023
2023-12-05,Mumbai,19.076,72.8777,220.7,122.7,191.7,50.8,20.2,11.45,12,1.4,12,2023
2023-12-05,Chennai,13.0827,80.2707,151.9,92.9,134.9,35.5,17.4,9.67,12,1.4,12,2023
2023-12-05,Kolkata,22.5726,88.3639,258.8,160.0,235.7,67.7,23.6,12.45,12,1.4,12,2023
2023-12-05,Bengaluru,12.9716,77.5946,151.9,97.2,130.2,29.8,14.2,8.61,12,1.4,12,2023
2023-12-05,Hyderabad,17.385,78.4867,112.6,61.7,102.6,27.7,12.4,4.4,12,1.4,12,2023
2023-12-05,Puducherry,11.9416,79.8083,98.5,65.1,79.1,30.5,7.7,5.77,12,1.4,12,2023
2023-12-05,Lucknow,26.8467,80.9462,283.8,164.6,251.4,73.1,28.4,15.31,12,1.4,12,2023
2023-12-05,Patna,25.5941,85.1376,436.5,256.0,382.8,103.9,41.9,22.93,12,1.4,12,2023
2023-12-05,Ahmedabad,23.0225,72.5714,249.2,146.8,224.2,67.9,28.7,12.72,12,1.4,12,2023
2023-12-06,Delhi,28.6139,77.209,179.3,109.1,168.8,45.7,19.4,9.32,12,1.4,12,2023
2023-12-06,Mumbai,19.076,72.8777,146.6,83.5,129.4,40.9,13.1,7.79,12,1.4,12,2023
2023-12-06,Chennai,13.0827,80.2707,133.6,88.1,119.9,26.4,14.7,8.82,12,1.4,12,2023
2023-12-06,Kolkata,22.5726,88.3639,287.6,168.6,250.2,68.1,32.8,14.05,12,1.4,12,2023
2023-12-06,Bengaluru,12.9716,77.5946,120.1,71.3,105.6,36.3,10.0,7.19,12,1.4,12,2023
2023-12-06,Hyderabad,17.385,78.4867,172.3,109.4,167.7,43.4,16.6,8.68,12,1.4,12,2023
2023-12-06,Puducherry,11.9416,79.8083,103.1,53.6,105.2,26.8,8.0,3.09,12,1.4,12,2023
2023-12-06,Lucknow,26.8467,80.9462,156.7,97.9,136.1,37.4,16.6,7.32,12,1.4,12,2023
2023-12-06,Patna,25.5941,85.1376,374.3,225.1,336.2,87.3,35.8,19.32,12,1.4,12,2023
2023-12-06,Ahmedabad,23.0225,72.5714,193.3,122.0,192.7,51.0,22.3,10.39,12,1.4,12,2023
2023-12-07,Delhi,28.6139,77.209,349.3,210.6,330.5,85.2,32.9,16.33,12,1.4,12,2023
2023-12-07,Mumbai,19.076,72.8777,187.3,107.4,182.0,47.7,20.7,9.07,12,1.4,12,2023
2023-12-07,Chennai,13.0827,80.2707,97.5,52.0,80.5,25.8,10.8,5.48,12,1.4,12,2023
2023-12-07,Kolkata,22.5726,88.3639,177.6,106.6,151.6,46.0,18.7,7.71,12,1.4,12,2023
2023-12-07,Bengaluru,12.9716,77.5946,169.0,113.1,158.8,41.6,16.3,8.24,12,1.4,12,2023
2023-12-07,Hyderabad,17.385,78.4867,141.4,86.1,118.2,27.8,14.6,7.09,12,1.4,12,2023
2023-12-07,Puducherry,11.9416,79.8083,93.6,49.7,86.6,19.4,9.1,6.44,12,1.4,12,2023
2023-12-07,Lucknow,26.8467,80.9462,350.3,203.3,305.1,88.2,32.3,15.51,12,1.4,12,2023
2023-12-07,Patna,25.5941,85.1376,373.3,225.6,339.6,94.4,37.2,18.0,12,1.4,12,2023
2023-12-07,Ahmedabad,23.0225,72.5714,247.2,156.0,218.5,57.7,22.4,11.49,12,1.4,12,2023
2023-12-08,Delhi,28.6139,77.209,408.2,234.2,370.9,104.6,37.2,19.43,12,1.4,12,2023
2023-12-08,Mumbai,19.076,72.8777,199.2,118.8,183.4,49.2,22.4,9.64,12,1.4,12,2023
2023-12-08,Chennai,13.0827,80.2707,101.4,55.5,97.1,25.5,11.4,5.68,12,1.4,12,2023
2023-12-08,Kolkata,22.5726,88.3639,151.0,84.9,127.7,34.5,14.3,8.55,12,1.4,12,2023
2023-12-08,Bengaluru,12.9716,77.5946,176.0,104.1,156.4,41.2,17.8,9.0,12,1.4,12,2023
2023-12-08,Hyderabad,17.385,78.4867,196.2,121.7,158.2,48.4,22.4,9.37,12,1.4,12,2023
2023-12-08,Puducherry,11.9416,79.8083,127.8,75.1,116.4,27.4,10.6,7.12,12,1.4,12,2023
2023-12-08,Lucknow,26.8467,80.9462,365.3,219.3,318.9,91.5,39.0,20.01,12,1.4,12,2023
2023-12-08,Patna,25.5941,85.1376,313.8,180.0,289.1,77.3,33.3,15.97,12,1.4,12,2023
2023-12-08,Ahmedabad,23.0225,72.5714,184.2,110.8,176.2,45.5,16.4,7.62,12,1.4,12,2023
2023-12-09,Delhi,28.6139,77.209,330.2,196.1,303.7,78.1,36.1,15.17,12,1.4,12,2023
2023-12-09,Mumbai,19.076,72.8777,289.3,182.2,261.5,65.7,28.8,14.08,12,1.4,12,2023
2023-12-09,Chennai,13.0827,80.2707,94.1,57.9,78.1,20.7,9.0,4.13,12,1.4,12,2023
2023-12-09,Kolkata,22.5726,88.3639,355.9,210.9,323.8,89.6,36.3,18.22,12,1.4,12,2023
2023-12-09,Bengaluru,12.9716,77.5946,166.4,101.2,151.6,41.8,16.4,7.41,12,1.4,12,2023
2023-12-09,Hyderabad,17.385,78.4867,165.9,100.7,152.5,42.2,16.1,8.24,12,1.4,12,2023
2023-12-09,Puducherry,11.9416,79.8083,93.9,57.9,82.7,24.2,11.4,3.99,12,1.4,12,2023
2023-12-09,Lucknow,26.8467,80.9462,346.8,208.2,328.3,85.8,36.1,17.36,12,1.4,12,2023
2023-12-09,Patna,25.5941,85.1376,238.8,140.7,222.0,58.0,19.4,11.91,12,1.4,12,2023
2023-12-09,Ahmedabad,23.0225,72.5714,174.8,105.5,169.7,46.8,20.6,8.18,12,1.4,12,2023
2023-12-10,Delhi,28.6139,77.209,380.5,223.1,337.0,91.4,35.4,20.39,12,1.4,12,2023
2023-12-10,Mumbai,19.076,72.8777,112.3,74.2,111.0,30.1,9.0,4.03,12,1.4,12,2023
2023-12-10,Chennai,13.0827,80.2707,112.3,70.5,101.1,23.9,13.5,7.3,12,1.4,12,2023
2023-12-10,Kolkata,22.5726,88.3639,240.7,145.0,204.6,58.5,25.1,12.39,12,1.4,12,2023
2023-12-10,Bengaluru,12.9716,77.5946,124.8,73.5,108.7,30.1,13.3,4.27,12,1.4,12,2023
2023-12-10,Hyderabad,17.385,78.4867,165.4,101.0,144.3,39.4,15.6,7.79,12,1.4,12,2023
2023-12-10,Puducherry,11.9416,79.8083,105.1,63.7,77.8,28.9,9.9,7.19,12,1.4,12,2023
2023-12-10,Lucknow,26.8467,80.9462,230.5,134.0,205.8,59.3,19.1,10.7,12,1.4,12,2023
2023-12-10,Patna,25.5941,85.1376,377.4,221.7,350.6,92.5,35.9,19.48,12,1.4,12,2023
2023-12-10,Ahmedabad,23.0225,72.5714,296.3,179.9,276.8,80.8,27.8,15.75,12,1.4,12,2023
2023-12-11,Delhi,28.6139,77.209,270.1,164.2,242.5,72.5,29.4,14.07,12,1.4,12,2023
2023-12-11,Mumbai,19.076,72.8777,207.9,127.3,187.6,51.7,23.7,11.96,12,1.4,12,2023
2023-12-11,Chennai,13.0827,80.2707,122.5,74.7,110.9,24.2,11.6,7.72,12,1.4,12,2023
2023-12-11,Kolkata,22.5726,88.3639,214.5,139.3,202.4,55.2,22.6,9.81,12,1.4,12,2023
2023-12-11,Bengaluru,12.9716,77.5946,132.0,86.4,113.9,37.2,10.4,5.4,12,1.4,12,2023
2023-12-11,Hyderabad,17.385,78.4867,234.5,140.6,206.7,64.1,25.9,12.65,12,1.4,12,2023
2023-12-11,Puducherry,11.9416,79.8083,93.6,54.7,86.7,26.2,8.3,4.85,12,1.4,12,2023
2023-12-11,Lucknow,26.8467,80.9462,325.4,201.7,298.9,75.3,32.1,15.34,12,1.4,12,2023
2023-12-11,Patna,25.5941,85.1376,375.8,230.1,339.0,92.9,37.7,19.0,12,1.4,12,2023
2023-12-11,Ahmedabad,23.0225,72.5714,195.2,111.0,159.3,53.9,20.5,10.12,12,1.4,12,2023
2023-12-12,Delhi,28.6139,77.209,493.2,289.6,430.0,124.8,49.9,22.93,12,1.4,12,2023
2023-12-12,Mumbai,19.076,72.8777,210.4,124.2,182.9,51.3,16.2,9.93,12,1.4,12,2023
2023-12-12,Chennai,13.0827,80.2707,108.4,67.8,96.3,29.7,5.7,4.58,12,1.4,12,2023
2023-12-12,Kolkata,22.5726,88.3639,279.8,166.3,258.6,62.7,29.4,13.35,12,1.4,12,2023
2023-12-12,Bengaluru,12.9716,77.5946,117.9,75.7,115.4,33.6,15.9,7.16,12,1.4,12,2023
2023-12-12,Hyderabad,17.385,78.4867,140.2,84.8,123.3,43.2,16.2,6.82,12,1.4,12,2023
2023-12-12,Puducherry,11.9416,79.8083,122.6,67.4,112.3,26.9,8.9,6.91,12,1.4,12,2023
2023-12-12,Lucknow,26.8467,80.9462,367.1,222.5,328.9,86.7,34.4,17.39,12,1.4,12,2023
2023-12-12,Patna,25.5941,85.1376,319.6,197.1,296.1,73.3,30.6,15.26,12,1.4,12,2023
2023-12-12,Ahmedabad,23.0225,72.5714,110.1,68.9,97.1,27.1,13.7,5.59,12,1.4,12,2023
2023-12-13,Delhi,28.6139,77.209,357.5,217.4,330.2,90.6,37.1,17.73,12,1.4,12,2023
2023-12-13,Mumbai,19.076,72.8777,192.7,116.2,167.4,45.9,22.0,11.64,12,1.4,12,2023
2023-12-13,Chennai,13.0827,80.2707,165.8,92.9,137.9,36.7,16.8,5.48,12,1.4,12,2023
2023-12-13,Kolkata,22.5726,88.3639,222.6,140.6,208.2,53.6,21.4,11.7,12,1.4,12,2023
2023-12-13,Bengaluru,12.9716,77.5946,168.1,98.2,149.4,39.8,14.1,8.19,12,1.4,12,2023
2023-12-13,Hyderabad,17.385,78.4867,157.6,88.3,147.0,41.3,17.2,7.11,12,1.4,12,2023
2023-12-13,Puducherry,11.9416,79.8083,65.3,41.5,53.5,12.8,4.0,2.99,12,1.4,12,2023
2023-12-13,Lucknow,26.8467,80.9462,410.5,243.8,360.7,105.2,41.4,18.41,12,1.4,12,2023
2023-12-13,Patna,25.5941,85.1376,382.4,240.1,323.4,90.7,32.5,19.04,12,1.4,12,2023
2023-12-13,Ahmedabad,23.0225,72.5714,268.6,161.7,252.9,70.5,30.3,14.59,12,1.4,12,2023
2023-12-14,Delhi,28.6139,77.209,359.8,216.2,316.9,89.0,36.1,17.91,12,1.4,12,2023
2023-12-14,Mumbai,19.076,72.8777,249.7,148.2,217.3,58.9,26.3,11.08,12,1.4,12,2023
2023-12-14,Chennai,13.0827,80.2707,121.0,79.2,111.2,30.0,12.0,5.02,12,1.4,12,2023
2023-12-14,Kolkata,22.5726,88.3639,209.1,124.5,190.4,56.1,21.1,11.81,12,1.4,12,2023
2023-12-14,Bengaluru,12.9716,77.5946,188.2,116.9,179.2,43.1,16.5,9.93,12,1.4,12,2023
2023-12-14,Hyderabad,17.385,78.4867,121.1,71.2,115.2,35.9,11.6,5.41,12,1.4,12,2023
2023-12-14,Puducherry,11.9416,79.8083,111.4,61.5,98.9,27.8,11.1,5.66,12,1.4,12,2023
2023-12-14,Lucknow,26.8467,80.9462,253.8,148.6,222.4,57.0,26.1,13.58,12,1.4,12,2023
2023-12-14,Patna,25.5941,85.1376,391.7,233.7,346.0,100.9,40.4,19.8,12,1.4,12,2023
2023-12-14,Ahmedabad,23.0225,72.5714,302.5,181.4,270.2,74.0,27.1,15.79,12,1.4,12,2023
2023-12-15,Delhi,28.6139,77.209,383.6,232.7,360.0,94.3,33.7,19.66,12,1.4,12,2023
2023-12-15,Mumbai,19.076,72.8777,202.7,118.0,185.6,53.8,18.4,9.83,12,1.4,12,2023
2023-12-15,Chennai,13.0827,80.2707,162.9,94.1,147.1,30.2,13.3,8.3,12,1.4,12,2023
2023-12-15,Kolkata,22.5726,88.3639,313.4,181.2,282.7,76.8,33.2,14.45,12,1.4,12,2023
2023-12-15,Bengaluru,12.9716,77.5946,152.9,88.5,139.4,38.5,14.8,8.12,12,1.4,12,2023
2023-12-15,Hyderabad,17.385,78.4867,169.5,101.0,149.7,42.7,17.4,7.49,12,1.4,12,2023
2023-12-15,Puducherry,11.9416,79.8083,98.0,53.5,87.9,22.1,11.3,5.57,12,1.4,12,2023
2023-12-15,Lucknow,26.8467,80.9462,248.0,148.8,228.3,61.3,23.3,11.31,12,1.4,12,2023
2023-12-15,Patna,25.5941,85.1376,395.8,242.0,354.6,102.0,33.6,21.12,12,1.4,12,2023
2023-12-15,Ahmedabad,23.0225,72.5714,216.9,130.8,192.6,59.8,19.6,12.32,12,1.4,12,2023
2023-12-16,Delhi,28.6139,77.209,423.7,257.3,378.7,100.7,44.2,21.5,12,1.4,12,2023
2023-12-16,Mumbai,19.076,72.8777,250.5,149.3,222.1,68.2,28.9,12.53,12,1.4,12,2023
2023-12-16,Chennai,13.0827,80.2707,107.2,68.4,94.4,29.2,10.2,6.92,12,1.4,12,2023
2023-12-16,Kolkata,22.5726,88.3639,217.0,132.6,191.4,53.1,20.9,11.59,12,1.4,12,2023
2023-12-16,Bengaluru,12.9716,77.5946,167.6,103.3,150.0,42.5,18.6,9.31,12,1.4,12,2023
2023-12-16,Hyderabad,17.385,78.4867,73.8,42.9,64.6,21.1,7.2,4.41,12,1.4,12,2023
2023-12-16,Puducherry,11.9416,79.8083,83.4,51.3,82.3,15.0,13.4,5.36,12,1.4,12,2023
2023-12-16,Lucknow,26.8467,80.9462,308.1,180.7,275.9,77.4,31.7,16.91,12,1.4,12,2023
2023-12-16,Patna,25.5941,85.1376,302.7,184.4,262.1,74.0,31.0,15.83,12,1.4,12,2023
2023-12-16,Ahmedabad,23.0225,72.5714,190.1,111.9,182.8,52.2,19.4,7.27,12,1.4,12,2023
2023-12-17,Delhi,28.6139,77.209,592.9,355.6,531.1,146.1,60.0,30.03,12,1.4,12,2023
2023-12-17,Mumbai,19.076,72.8777,234.0,135.8,208.1,66.6,23.8,11.53,12,1.4,12,2023
2023-12-17,Chennai,13.0827,80.2707,102.5,64.0,100.5,29.1,9.7,5.49,12,1.4,12,2023
2023-12-17,Kolkata,22.5726,88.3639,335.6,206.7,295.8,73.7,34.2,17.58,12,1.4,12,2023
2023-12-17,Bengaluru,12.9716,77.5946,107.3,64.3,94.5,27.2,9.6,6.66,12,1.4,12,2023
2023-12-17,Hyderabad,17.385,78.4867,173.2,99.5,163.2,38.2,19.9,9.65,12,1.4,12,2023
2023-12-17,Puducherry,11.9416,79.8083,132.8,78.9,115.6,33.5,13.1,5.99,12,1.4,12,2023
2023-12-17,Lucknow,26.8467,80.9462,272.0,161.4,235.4,70.7,27.1,13.29,12,1.4,12,2023
2023-12-17,Patna,25.5941,85.1376,258.3,149.2,248.0,62.1,27.1,13.08,12,1.4,12,2023
2023-12-17,Ahmedabad,23.0225,72.5714,99.1,68.4,94.7,21.7,9.9,3.81,12,1.4,12,2023
2023-12-18,Delhi,28.6139,77.209,538.1,318.3,480.1,131.6,54.0,28.28,12,1.4,12,2023
2023-12-18,Mumbai,19.076,72.8777,267.6,158.6,243.9,67.2,24.8,15.8,12,1.4,12,2023
2023-12-18,Chennai,13.0827,80.2707,160.1,97.0,156.7,44.9,16.2,8.33,12,1.4,12,2023
2023-12-18,Kolkata,22.5726,88.3639,327.6,191.8,308.2,81.0,35.8,16.37,12,1.4,12,2023
2023-12-18,Bengaluru,12.9716,77.5946,150.1,89.9,130.8,36.4,17.8,5.19,12,1.4,12,2023
2023-12-18,Hyderabad,17.385,78.4867,124.6,71.1,103.5,37.2,15.0,6.82,12,1.4,12,2023
2023-12-18,Puducherry,11.9416,79.8083,92.2,62.0,70.3,31.6,7.9,4.35,12,1.4,12,2023
2023-12-18,Lucknow,26.8467,80.9462,280.1,162.7,267.5,73.2,30.4,12.78,12,1.4,12,2023
2023-12-18,Patna,25.5941,85.1376,348.7,211.8,316.0,82.5,37.0,17.56,12,1.4,12,2023
2023-12-18,Ahmedabad,23.0225,72.5714,181.0,99.3,167.8,55.1,16.1,9.22,12,1.4,12,2023
2023-12-19,Delhi,28.6139,77.209,480.8,282.1,428.9,116.8,50.0,25.37,12,1.4,12,2023
2023-12-19,Mumbai,19.076,72.8777,202.4,117.2,178.6,48.1,18.3,10.02,12,1.4,12,2023
2023-12-19,Chennai,13.0827,80.2707,140.4,86.7,126.3,35.3,13.9,5.72,12,1.4,12,2023
2023-12-19,Kolkata,22.5726,88.3639,260.0,153.1,223.2,66.5,24.8,13.23,12,1.4,12,2023
2023-12-19,Bengaluru,12.9716,77.5946,165.4,94.5,149.6,34.1,19.6,6.91,12,1.4,12,2023
2023-12-19,Hyderabad,17.385,78.4867,150.0,96.7,133.1,32.7,16.4,8.19,12,1.4,12,2023
2023-12-19,Puducherry,11.9416,79.8083,92.3,52.8,79.6,22.2,5.4,4.43,12,1.4,12,2023
2023-12-19,Lucknow,26.8467,80.9462,424.0,249.9,376.9,101.3,43.6,22.4,12,1.4,12,2023
2023-12-19,Patna,25.5941,85.1376,418.6,244.9,380.7,110.4,42.9,21.41,12,1.4,12,2023
2023-12-19,Ahmedabad,23.0225,72.5714,202.8,122.8,192.4,52.0,17.8,9.68,12,1.4,12,2023
2023-12-20,Delhi,28.6139,77.209,488.7,294.8,440.8,120.0,51.2,26.1,12,1.4,12,2023
2023-12-20,Mumbai,19.076,72.8777,246.5,155.1,219.0,59.6,24.3,12.36,12,1.4,12,2023
2023-12-20,Chennai,13.0827,80.2707,161.8,102.9,149.9,34.7,12.8,8.33,12,1.4,12,2023
2023-12-20,Kolkata,22.5726,88.3639,296.0,177.2,281.7,69.7,27.2,14.14,12,1.4,12,2023
2023-12-20,Bengaluru,12.9716,77.5946,118.9,74.0,103.6,23.5,13.7,4.19,12,1.4,12,2023
2023-12-20,Hyderabad,17.385,78.4867,130.5,70.2,119.1,33.4,16.9,7.44,12,1.4,12,2023
2023-12-20,Puducherry,11.9416,79.8083,133.8,81.7,112.6,34.0,14.6,7.39,12,1.4,12,2023
2023-12-20,Lucknow,26.8467,80.9462,277.3,168.8,242.1,65.2,25.5,13.89,12,1.4,12,2023
2023-12-20,Patna,25.5941,85.1376,253.6,150.0,235.5,59.3,24.4,12.75,12,1.4,12,2023
2023-12-20,Ahmedabad,23.0225,72.5714,235.1,138.6,217.9,61.1,25.8,11.67,12,1.4,12,2023
2023-12-21,Delhi,28.6139,77.209,351.0,207.2,318.4,86.2,34.0,17.1,12,1.4,12,2023
2023-12-21,Mumbai,19.076,72.8777,168.7,102.2,140.5,43.4,18.2,7.85,12,1.4,12,2023
2023-12-21,Chennai,13.0827,80.2707,174.1,104.5,144.2,42.4,17.5,9.15,12,1.4,12,2023
2023-12-21,Kolkata,22.5726,88.3639,239.1,138.4,206.4,57.2,22.8,10.82,12,1.4,12,2023
2023-12-21,Bengaluru,12.9716,77.5946,118.0,74.1,119.4,32.5,14.4,6.87,12,1.4,12,2023
2023-12-21,Hyderabad,17.385,78.4867,197.2,116.6,178.6,47.6,19.3,9.93,12,1.4,12,2023
2023-12-21,Puducherry,11.9416,79.8083,119.3,73.7,106.1,30.0,12.8,6.63,12,1.4,12,2023
2023-12-21,Lucknow,26.8467,80.9462,209.3,120.2,197.2,52.1,20.1,10.2,12,1.4,12,2023
2023-12-21,Patna,25.5941,85.1376,317.5,193.3,276.9,79.5,32.2,16.27,12,1.4,12,2023
2023-12-21,Ahmedabad,23.0225,72.5714,234.0,143.0,206.0,54.7,28.3,11.4,12,1.4,12,2023
2023-12-22,Delhi,28.6139,77.209,377.2,229.7,352.2,92.1,35.7,17.62,12,1.4,12,2023
2023-12-22,Mumbai,19.076,72.8777,259.7,150.6,233.5,61.0,23.1,12.69,12,1.4,12,2023
2023-12-22,Chennai,13.0827,80.2707,102.6,58.1,108.4,27.3,12.1,5.95,12,1.4,12,2023
2023-12-22,Kolkata,22.5726,88.3639,247.0,146.0,224.3,62.4,23.6,12.48,12,1.4,12,2023
2023-12-22,Bengaluru,12.9716,77.5946,118.8,70.4,104.2,24.6,7.2,5.0,12,1.4,12,2023
2023-12-22,Hyderabad,17.385,78.4867,231.1,137.1,214.2,49.3,21.1,10.2,12,1.4,12,2023
2023-12-22,Puducherry,11.9416,79.8083,101.0,72.7,94.6,32.0,9.6,6.41,12,1.4,12,2023
2023-12-22,Lucknow,26.8467,80.9462,442.8,265.1,394.2,105.4,43.7,22.22,12,1.4,12,2023
2023-12-22,Patna,25.5941,85.1376,478.2,280.4,430.9,112.3,47.0,24.22,12,1.4,12,2023
2023-12-22,Ahmedabad,23.0225,72.5714,247.1,151.2,225.6,64.1,24.8,11.31,12,1.4,12,2023
2023-12-23,Delhi,28.6139,77.209,243.9,143.6,218.4,66.0,24.2,12.0,12,1.4,12,2023
2023-12-23,Mumbai,19.076,72.8777,211.4,125.5,196.7,60.8,25.5,10.67,12,1.4,12,2023
2023-12-23,Chennai,13.0827,80.2707,134.4,88.5,119.8,36.3,11.2,6.41,12,1.4,12,2023
2023-12-23,Kolkata,22.5726,88.3639,309.8,182.3,277.8,71.2,35.0,16.75,12,1.4,12,2023
2023-12-23,Bengaluru,12.9716,77.5946,145.6,89.9,134.2,41.9,13.5,8.01,12,1.4,12,2023
2023-12-23,Hyderabad,17.385,78.4867,205.7,129.5,167.1,49.0,18.5,10.43,12,1.4,12,2023
2023-12-23,Puducherry,11.9416,79.8083,64.7,28.6,75.6,18.6,6.7,3.6,12,1.4,12,2023
2023-12-23,Lucknow,26.8467,80.9462,317.5,195.5,280.7,80.1,32.2,14.83,12,1.4,12,2023
2023-12-23,Patna,25.5941,85.1376,425.4,253.0,391.0,106.8,45.8,20.23,12,1.4,12,2023
2023-12-23,Ahmedabad,23.0225,72.5714,175.2,100.6,158.7,50.0,20.7,6.45,12,1.4,12,2023
2023-12-24,Delhi,28.6139,77.209,412.0,231.1,377.2,107.5,41.1,20.68,12,1.4,12,2023
2023-12-24,Mumbai,19.076,72.8777,198.9,115.4,182.5,48.8,21.8,9.83,12,1.4,12,2023
2023-12-24,Chennai,13.0827,80.2707,104.5,55.0,79.1,31.4,9.5,5.56,12,1.4,12,2023
2023-12-24,Kolkata,22.5726,88.3639,341.2,201.9,302.1,84.8,34.2,18.95,12,1.4,12,2023
2023-12-24,Bengaluru,12.9716,77.5946,187.0,115.3,179.9,46.0,19.3,9.05,12,1.4,12,2023
2023-12-24,Hyderabad,17.385,78.4867,122.8,79.7,114.8,30.8,12.3,4.63,12,1.4,12,2023
2023-12-24,Puducherry,11.9416,79.8083,85.5,53.0,72.7,20.5,8.3,3.59,12,1.4,12,2023
2023-12-24,Lucknow,26.8467,80.9462,245.1,139.0,219.4,63.7,21.2,12.23,12,1.4,12,2023
2023-12-24,Patna,25.5941,85.1376,355.7,208.5,331.5,87.4,35.4,17.62,12,1.4,12,2023
2023-12-24,Ahmedabad,23.0225,72.5714,144.3,91.6,122.2,35.1,15.6,8.68,12,1.4,12,2023
2023-12-25,Delhi,28.6139,77.209,305.6,181.1,286.1,78.3,31.9,14.23,12,1.4,12,2023
2023-12-25,Mumbai,19.076,72.8777,180.8,107.6,155.9,38.5,17.1,10.39,12,1.4,12,2023
2023-12-25,Chennai,13.0827,80.2707,127.5,83.4,116.2,28.8,15.3,6.59,12,1.4,12,2023
2023-12-25,Kolkata,22.5726,88.3639,300.1,174.7,278.4,79.3,30.6,14.2,12,1.4,12,2023
2023-12-25,Bengaluru,12.9716,77.5946,138.6,86.2,126.6,37.1,15.9,6.28,12,1.4,12,2023
2023-12-25,Hyderabad,17.385,78.4867,127.6,76.4,112.2,35.0,10.6,7.4,12,1.4,12,2023
2023-12-25,Puducherry,11.9416,79.8083,132.1,79.3,119.4,30.0,12.1,6.2,12,1.4,12,2023
2023-12-25,Lucknow,26.8467,80.9462,401.8,240.7,351.0,101.5,41.8,20.06,12,1.4,12,2023
2023-12-25,Patna,25.5941,85.1376,438.8,267.2,386.5,107.5,44.3,20.27,12,1.4,12,2023
2023-12-25,Ahmedabad,23.0225,72.5714,239.1,134.7,223.4,63.4,24.9,11.28,12,1.4,12,2023
2023-12-26,Delhi,28.6139,77.209,405.6,240.8,356.8,100.0,42.0,20.32,12,1.4,12,2023
2023-12-26,Mumbai,19.076,72.8777,254.0,156.2,233.9,57.1,24.8,11.64,12,1.4,12,2023
2023-12-26,Chennai,13.0827,80.2707,121.4,69.4,106.2,34.6,13.1,7.08,12,1.4,12,2023
2023-12-26,Kolkata,22.5726,88.3639,172.0,103.5,162.5,49.0,14.1,8.25,12,1.4,12,2023
2023-12-26,Bengaluru,12.9716,77.5946,171.0,101.6,146.6,36.6,15.2,6.86,12,1.4,12,2023
2023-12-26,Hyderabad,17.385,78.4867,170.0,106.5,142.9,43.5,18.7,8.5,12,1.4,12,2023
2023-12-26,Puducherry,11.9416,79.8083,72.8,45.6,65.1,17.6,6.2,3.73,12,1.4,12,2023
2023-12-26,Lucknow,26.8467,80.9462,341.1,216.6,307.9,91.3,34.8,16.96,12,1.4,12,2023
2023-12-26,Patna,25.5941,85.1376,346.4,201.7,314.2,78.6,32.9,17.43,12,1.4,12,2023
2023-12-26,Ahmedabad,23.0225,72.5714,277.7,173.8,248.0,70.0,29.7,12.56,12,1.4,12,2023
2023-12-27,Delhi,28.6139,77.209,424.4,250.5,380.6,104.3,43.3,21.77,12,1.4,12,2023
2023-12-27,Mumbai,19.076,72.8777,231.6,140.7,209.8,65.3,20.1,13.28,12,1.4,12,2023
2023-12-27,Chennai,13.0827,80.2707,118.8,74.1,104.3,26.9,12.8,6.98,12,1.4,12,2023
2023-12-27,Kolkata,22.5726,88.3639,275.7,162.7,277.0,73.7,29.4,13.43,12,1.4,12,2023
2023-12-27,Bengaluru,12.9716,77.5946,121.2,71.3,117.7,26.3,10.0,6.6,12,1.4,12,2023
2023-12-27,Hyderabad,17.385,78.4867,179.2,103.7,152.6,50.6,18.6,7.6,12,1.4,12,2023
2023-12-27,Puducherry,11.9416,79.8083,79.1,45.7,77.1,22.2,10.2,2.46,12,1.4,12,2023
2023-12-27,Lucknow,26.8467,80.9462,322.6,200.7,301.0,82.1,37.0,16.74,12,1.4,12,2023
2023-12-27,Patna,25.5941,85.1376,409.0,245.6,361.9,98.7,41.3,20.24,12,1.4,12,2023
2023-12-27,Ahmedabad,23.0225,72.5714,144.4,81.5,127.4,39.0,14.4,7.15,12,1.4,12,2023
2023-12-28,Delhi,28.6139,77.209,313.0,187.9,292.3,78.9,28.3,14.4,12,1.4,12,2023
2023-12-28,Mumbai,19.076,72.8777,219.6,130.6,197.0,52.4,23.0,10.68,12,1.4,12,2023
2023-12-28,Chennai,13.0827,80.2707,121.3,68.5,116.5,29.4,13.3,4.87,12,1.4,12,2023
2023-12-28,Kolkata,22.5726,88.3639,338.7,209.6,289.6,81.5,34.8,15.62,12,1.4,12,2023
2023-12-28,Bengaluru,12.9716,77.5946,136.1,83.8,121.0,36.2,12.2,4.56,12,1.4,12,2023
2023-12-28,Hyderabad,17.385,78.4867,202.4,126.3,202.2,41.8,21.7,8.15,12,1.4,12,2023
2023-12-28,Puducherry,11.9416,79.8083,140.1,86.5,118.5,38.1,12.9,7.31,12,1.4,12,2023
2023-12-28,Lucknow,26.8467,80.9462,321.4,201.6,303.8,78.0,34.3,16.42,12,1.4,12,2023
2023-12-28,Patna,25.5941,85.1376,237.1,138.8,232.1,60.7,25.7,11.64,12,1.4,12,2023
2023-12-28,Ahmedabad,23.0225,72.5714,199.7,120.0,177.6,44.0,18.0,10.69,12,1.4,12,2023
2023-12-29,Delhi,28.6139,77.209,361.5,217.0,327.2,91.6,38.4,16.98,12,1.4,12,2023
2023-12-29,Mumbai,19.076,72.8777,218.8,135.1,204.8,49.0,22.4,12.66,12,1.4,12,2023
2023-12-29,Chennai,13.0827,80.2707,123.5,76.5,117.4,26.8,16.0,6.67,12,1.4,12,2023
2023-12-29,Kolkata,22.5726,88.3639,278.0,158.5,256.6,71.5,31.0,13.59,12,1.4,12,2023
2023-12-29,Bengaluru,12.9716,77.5946,110.4,62.8,95.3,23.1,13.6,6.85,12,1.4,12,2023
2023-12-29,Hyderabad,17.385,78.4867,161.1,94.7,130.5,43.1,19.4,7.42,12,1.4,12,2023
2023-12-29,Puducherry,11.9416,79.8083,102.7,63.8,106.2,26.5,10.7,5.31,12,1.4,12,2023
2023-12-29,Lucknow,26.8467,80.9462,215.4,122.0,187.4,57.9,20.9,10.24,12,1.4,12,2023
2023-12-29,Patna,25.5941,85.1376,297.7,177.9,281.5,73.8,28.2,14.91,12,1.4,12,2023
2023-12-29,Ahmedabad,23.0225,72.5714,303.0,179.3,263.3,73.7,30.6,15.84,12,1.4,12,2023
2023-12-30,Delhi,28.6139,77.209,472.6,278.3,417.7,116.9,48.6,22.37,12,1.4,12,2023
2023-12-30,Mumbai,19.076,72.8777,171.7,100.1,162.1,45.0,19.0,9.92,12,1.4,12,2023
2023-12-30,Chennai,13.0827,80.2707,118.4,65.1,97.1,22.2,10.9,5.54,12,1.4,12,2023
2023-12-30,Kolkata,22.5726,88.3639,291.4,174.9,258.3,72.4,27.1,15.6,12,1.4,12,2023
2023-12-30,Bengaluru,12.9716,77.5946,116.4,64.1,111.3,31.4,8.2,6.68,12,1.4,12,2023
2023-12-30,Hyderabad,17.385,78.4867,142.0,83.3,129.3,37.8,15.1,7.05,12,1.4,12,2023
2023-12-30,Puducherry,11.9416,79.8083,96.5,60.0,85.9,31.3,10.8,3.9,12,1.4,12,2023
2023-12-30,Lucknow,26.8467,80.9462,277.0,166.4,259.7,74.9,26.9,12.92,12,1.4,12,2023
2023-12-30,Patna,25.5941,85.1376,261.7,158.3,254.0,67.6,23.0,12.36,12,1.4,12,2023
2023-12-30,Ahmedabad,23.0225,72.5714,195.9,113.4,173.2,50.5,21.0,10.89,12,1.4,12,2023
2023-12-31,Delhi,28.6139,77.209,433.9,250.6,382.1,107.8,43.7,22.56,12,1.4,12,2023
2023-12-31,Mumbai,19.076,72.8777,197.7,118.9,179.8,48.4,19.9,11.01,12,1.4,12,2023
2023-12-31,Chennai,13.0827,80.2707,123.9,74.2,111.2,36.2,10.2,7.97,12,1.4,12,2023
2023-12-31,Kolkata,22.5726,88.3639,193.2,112.6,179.8,52.4,16.5,8.57,12,1.4,12,2023
2023-12-31,Bengaluru,12.9716,77.5946,148.3,100.7,143.4,36.1,10.0,7.5,12,1.4,12,2023
2023-12-31,Hyderabad,17.385,78.4867,180.7,106.5,155.8,45.8,16.2,10.91,12,1.4,12,2023
2023-12-31,Puducherry,11.9416,79.8083,135.3,84.5,122.5,31.2,13.5,8.4,12,1.4,12,2023
2023-12-31,Lucknow,26.8467,80.9462,364.5,219.7,335.4,93.3,37.2,19.21,12,1.4,12,2023
2023-12-31,Patna,25.5941,85.1376,372.2,227.6,336.3,92.0,36.1,17.94,12,1.4,12,2023
2023-12-31,Ahmedabad,23.0225,72.5714,151.8,86.5,129.1,35.9,18.3,7.43,12,1.4,12,2023
2024-01-01,Delhi,28.6139,77.209,411.3,248.1,382.9,100.5,40.7,20.46,1,1.4,1,2024
2024-01-01,Mumbai,19.076,72.8777,241.5,151.6,221.1,65.3,24.5,11.9,1,1.4,1,2024
2024-01-01,Chennai,13.0827,80.2707,155.5,95.7,134.1,42.9,15.1,7.44,1,1.4,1,2024
2024-01-01,Kolkata,22.5726,88.3639,296.7,177.6,270.1,76.8,28.1,15.22,1,1.4,1,2024
2024-01-01,Bengaluru,12.9716,77.5946,180.5,103.5,166.0,41.8,20.1,10.04,1,1.4,1,2024
2024-01-01,Hyderabad,17.385,78.4867,155.6,104.4,148.9,41.7,16.9,8.76,1,1.4,1,2024
2024-01-01,Puducherry,11.9416,79.8083,85.1,52.0,79.7,19.7,9.4,5.49,1,1.4,1,2024
2024-01-01,Lucknow,26.8467,80.9462,280.6,168.1,246.0,63.0,29.6,14.0,1,1.4,1,2024
2024-01-01,Patna,25.5941,85.1376,339.3,198.6,303.9,89.2,33.9,16.99,1,1.4,1,2024
2024-01-01,Ahmedabad,23.0225,72.5714,233.3,133.8,215.0,53.3,21.5,10.62,1,1.4,1,2024
2024-01-02,Delhi,28.6139,77.209,378.0,225.0,340.2,90.9,39.8,19.73,1,1.4,1,2024
2024-01-02,Mumbai,19.076,72.8777,189.0,111.0,165.5,46.0,16.1,8.49,1,1.4,1,2024
2024-01-02,Chennai,13.0827,80.2707,147.5,90.0,145.8,35.7,14.0,6.97,1,1.4,1,2024
2024-01-02,Kolkata,22.5726,88.3639,236.0,138.3,214.6,59.1,22.6,13.05,1,1.4,1,2024
2024-01-02,Bengaluru,12.9716,77.5946,196.9,124.0,181.7,52.3,23.4,10.61,1,1.4,1,2024
2024-01-02,Hyderabad,17.385,78.4867,147.5,90.5,137.8,32.9,14.2,8.48,1,1.4,1,2024
2024-01-02,Puducherry,11.9416,79.8083,68.5,34.8,60.2,18.5,4.1,3.3,1,1.4,1,2024
2024-01-02,Lucknow,26.8467,80.9462,383.0,230.1,352.2,93.4,36.7,20.0,1,1.4,1,2024
2024-01-02,Patna,25.5941,85.1376,361.8,211.2,319.2,96.7,34.3,19.02,1,1.4,1,2024
2024-01-02,Ahmedabad,23.0225,72.5714,202.5,121.5,184.6,42.2,17.3,10.21,1,1.4,1,2024
2024-01-03,Delhi,28.6139,77.209,334.1,205.4,287.8,85.8,30.7,16.35,1,1.4,1,2024
2024-01-03,Mumbai,19.076,72.8777,153.4,101.6,127.3,37.9,11.9,9.27,1,1.4,1,2024
2024-01-03,Chennai,13.0827,80.2707,136.0,82.3,134.2,34.6,14.0,6.93,1,1.4,1,2024
2024-01-03,Kolkata,22.5726,88.3639,280.2,165.7,250.5,73.3,28.6,13.9,1,1.4,1,2024
2024-01-03,Bengaluru,12.9716,77.5946,98.0,66.3,82.9,28.4,10.2,3.61,1,1.4,1,2024
2024-01-03,Hyderabad,17.385,78.4867,211.8,128.4,201.3,52.2,22.6,8.83,1,1.4,1,2024
2024-01-03,Puducherry,11.9416,79.8083,95.0,50.6,82.5,25.6,8.3,5.61,1,1.4,1,2024
2024-01-03,Lucknow,26.8467,80.9462,252.3,155.8,237.5,67.1,24.5,10.49,1,1.4,1,2024
2024-01-03,Patna,25.5941,85.1376,376.8,225.5,331.3,92.0,40.5,17.7,1,1.4,1,2024
2024-01-03,Ahmedabad,23.0225,72.5714,245.1,148.1,217.7,63.9,27.8,11.96,1,1.4,1,2024
2024-01-04,Delhi,28.6139,77.209,372.5,226.6,342.6,92.6,36.6,16.41,1,1.4,1,2024
2024-01-04,Mumbai,19.076,72.8777,164.9,93.2,153.9,40.2,15.9,8.24,1,1.4,1,2024
2024-01-04,Chennai,13.0827,80.2707,104.2,70.3,104.2,32.5,11.8,5.18,1,1.4,1,2024
2024-01-04,Kolkata,22.5726,88.3639,332.7,196.2,292.5,80.8,34.3,15.87,1,1.4,1,2024
2024-01-04,Bengaluru,12.9716,77.5946,135.3,73.2,125.6,27.8,11.7,7.98,1,1.4,1,2024
2024-01-04,Hyderabad,17.385,78.4867,209.3,127.5,190.6,50.2,19.4,10.1,1,1.4,1,2024
2024-01-04,Puducherry,11.9416,79.8083,74.7,46.1,67.6,14.9,10.6,4.34,1,1.4,1,2024
2024-01-04,Lucknow,26.8467,80.9462,353.0,209.4,317.7,90.8,35.6,19.25,1,1.4,1,2024
2024-01-04,Patna,25.5941,85.1376,321.7,190.5,294.6,75.4,34.0,14.78,1,1.4,1,2024
2024-01-04,Ahmedabad,23.0225,72.5714,252.7,148.4,231.2,66.8,25.6,11.44,1,1.4,1,2024
2024-01-05,Delhi,28.6139,77.209,320.3,188.5,273.1,84.6,32.3,14.88,1,1.4,1,2024
2024-01-05,Mumbai,19.076,72.8777,254.2,149.0,230.8,60.2,21.4,11.35,1,1.4,1,2024
2024-01-05,Chennai,13.0827,80.2707,114.8,73.4,106.1,29.3,7.5,7.01,1,1.4,1,2024
2024-01-05,Kolkata,22.5726,88.3639,263.2,157.3,245.9,70.8,28.6,12.91,1,1.4,1,2024
2024-01-05,Bengaluru,12.9716,77.5946,109.9,70.9,88.0,35.3,11.0,4.43,1,1.4,1,2024
2024-01-05,Hyderabad,17.385,78.4867,124.9,68.6,113.5,31.2,10.0,5.89,1,1.4,1,2024
2024-01-05,Puducherry,11.9416,79.8083,77.6,49.5,69.4,17.9,5.2,3.58,1,1.4,1,2024
2024-01-05,Lucknow,26.8467,80.9462,281.0,170.2,254.2,73.4,27.1,12.19,1,1.4,1,2024
2024-01-05,Patna,25.5941,85.1376,405.4,238.6,356.0,101.2,41.1,19.74,1,1.4,1,2024
2024-01-05,Ahmedabad,23.0225,72.5714,199.8,117.9,191.2,49.9,18.0,9.03,1,1.4,1,2024
2024-01-06,Delhi,28.6139,77.209,371.9,224.3,338.6,93.5,35.5,18.17,1,1.4,1,2024
2024-01-06,Mumbai,19.076,72.8777,225.4,129.5,199.1,58.7,24.3,11.08,1,1.4,1,2024
2024-01-06,Chennai,13.0827,80.2707,115.7,62.8,108.3,34.2,16.7,6.17,1,1.4,1,2024
2024-01-06,Kolkata,22.5726,88.3639,249.5,145.1,209.5,63.1,29.7,13.75,1,1.4,1,2024
2024-01-06,Bengaluru,12.9716,77.5946,173.5,105.3,159.0,33.7,18.9,8.1,1,1.4,1,2024
2024-01-06,Hyderabad,17.385,78.4867,143.4,84.4,126.2,33.0,14.4,6.61,1,1.4,1,2024
2024-01-06,Puducherry,11.9416,79.8083,107.0,56.8,94.6,22.4,9.4,5.49,1,1.4,1,2024
2024-01-06,Lucknow,26.8467,80.9462,203.7,118.1,187.9,45.3,23.9,11.39,1,1.4,1,2024
2024-01-06,Patna,25.5941,85.1376,301.4,176.9,272.9,69.6,26.1,14.61,1,1.4,1,2024
2024-01-06,Ahmedabad,23.0225,72.5714,218.0,131.3,191.3,59.6,18.8,9.76,1,1.4,1,2024
2024-01-07,Delhi,28.6139,77.209,430.9,252.7,378.2,108.2,41.0,21.41,1,1.4,1,2024
2024-01-07,Mumbai,19.076,72.8777,168.0,96.5,134.4,42.6,14.3,8.23,1,1.4,1,2024
2024-01-07,Chennai,13.0827,80.2707,113.2,66.9,100.7,29.1,9.9,6.9,1,1.4,1,2024
2024-01-07,Kolkata,22.5726,88.3639,159.6,94.6,150.3,41.8,14.0,7.17,1,1.4,1,2024
2024-01-07,Bengaluru,12.9716,77.5946,109.8,68.9,92.9,28.5,11.5,7.86,1,1.4,1,2024
2024-01-07,Hyderabad,17.385,78.4867,179.0,103.3,149.4,43.6,17.7,6.74,1,1.4,1,2024
2024-01-07,Puducherry,11.9416,79.8083,90.7,55.9,77.4,26.5,6.0,5.21,1,1.4,1,2024
2024-01-07,Lucknow,26.8467,80.9462,367.4,225.2,318.1,93.1,35.4,16.96,1,1.4,1,2024
2024-01-07,Patna,25.5941,85.1376,307.0,179.7,283.7,78.8,28.4,14.63,1,1.4,1,2024
2024-01-07,Ahmedabad,23.0225,72.5714,206.9,123.8,194.3,54.5,20.8,10.08,1,1.4,1,2024
2024-01-08,Delhi,28.6139,77.209,250.1,156.5,221.5,68.7,25.4,14.53,1,1.4,1,2024
2024-01-08,Mumbai,19.076,72.8777,220.3,125.0,193.4,54.4,20.3,10.64,1,1.4,1,2024
2024-01-08,Chennai,13.0827,80.2707,91.8,55.1,84.5,18.9,13.1,4.65,1,1.4,1,2024
2024-01-08,Kolkata,22.5726,88.3639,211.2,118.6,190.6,51.8,22.7,10.42,1,1.4,1,2024
2024-01-08,Bengaluru,12.9716,77.5946,104.2,70.9,97.3,25.0,10.7,5.68,1,1.4,1,2024
2024-01-08,Hyderabad,17.385,78.4867,118.0,71.6,102.6,31.5,10.3,5.3,1,1.4,1,2024
2024-01-08,Puducherry,11.9416,79.8083,138.3,89.1,98.1,39.2,13.7,6.21,1,1.4,1,2024
2024-01-08,Lucknow,26.8467,80.9462,242.5,140.8,212.8,56.1,21.5,11.08,1,1.4,1,2024
2024-01-08,Patna,25.5941,85.1376,358.6,215.4,327.2,89.4,33.2,18.42,1,1.4,1,2024
2024-01-08,Ahmedabad,23.0225,72.5714,178.8,110.5,151.6,42.0,17.2,9.61,1,1.4,1,2024
2024-01-09,Delhi,28.6139,77.209,406.1,243.8,380.6,94.2,38.5,19.22,1,1.4,1,2024
2024-01-09,Mumbai,19.076,72.8777,125.2,71.5,118.2,28.9,11.9,4.54,1,1.4,1,2024
2024-01-09,Chennai,13.0827,80.2707,106.1,61.4,100.6,19.8,9.7,6.39,1,1.4,1,2024
2024-01-09,Kolkata,22.5726,88.3639,229.7,127.2,217.0,60.4,24.7,9.74,1,1.4,1,2024
2024-01-09,Bengaluru,12.9716,77.5946,185.4,107.4,162.8,43.5,20.4,9.09,1,1.4,1,2024
2024-01-09,Hyderabad,17.385,78.4867,184.9,111.3,165.6,42.4,22.1,7.78,1,1.4,1,2024
2024-01-09,Puducherry,11.9416,79.8083,113.2,69.8,111.1,33.9,11.0,6.19,1,1.4,1,2024
2024-01-09,Lucknow,26.8467,80.9462,422.7,253.3,371.9,104.1,39.7,21.51,1,1.4,1,2024
2024-01-09,Patna,25.5941,85.1376,410.5,245.7,356.5,106.7,37.5,18.98,1,1.4,1,2024
2024-01-09,Ahmedabad,23.0225,72.5714,216.0,130.9,197.8,53.7,25.1,10.87,1,1.4,1,2024
2024-01-10,Delhi,28.6139,77.209,474.8,288.8,417.0,118.0,51.7,23.24,1,1.4,1,2024
2024-01-10,Mumbai,19.076,72.8777,169.0,102.3,148.4,39.1,15.9,9.88,1,1.4,1,2024
2024-01-10,Chennai,13.0827,80.2707,122.6,66.9,98.2,39.5,11.8,6.56,1,1.4,1,2024
2024-01-10,Kolkata,22.5726,88.3639,213.4,129.6,203.7,50.7,22.3,9.26,1,1.4,1,2024
2024-01-10,Bengaluru,12.9716,77.5946,200.7,121.8,177.3,49.0,19.0,9.58,1,1.4,1,2024
2024-01-10,Hyderabad,17.385,78.4867,82.3,48.9,73.0,22.5,7.2,3.34,1,1.4,1,2024
2024-01-10,Puducherry,11.9416,79.8083,104.8,54.8,95.5,18.8,12.7,5.92,1,1.4,1,2024
2024-01-10,Lucknow,26.8467,80.9462,247.8,152.0,223.9,57.9,20.7,12.71,1,1.4,1,2024
2024-01-10,Patna,25.5941,85.1376,280.4,173.7,252.5,67.3,31.6,14.6,1,1.4,1,2024
2024-01-10,Ahmedabad,23.0225,72.5714,59.5,33.3,42.5,11.7,5.7,3.33,1,1.4,1,2024
2024-01-11,Delhi,28.6139,77.209,412.9,253.1,376.7,105.5,41.7,21.93,1,1.4,1,2024
2024-01-11,Mumbai,19.076,72.8777,183.3,108.5,149.7,50.0,18.2,12.1,1,1.4,1,2024
2024-01-11,Chennai,13.0827,80.2707,115.9,70.0,108.7,24.6,12.3,5.83,1,1.4,1,2024
2024-01-11,Kolkata,22.5726,88.3639,236.8,147.9,205.9,60.3,26.6,11.13,1,1.4,1,2024
2024-01-11,Bengaluru,12.9716,77.5946,131.1,90.4,121.8,30.8,14.7,5.99,1,1.4,1,2024
2024-01-11,Hyderabad,17.385,78.4867,113.2,74.8,93.1,38.1,10.3,7.79,1,1.4,1,2024
2024-01-11,Puducherry,11.9416,79.8083,77.6,51.7,73.8,22.8,9.7,3.38,1,1.4,1,2024
2024-01-11,Lucknow,26.8467,80.9462,222.9,133.5,202.4,53.8,22.8,11.47,1,1.4,1,2024
2024-01-11,Patna,25.5941,85.1376,272.3,165.4,242.9,65.3,28.8,12.84,1,1.4,1,2024
2024-01-11,Ahmedabad,23.0225,72.5714,203.4,122.4,194.1,51.6,21.4,9.87,1,1.4,1,2024
2024-01-12,Delhi,28.6139,77.209,385.7,231.2,349.5,95.2,41.2,18.91,1,1.4,1,2024
2024-01-12,Mumbai,19.076,72.8777,127.7,90.3,112.3,37.2,15.6,7.33,1,1.4,1,2024
2024-01-12,Chennai,13.0827,80.2707,121.0,74.0,98.7,38.2,10.4,5.8,1,1.4,1,2024
2024-01-12,Kolkata,22.5726,88.3639,256.9,153.6,226.0,69.8,27.6,13.17,1,1.4,1,2024
2024-01-12,Bengaluru,12.9716,77.5946,128.0,82.1,111.5,38.3,13.0,7.63,1,1.4,1,2024
2024-01-12,Hyderabad,17.385,78.4867,164.0,98.8,157.4,49.8,19.5,9.08,1,1.4,1,2024
2024-01-12,Puducherry,11.9416,79.8083,116.8,67.5,107.5,25.5,12.4,6.28,1,1.4,1,2024
2024-01-12,Lucknow,26.8467,80.9462,180.5,108.5,165.8,44.8,18.8,7.68,1,1.4,1,2024
2024-01-12,Patna,25.5941,85.1376,281.7,174.2,253.5,71.8,27.1,14.1,1,1.4,1,2024
2024-01-12,Ahmedabad,23.0225,72.5714,120.4,76.5,122.8,25.8,10.2,6.46,1,1.4,1,2024
2024-01-13,Delhi,28.6139,77.209,509.9,305.9,449.1,126.6,48.9,24.83,1,1.4,1,2024
2024-01-13,Mumbai,19.076,72.8777,183.8,105.6,159.2,46.2,18.8,7.77,1,1.4,1,2024
2024-01-13,Chennai,13.0827,80.2707,135.9,79.6,128.1,37.1,12.5,7.41,1,1.4,1,2024
2024-01-13,Kolkata,22.5726,88.3639,210.2,132.7,182.8,54.0,20.6,9.49,1,1.4,1,2024
2024-01-13,Bengaluru,12.9716,77.5946,167.0,97.1,136.7,30.2,14.9,9.73,1,1.4,1,2024
2024-01-13,Hyderabad,17.385,78.4867,212.0,123.6,187.8,51.1,18.5,9.65,1,1.4,1,2024
2024-01-13,Puducherry,11.9416,79.8083,124.6,77.3,114.3,25.8,12.7,3.93,1,1.4,1,2024
2024-01-13,Lucknow,26.8467,80.9462,362.8,219.0,315.8,97.2,32.7,18.67,1,1.4,1,2024
2024-01-13,Patna,25.5941,85.1376,374.9,218.7,337.1,87.2,31.8,17.68,1,1.4,1,2024
2024-01-13,Ahmedabad,23.0225,72.5714,196.3,121.0,177.2,49.4,17.6,9.28,1,1.4,1,2024
2024-01-14,Delhi,28.6139,77.209,317.6,184.4,281.1,79.7,30.6,15.56,1,1.4,1,2024
2024-01-14,Mumbai,19.076,72.8777,223.8,131.8,190.7,58.2,22.9,11.52,1,1.4,1,2024
2024-01-14,Chennai,13.0827,80.2707,141.6,87.2,127.7,45.0,11.6,6.49,1,1.4,1,2024
2024-01-14,Kolkata,22.5726,88.3639,300.4,181.0,276.4,75.8,32.8,14.01,1,1.4,1,2024
2024-01-14,Bengaluru,12.9716,77.5946,180.3,114.0,152.6,47.6,17.9,8.41,1,1.4,1,2024
2024-01-14,Hyderabad,17.385,78.4867,101.9,56.1,97.4,28.7,9.8,5.91,1,1.4,1,2024
2024-01-14,Puducherry,11.9416,79.8083,123.9,75.1,105.7,32.7,13.4,6.87,1,1.4,1,2024
2024-01-14,Lucknow,26.8467,80.9462,364.3,211.8,323.8,83.5,37.9,18.0,1,1.4,1,2024
2024-01-14,Patna,25.5941,85.1376,366.2,212.3,340.8,86.8,38.2,18.43,1,1.4,1,2024
2024-01-14,Ahmedabad,23.0225,72.5714,215.5,127.9,188.8,59.1,21.6,9.51,1,1.4,1,2024
2024-01-15,Delhi,28.6139,77.209,361.3,217.4,332.4,87.9,35.1,18.09,1,1.4,1,2024
2024-01-15,Mumbai,19.076,72.8777,230.9,131.7,211.9,55.9,22.4,13.55,1,1.4,1,2024
2024-01-15,Chennai,13.0827,80.2707,121.1,76.4,114.7,25.6,8.4,6.88,1,1.4,1,2024
2024-01-15,Kolkata,22.5726,88.3639,197.8,110.4,186.2,45.4,18.2,11.86,1,1.4,1,2024
2024-01-15,Bengaluru,12.9716,77.5946,90.2,47.8,77.5,21.6,7.2,3.35,1,1.4,1,2024
2024-01-15,Hyderabad,17.385,78.4867,220.8,133.8,203.4,54.7,22.7,11.97,1,1.4,1,2024
2024-01-15,Puducherry,11.9416,79.8083,85.1,52.4,82.2,27.5,12.4,4.32,1,1.4,1,2024
2024-01-15,Lucknow,26.8467,80.9462,382.0,215.8,356.2,92.6,37.7,19.54,1,1.4,1,2024
2024-01-15,Patna,25.5941,85.1376,325.3,196.2,305.5,79.8,30.4,18.08,1,1.4,1,2024
2024-01-15,Ahmedabad,23.0225,72.5714,247.7,158.2,229.8,56.6,26.1,11.4,1,1.4,1,2024
2024-01-16,Delhi,28.6139,77.209,392.6,235.2,340.4,94.9,43.7,19.87,1,1.4,1,2024
2024-01-16,Mumbai,19.076,72.8777,189.0,122.5,166.9,46.9,20.9,9.05,1,1.4,1,2024
2024-01-16,Chennai,13.0827,80.2707,107.3,53.1,89.1,23.0,11.0,4.75,1,1.4,1,2024
2024-01-16,Kolkata,22.5726,88.3639,359.9,210.7,335.1,90.9,37.6,18.74,1,1.4,1,2024
2024-01-16,Bengaluru,12.9716,77.5946,73.5,44.0,64.1,13.8,8.3,5.39,1,1.4,1,2024
2024-01-16,Hyderabad,17.385,78.4867,74.4,42.0,57.0,18.9,6.8,3.11,1,1.4,1,2024
2024-01-16,Puducherry,11.9416,79.8083,118.8,79.5,128.2,26.7,8.2,6.5,1,1.4,1,2024
2024-01-16,Lucknow,26.8467,80.9462,412.7,251.7,384.3,102.3,40.1,20.75,1,1.4,1,2024
2024-01-16,Patna,25.5941,85.1376,312.9,191.1,289.4,82.4,32.3,15.89,1,1.4,1,2024
2024-01-16,Ahmedabad,23.0225,72.5714,259.7,146.0,235.4,65.1,26.4,12.9,1,1.4,1,2024
2024-01-17,Delhi,28.6139,77.209,426.5,253.0,392.9,108.5,43.0,20.63,1,1.4,1,2024
2024-01-17,Mumbai,19.076,72.8777,228.6,138.2,199.7,56.9,24.1,11.98,1,1.4,1,2024
2024-01-17,Chennai,13.0827,80.2707,138.2,83.4,132.6,39.5,15.3,6.32,1,1.4,1,2024
2024-01-17,Kolkata,22.5726,88.3639,199.1,116.7,194.8,50.9,24.2,9.83,1,1.4,1,2024
2024-01-17,Bengaluru,12.9716,77.5946,132.2,78.9,118.2,30.0,10.9,7.11,1,1.4,1,2024
2024-01-17,Hyderabad,17.385,78.4867,204.9,135.2,180.9,49.8,18.9,11.37,1,1.4,1,2024
2024-01-17,Puducherry,11.9416,79.8083,121.3,68.4,102.0,34.1,12.9,6.82,1,1.4,1,2024
2024-01-17,Lucknow,26.8467,80.9462,250.6,141.0,218.5,65.4,29.3,12.1,1,1.4,1,2024
2024-01-17,Patna,25.5941,85.1376,495.3,301.3,434.6,124.7,51.3,22.34,1,1.4,1,2024
2024-01-17,Ahmedabad,23.0225,72.5714,253.0,157.7,230.9,63.0,25.0,12.42,1,1.4,1,2024
2024-01-18,Delhi,28.6139,77.209,297.9,175.3,264.8,74.9,28.7,14.03,1,1.4,1,2024
2024-01-18,Mumbai,19.076,72.8777,226.4,137.7,199.4,58.6,21.7,11.38,1,1.4,1,2024
2024-01-18,Chennai,13.0827,80.2707,150.4,87.2,126.0,37.0,12.3,7.24,1,1.4,1,2024
2024-01-18,Kolkata,22.5726,88.3639,238.0,130.5,218.4,58.8,26.2,12.12,1,1.4,1,2024
2024-01-18,Bengaluru,12.9716,77.5946,162.1,103.2,144.8,40.5,13.1,9.34,1,1.4,1,2024
2024-01-18,Hyderabad,17.385,78.4867,162.9,92.7,152.5,32.0,15.4,9.05,1,1.4,1,2024
2024-01-18,Puducherry,11.9416,79.8083,96.2,54.1,83.3,16.0,11.1,4.69,1,1.4,1,2024
2024-01-18,Lucknow,26.8467,80.9462,290.3,172.8,261.4,75.2,28.9,13.15,1,1.4,1,2024
2024-01-18,Patna,25.5941,85.1376,376.3,228.3,340.3,98.4,37.7,19.93,1,1.4,1,2024
2024-01-18,Ahmedabad,23.0225,72.5714,287.3,175.3,252.6,71.3,31.2,12.87,1,1.4,1,2024
2024-01-19,Delhi,28.6139,77.209,360.6,214.6,317.6,93.6,36.8,17.32,1,1.4,1,2024
2024-01-19,Mumbai,19.076,72.8777,220.2,131.3,191.1,52.2,22.9,11.95,1,1.4,1,2024
2024-01-19,Chennai,13.0827,80.2707,113.8,71.0,115.1,23.4,12.1,6.52,1,1.4,1,2024
2024-01-19,Kolkata,22.5726,88.3639,247.2,154.5,240.1,63.2,24.3,13.34,1,1.4,1,2024
2024-01-19,Bengaluru,12.9716,77.5946,165.3,86.6,148.7,39.7,17.3,8.07,1,1.4,1,2024
2024-01-19,Hyderabad,17.385,78.4867,165.0,94.7,154.4,47.9,14.8,6.85,1,1.4,1,2024
2024-01-19,Puducherry,11.9416,79.8083,105.4,63.1,104.2,21.4,9.5,3.12,1,1.4,1,2024
2024-01-19,Lucknow,26.8467,80.9462,397.4,239.7,354.0,94.1,37.3,20.28,1,1.4,1,2024
2024-01-19,Patna,25.5941,85.1376,258.5,155.6,249.0,63.2,23.9,13.31,1,1.4,1,2024
2024-01-19,Ahmedabad,23.0225,72.5714,168.8,109.9,163.1,41.5,15.1,8.01,1,1.4,1,2024
2024-01-20,Delhi,28.6139,77.209,368.3,222.9,339.8,87.9,38.9,19.03,1,1.4,1,2024
2024-01-20,Mumbai,19.076,72.8777,175.7,100.0,159.1,39.7,19.6,7.66,1,1.4,1,2024
2024-01-20,Chennai,13.0827,80.2707,139.7,83.4,121.2,34.5,16.1,5.79,1,1.4,1,2024
2024-01-20,Kolkata,22.5726,88.3639,231.4,135.1,208.0,55.1,19.6,10.51,1,1.4,1,2024
2024-01-20,Bengaluru,12.9716,77.5946,189.1,114.7,171.9,46.1,18.8,9.03,1,1.4,1,2024
2024-01-20,Hyderabad,17.385,78.4867,186.4,112.3,158.4,47.6,13.7,9.73,1,1.4,1,2024
2024-01-20,Puducherry,11.9416,79.8083,76.8,45.6,59.6,19.2,8.8,5.34,1,1.4,1,2024
2024-01-20,Lucknow,26.8467,80.9462,207.8,129.6,188.1,50.1,22.3,10.15,1,1.4,1,2024
2024-01-20,Patna,25.5941,85.1376,386.2,226.8,342.5,100.3,41.6,19.27,1,1.4,1,2024
2024-01-20,Ahmedabad,23.0225,72.5714,98.6,58.2,89.0,23.7,10.5,4.45,1,1.4,1,2024
2024-01-21,Delhi,28.6139,77.209,459.1,269.6,423.1,121.0,44.1,22.04,1,1.4,1,2024
2024-01-21,Mumbai,19.076,72.8777,212.4,121.5,187.2,57.5,22.7,12.6,1,1.4,1,2024
2024-01-21,Chennai,13.0827,80.2707,130.3,75.1,117.7,32.0,12.8,6.49,1,1.4,1,2024
2024-01-21,Kolkata,22.5726,88.3639,205.4,124.7,173.6,48.5,20.3,8.01,1,1.4,1,2024
2024-01-21,Bengaluru,12.9716,77.5946,163.1,87.6,152.1,35.6,15.5,8.67,1,1.4,1,2024
2024-01-21,Hyderabad,17.385,78.4867,244.9,147.5,204.5,65.0,24.0,12.31,1,1.4,1,2024
2024-01-21,Puducherry,11.9416,79.8083,116.2,58.6,104.6,27.4,14.1,6.54,1,1.4,1,2024
2024-01-21,Lucknow,26.8467,80.9462,202.2,127.6,185.6,44.4,20.3,11.14,1,1.4,1,2024
2024-01-21,Patna,25.5941,85.1376,251.0,157.5,213.8,59.6,23.2,13.93,1,1.4,1,2024
2024-01-21,Ahmedabad,23.0225,72.5714,201.9,115.3,185.3,53.1,21.5,9.82,1,1.4,1,2024
2024-01-22,Delhi,28.6139,77.209,412.4,244.2,384.6,107.7,43.4,21.41,1,1.4,1,2024
2024-01-22,Mumbai,19.076,72.8777,216.8,123.9,200.2,54.7,24.2,11.65,1,1.4,1,2024
2024-01-22,Chennai,13.0827,80.2707,139.8,75.5,125.1,32.7,14.5,6.57,1,1.4,1,2024
2024-01-22,Kolkata,22.5726,88.3639,238.2,145.2,210.9,60.0,20.8,11.08,1,1.4,1,2024
2024-01-22,Bengaluru,12.9716,77.5946,159.7,89.7,153.7,43.8,15.4,10.98,1,1.4,1,2024
2024-01-22,Hyderabad,17.385,78.4867,211.5,122.2,196.3,53.1,19.6,9.51,1,1.4,1,2024
2024-01-22,Puducherry,11.9416,79.8083,124.9,72.0,111.6,27.5,11.0,6.12,1,1.4,1,2024
2024-01-22,Lucknow,26.8467,80.9462,333.2,187.0,300.0,80.3,36.1,19.6,1,1.4,1,2024
2024-01-22,Patna,25.5941,85.1376,310.9,177.9,280.7,76.9,35.0,17.21,1,1.4,1,2024
2024-01-22,Ahmedabad,23.0225,72.5714,262.9,154.8,242.0,66.8,26.8,11.59,1,1.4,1,2024
2024-01-23,Delhi,28.6139,77.209,476.9,286.7,428.4,116.8,46.1,24.16,1,1.4,1,2024
2024-01-23,Mumbai,19.076,72.8777,126.0,79.5,105.0,23.3,16.2,5.44,1,1.4,1,2024
2024-01-23,Chennai,13.0827,80.2707,107.9,70.4,111.9,20.8,8.9,4.51,1,1.4,1,2024
2024-01-23,Kolkata,22.5726,88.3639,298.7,187.4,260.2,80.3,28.5,15.27,1,1.4,1,2024
2024-01-23,Bengaluru,12.9716,77.5946,101.9,60.5,90.8,24.2,11.0,4.09,1,1.4,1,2024
2024-01-23,Hyderabad,17.385,78.4867,137.1,84.4,134.1,34.2,14.7,7.61,1,1.4,1,2024
2024-01-23,Puducherry,11.9416,79.8083,121.6,68.2,103.2,27.6,16.0,6.59,1,1.4,1,2024
2024-01-23,Lucknow,26.8467,80.9462,338.1,204.7,293.7,92.3,34.8,17.63,1,1.4,1,2024
2024-01-23,Patna,25.5941,85.1376,212.4,131.3,188.3,47.8,19.3,9.36,1,1.4,1,2024
2024-01-23,Ahmedabad,23.0225,72.5714,166.3,100.1,146.6,42.9,20.0,8.19,1,1.4,1,2024
2024-01-24,Delhi,28.6139,77.209,212.4,126.2,200.7,52.8,24.3,11.07,1,1.4,1,2024
2024-01-24,Mumbai,19.076,72.8777,122.5,74.0,112.6,34.9,15.9,7.03,1,1.4,1,2024
2024-01-24,Chennai,13.0827,80.2707,137.0,85.6,122.0,28.4,13.8,7.22,1,1.4,1,2024
2024-01-24,Kolkata,22.5726,88.3639,191.8,121.7,180.7,42.5,21.9,9.28,1,1.4,1,2024
2024-01-24,Bengaluru,12.9716,77.5946,116.6,75.4,104.5,36.7,10.0,4.1,1,1.4,1,2024
2024-01-24,Hyderabad,17.385,78.4867,158.2,98.9,135.0,34.2,16.3,6.45,1,1.4,1,2024
2024-01-24,Puducherry,11.9416,79.8083,111.1,65.0,103.9,22.2,13.7,5.37,1,1.4,1,2024
2024-01-24,Lucknow,26.8467,80.9462,357.6,219.4,312.6,92.9,32.9,16.51,1,1.4,1,2024
2024-01-24,Patna,25.5941,85.1376,473.5,289.7,442.7,116.9,47.6,24.2,1,1.4,1,2024
2024-01-24,Ahmedabad,23.0225,72.5714,223.5,130.4,194.0,56.7,20.2,10.08,1,1.4,1,2024
2024-01-25,Delhi,28.6139,77.209,423.5,253.6,388.6,104.2,41.2,21.6,1,1.4,1,2024
2024-01-25,Mumbai,19.076,72.8777,163.5,94.8,142.2,40.0,19.9,6.8,1,1.4,1,2024
2024-01-25,Chennai,13.0827,80.2707,158.4,98.7,155.1,52.1,18.7,8.85,1,1.4,1,2024
2024-01-25,Kolkata,22.5726,88.3639,186.4,105.9,170.6,39.8,19.9,7.19,1,1.4,1,2024
2024-01-25,Bengaluru,12.9716,77.5946,174.6,103.2,158.2,40.7,13.7,9.96,1,1.4,1,2024
2024-01-25,Hyderabad,17.385,78.4867,214.7,127.1,198.5,52.1,22.0,11.49,1,1.4,1,2024
2024-01-25,Puducherry,11.9416,79.8083,116.1,76.4,108.6,29.1,10.1,5.33,1,1.4,1,2024
2024-01-25,Lucknow,26.8467,80.9462,360.7,208.9,333.5,89.1,34.4,16.94,1,1.4,1,2024
2024-01-25,Patna,25.5941,85.1376,383.2,229.8,357.6,90.7,37.2,19.07,1,1.4,1,2024
2024-01-25,Ahmedabad,23.0225,72.5714,190.2,114.2,173.7,49.5,22.0,8.21,1,1.4,1,2024
2024-01-26,Delhi,28.6139,77.209,419.0,248.2,380.5,106.5,39.9,20.05,1,1.4,1,2024
2024-01-26,Mumbai,19.076,72.8777,216.5,130.0,193.1,56.8,23.1,10.3,1,1.4,1,2024
2024-01-26,Chennai,13.0827,80.2707,104.7,56.5,94.5,20.5,10.7,6.45,1,1.4,1,2024
2024-01-26,Kolkata,22.5726,88.3639,234.3,137.9,226.9,64.6,21.9,11.85,1,1.4,1,2024
2024-01-26,Bengaluru,12.9716,77.5946,149.9,91.0,149.4,37.8,15.5,8.18,1,1.4,1,2024
2024-01-26,Hyderabad,17.385,78.4867,209.6,130.4,192.9,46.2,20.0,11.3,1,1.4,1,2024
2024-01-26,Puducherry,11.9416,79.8083,110.0,70.1,114.1,22.8,13.3,5.17,1,1.4,1,2024
2024-01-26,Lucknow,26.8467,80.9462,368.8,221.1,348.9,92.7,35.6,18.86,1,1.4,1,2024
2024-01-26,Patna,25.5941,85.1376,358.7,220.9,326.4,99.6,35.6,17.84,1,1.4,1,2024
2024-01-26,Ahmedabad,23.0225,72.5714,196.8,118.5,179.0,50.3,19.8,9.23,1,1.4,1,2024
2024-01-27,Delhi,28.6139,77.209,321.5,191.0,298.5,85.8,32.0,15.13,1,1.4,1,2024
2024-01-27,Mumbai,19.076,72.8777,192.8,126.1,181.5,50.4,21.2,11.18,1,1.4,1,2024
2024-01-27,Chennai,13.0827,80.2707,97.2,56.4,83.3,26.6,10.0,5.62,1,1.4,1,2024
2024-01-27,Kolkata,22.5726,88.3639,226.7,142.9,203.5,59.5,25.1,12.45,1,1.4,1,2024
2024-01-27,Bengaluru,12.9716,77.5946,150.8,94.6,149.7,39.8,13.6,8.12,1,1.4,1,2024
2024-01-27,Hyderabad,17.385,78.4867,166.7,88.3,153.7,42.1,19.0,7.58,1,1.4,1,2024
2024-01-27,Puducherry,11.9416,79.8083,74.9,45.8,70.5,19.1,7.5,2.68,1,1.4,1,2024
2024-01-27,Lucknow,26.8467,80.9462,299.0,177.7,277.7,76.3,29.3,16.67,1,1.4,1,2024
2024-01-27,Patna,25.5941,85.1376,317.2,193.1,284.1,85.8,31.9,15.98,1,1.4,1,2024
2024-01-27,Ahmedabad,23.0225,72.5714,217.7,131.6,205.5,57.8,21.8,12.59,1,1.4,1,2024
2024-01-28,Delhi,28.6139,77.209,461.8,274.9,404.6,113.8,47.0,23.69,1,1.4,1,2024
2024-01-28,Mumbai,19.076,72.8777,250.4,144.8,221.8,57.9,22.4,11.89,1,1.4,1,2024
2024-01-28,Chennai,13.0827,80.2707,135.2,85.0,114.1,30.6,10.0,6.97,1,1.4,1,2024
2024-01-28,Kolkata,22.5726,88.3639,215.4,137.6,197.1,53.2,20.3,9.28,1,1.4,1,2024
2024-01-28,Bengaluru,12.9716,77.5946,99.0,56.3,83.5,20.8,10.7,5.46,1,1.4,1,2024
2024-01-28,Hyderabad,17.385,78.4867,151.9,100.8,122.7,38.2,14.8,7.04,1,1.4,1,2024
2024-01-28,Puducherry,11.9416,79.8083,91.0,54.6,80.1,21.2,6.5,2.93,1,1.4,1,2024
2024-01-28,Lucknow,26.8467,80.9462,289.2,171.5,258.7,71.9,27.9,14.25,1,1.4,1,2024
2024-01-28,Patna,25.5941,85.1376,276.3,173.4,242.3,67.6,26.2,13.07,1,1.4,1,2024
2024-01-28,Ahmedabad,23.0225,72.5714,225.1,134.5,198.9,55.1,21.1,11.66,1,1.4,1,2024
2024-01-29,Delhi,28.6139,77.209,556.4,329.5,503.9,139.3,57.0,28.52,1,1.4,1,2024
2024-01-29,Mumbai,19.076,72.8777,204.2,122.3,180.3,48.0,20.2,8.93,1,1.4,1,2024
2024-01-29,Chennai,13.0827,80.2707,111.2,72.3,100.9,31.4,14.1,5.38,1,1.4,1,2024
2024-01-29,Kolkata,22.5726,88.3639,262.4,155.9,229.7,61.8,27.9,13.33,1,1.4,1,2024
2024-01-29,Bengaluru,12.9716,77.5946,195.4,122.1,170.0,52.2,18.9,10.99,1,1.4,1,2024
2024-01-29,Hyderabad,17.385,78.4867,151.0,85.3,129.5,34.8,13.4,6.98,1,1.4,1,2024
2024-01-29,Puducherry,11.9416,79.8083,122.1,82.2,99.2,35.6,11.3,6.45,1,1.4,1,2024
2024-01-29,Lucknow,26.8467,80.9462,200.5,122.9,164.4,51.4,20.6,10.22,1,1.4,1,2024
2024-01-29,Patna,25.5941,85.1376,284.6,173.5,259.3,70.3,29.8,14.13,1,1.4,1,2024
2024-01-29,Ahmedabad,23.0225,72.5714,247.8,148.1,224.8,64.2,24.0,11.16,1,1.4,1,2024
2024-01-30,Delhi,28.6139,77.209,414.1,254.4,375.1,104.8,41.3,21.44,1,1.4,1,2024
2024-01-30,Mumbai,19.076,72.8777,188.6,110.9,178.6,45.0,20.6,10.54,1,1.4,1,2024
2024-01-30,Chennai,13.0827,80.2707,140.2,77.9,126.4,34.2,13.0,7.15,1,1.4,1,2024
2024-01-30,Kolkata,22.5726,88.3639,290.5,172.0,260.1,71.7,31.4,14.27,1,1.4,1,2024
2024-01-30,Bengaluru,12.9716,77.5946,103.0,53.9,95.6,22.7,11.6,3.82,1,1.4,1,2024
2024-01-30,Hyderabad,17.385,78.4867,149.1,82.8,137.7,39.9,15.6,6.37,1,1.4,1,2024
2024-01-30,Puducherry,11.9416,79.8083,90.1,55.2,67.6,21.6,12.0,4.33,1,1.4,1,2024
2024-01-30,Lucknow,26.8467,80.9462,211.2,123.7,185.0,61.4,24.5,11.29,1,1.4,1,2024
2024-01-30,Patna,25.5941,85.1376,312.0,193.2,271.7,82.3,33.1,15.45,1,1.4,1,2024
2024-01-30,Ahmedabad,23.0225,72.5714,275.3,162.9,237.6,72.7,27.4,14.37,1,1.4,1,2024
2024-01-31,Delhi,28.6139,77.209,537.7,319.0,482.8,140.7,55.1,26.19,1,1.4,1,2024
2024-01-31,Mumbai,19.076,72.8777,157.8,92.0,136.1,40.4,15.9,8.17,1,1.4,1,2024
2024-01-31,Chennai,13.0827,80.2707,105.0,62.6,78.1,26.8,12.9,3.83,1,1.4,1,2024
2024-01-31,Kolkata,22.5726,88.3639,276.2,162.7,255.0,69.7,28.4,13.87,1,1.4,1,2024
2024-01-31,Bengaluru,12.9716,77.5946,179.8,109.6,156.2,45.3,17.2,9.15,1,1.4,1,2024
2024-01-31,Hyderabad,17.385,78.4867,153.3,88.6,139.6,38.5,17.5,7.25,1,1.4,1,2024
2024-01-31,Puducherry,11.9416,79.8083,65.4,37.4,45.8,18.0,3.2,2.28,1,1.4,1,2024
2024-01-31,Lucknow,26.8467,80.9462,284.4,178.4,247.4,71.1,29.6,15.7,1,1.4,1,2024
2024-01-31,Patna,25.5941,85.1376,390.4,239.7,358.3,92.8,39.8,20.37,1,1.4,1,2024
2024-01-31,Ahmedabad,23.0225,72.5714,181.0,105.7,156.5,48.3,18.0,8.73,1,1.4,1,2024
2024-02-01,Delhi,28.6139,77.209,289.5,173.4,256.0,73.3,26.7,14.65,2,1.4,2,2024
2024-02-01,Mumbai,19.076,72.8777,178.4,100.8,149.9,39.9,17.4,9.04,2,1.4,2,2024
2024-02-01,Chennai,13.0827,80.2707,132.7,81.2,113.4,37.4,12.4,7.09,2,1.4,2,2024
2024-02-01,Kolkata,22.5726,88.3639,243.8,148.2,217.7,62.5,24.4,13.0,2,1.4,2,2024
2024-02-01,Bengaluru,12.9716,77.5946,115.4,60.4,96.1,33.1,11.2,5.86,2,1.4,2,2024
2024-02-01,Hyderabad,17.385,78.4867,131.1,79.0,109.8,29.3,12.3,7.0,2,1.4,2,2024
2024-02-01,Puducherry,11.9416,79.8083,116.0,72.5,91.7,29.0,11.2,4.27,2,1.4,2,2024
2024-02-01,Lucknow,26.8467,80.9462,309.0,184.1,282.2,77.6,29.8,16.38,2,1.4,2,2024
2024-02-01,Patna,25.5941,85.1376,180.5,108.0,148.3,41.5,19.1,7.75,2,1.4,2,2024
2024-02-01,Ahmedabad,23.0225,72.5714,159.9,107.8,133.0,46.6,15.6,7.47,2,1.4,2,2024
2024-02-02,Delhi,28.6139,77.209,437.3,269.1,384.4,107.3,45.4,22.15,2,1.4,2,2024
2024-02-02,Mumbai,19.076,72.8777,240.1,146.6,230.6,60.7,24.5,12.33,2,1.4,2,2024
2024-02-02,Chennai,13.0827,80.2707,122.4,77.7,112.1,33.8,14.1,6.55,2,1.4,2,2024
2024-02-02,Kolkata,22.5726,88.3639,277.1,161.2,245.0,72.6,30.6,11.91,2,1.4,2,2024
2024-02-02,Bengaluru,12.9716,77.5946,123.0,73.9,103.7,27.5,13.2,7.73,2,1.4,2,2024
2024-02-02,Hyderabad,17.385,78.4867,96.9,57.3,90.9,27.3,10.3,6.61,2,1.4,2,2024
2024-02-02,Puducherry,11.9416,79.8083,105.6,69.9,89.9,26.6,8.1,6.18,2,1.4,2,2024
2024-02-02,Lucknow,26.8467,80.9462,300.2,181.9,267.7,77.4,30.8,14.02,2,1.4,2,2024
2024-02-02,Patna,25.5941,85.1376,270.4,162.1,248.6,75.1,27.6,14.53,2,1.4,2,2024
2024-02-02,Ahmedabad,23.0225,72.5714,151.4,100.9,141.1,37.7,14.8,6.46,2,1.4,2,2024
2024-02-03,Delhi,28.6139,77.209,326.3,205.3,285.8,77.5,31.2,15.12,2,1.4,2,2024
2024-02-03,Mumbai,19.076,72.8777,196.6,123.4,172.1,43.7,20.2,9.77,2,1.4,2,2024
2024-02-03,Chennai,13.0827,80.2707,151.1,88.4,133.9,37.2,15.3,7.16,2,1.4,2,2024
2024-02-03,Kolkata,22.5726,88.3639,224.3,125.3,197.3,58.9,24.1,10.74,2,1.4,2,2024
2024-02-03,Bengaluru,12.9716,77.5946,179.0,107.3,150.4,38.1,20.3,8.58,2,1.4,2,2024
2024-02-03,Hyderabad,17.385,78.4867,125.5,64.0,109.8,33.0,11.2,5.22,2,1.4,2,2024
2024-02-03,Puducherry,11.9416,79.8083,94.0,62.6,73.5,20.9,11.8,5.19,2,1.4,2,2024
2024-02-03,Lucknow,26.8467,80.9462,319.6,188.5,287.9,77.7,30.2,14.9,2,1.4,2,2024
2024-02-03,Patna,25.5941,85.1376,390.9,234.2,354.3,98.3,40.0,19.29,2,1.4,2,2024
2024-02-03,Ahmedabad,23.0225,72.5714,202.3,117.3,170.8,46.1,19.5,8.51,2,1.4,2,2024
2024-02-04,Delhi,28.6139,77.209,281.4,174.1,255.1,68.5,32.7,12.42,2,1.4,2,2024
2024-02-04,Mumbai,19.076,72.8777,235.0,140.4,217.8,59.2,19.8,11.85,2,1.4,2,2024
2024-02-04,Chennai,13.0827,80.2707,134.4,69.7,136.5,34.8,14.8,5.55,2,1.4,2,2024
2024-02-04,Kolkata,22.5726,88.3639,286.5,177.3,259.9,71.6,26.9,14.11,2,1.4,2,2024
2024-02-04,Bengaluru,12.9716,77.5946,124.6,77.6,105.3,33.4,10.8,5.97,2,1.4,2,2024
2024-02-04,Hyderabad,17.385,78.4867,189.6,110.2,175.8,49.6,18.4,10.64,2,1.4,2,2024
2024-02-04,Puducherry,11.9416,79.8083,106.6,69.5,110.3,25.7,11.9,4.69,2,1.4,2,2024
2024-02-04,Lucknow,26.8467,80.9462,240.9,143.6,205.9,56.5,25.3,11.53,2,1.4,2,2024
2024-02-04,Patna,25.5941,85.1376,385.7,232.9,361.9,98.5,40.8,19.69,2,1.4,2,2024
2024-02-04,Ahmedabad,23.0225,72.5714,238.0,148.6,219.6,60.3,24.2,12.44,2,1.4,2,2024
2024-02-05,Delhi,28.6139,77.209,338.3,199.4,315.9,92.0,32.0,16.25,2,1.4,2,2024
2024-02-05,Mumbai,19.076,72.8777,241.7,147.7,222.9,64.0,23.7,12.41,2,1.4,2,2024
2024-02-05,Chennai,13.0827,80.2707,132.3,75.1,121.6,38.0,12.6,6.77,2,1.4,2,2024
2024-02-05,Kolkata,22.5726,88.3639,262.3,156.0,241.5,62.9,28.9,13.74,2,1.4,2,2024
2024-02-05,Bengaluru,12.9716,77.5946,111.9,75.6,102.1,25.1,13.4,6.09,2,1.4,2,2024
2024-02-05,Hyderabad,17.385,78.4867,106.0,61.0,97.6,17.9,10.8,5.46,2,1.4,2,2024
2024-02-05,Puducherry,11.9416,79.8083,81.3,50.1,73.2,15.6,10.0,4.9,2,1.4,2,2024
2024-02-05,Lucknow,26.8467,80.9462,289.2,172.5,266.1,71.5,25.1,14.95,2,1.4,2,2024
2024-02-05,Patna,25.5941,85.1376,279.1,165.5,262.9,69.2,27.9,14.46,2,1.4,2,2024
2024-02-05,Ahmedabad,23.0225,72.5714,246.7,143.4,221.5,61.8,25.2,12.62,2,1.4,2,2024
2024-02-06,Delhi,28.6139,77.209,599.0,353.5,546.9,154.5,60.9,29.3,2,1.4,2,2024
2024-02-06,Mumbai,19.076,72.8777,262.6,146.6,230.9,70.3,25.5,14.73,2,1.4,2,2024
2024-02-06,Chennai,13.0827,80.2707,88.2,47.4,75.1,23.7,8.4,3.92,2,1.4,2,2024
2024-02-06,Kolkata,22.5726,88.3639,323.0,201.4,287.4,73.9,28.0,16.39,2,1.4,2,2024
2024-02-06,Bengaluru,12.9716,77.5946,159.7,96.1,143.2,36.7,17.3,9.66,2,1.4,2,2024
2024-02-06,Hyderabad,17.385,78.4867,90.4,53.9,73.6,16.6,6.8,4.9,2,1.4,2,2024
2024-02-06,Puducherry,11.9416,79.8083,113.1,75.2,101.9,21.2,10.8,4.27,2,1.4,2,2024
2024-02-06,Lucknow,26.8467,80.9462,229.6,140.7,208.2,59.8,22.2,12.27,2,1.4,2,2024
2024-02-06,Patna,25.5941,85.1376,307.1,189.8,279.1,75.9,31.1,15.34,2,1.4,2,2024
2024-02-06,Ahmedabad,23.0225,72.5714,295.8,178.7,266.2,73.0,31.3,15.5,2,1.4,2,2024
2024-02-07,Delhi,28.6139,77.209,370.1,216.3,325.9,91.8,39.7,18.25,2,1.4,2,2024
2024-02-07,Mumbai,19.076,72.8777,172.2,94.5,167.1,45.3,18.8,9.57,2,1.4,2,2024
2024-02-07,Chennai,13.0827,80.2707,121.9,73.6,121.6,31.2,13.4,6.97,2,1.4,2,2024
2024-02-07,Kolkata,22.5726,88.3639,284.1,169.8,255.4,74.1,30.0,15.37,2,1.4,2,2024
2024-02-07,Bengaluru,12.9716,77.5946,156.5,96.9,137.3,36.8,17.2,7.25,2,1.4,2,2024
2024-02-07,Hyderabad,17.385,78.4867,167.3,107.3,160.3,43.0,16.1,8.24,2,1.4,2,2024
2024-02-07,Puducherry,11.9416,79.8083,122.4,73.3,105.7,35.5,12.6,5.54,2,1.4,2,2024
2024-02-07,Lucknow,26.8467,80.9462,339.1,208.3,297.1,84.0,33.4,17.41,2,1.4,2,2024
2024-02-07,Patna,25.5941,85.1376,380.2,225.4,330.2,99.2,35.8,19.28,2,1.4,2,2024
2024-02-07,Ahmedabad,23.0225,72.5714,218.1,131.7,209.5,66.7,18.5,11.89,2,1.4,2,2024
2024-02-08,Delhi,28.6139,77.209,379.5,232.9,349.2,100.5,38.5,18.09,2,1.4,2,2024
2024-02-08,Mumbai,19.076,72.8777,233.1,140.4,207.9,56.4,25.3,13.26,2,1.4,2,2024
2024-02-08,Chennai,13.0827,80.2707,96.1,60.8,83.5,18.2,9.9,3.97,2,1.4,2,2024
2024-02-08,Kolkata,22.5726,88.3639,173.1,100.0,147.6,40.7,14.7,8.26,2,1.4,2,2024
2024-02-08,Bengaluru,12.9716,77.5946,118.6,73.0,111.5,30.7,11.4,5.67,2,1.4,2,2024
2024-02-08,Hyderabad,17.385,78.4867,138.7,79.2,130.5,27.6,13.7,6.61,2,1.4,2,2024
2024-02-08,Puducherry,11.9416,79.8083,117.0,63.1,105.4,30.6,7.9,4.78,2,1.4,2,2024
2024-02-08,Lucknow,26.8467,80.9462,302.0,183.8,273.3,77.7,28.0,13.51,2,1.4,2,2024
2024-02-08,Patna,25.5941,85.1376,341.9,199.0,300.8,89.2,34.6,16.53,2,1.4,2,2024
2024-02-08,Ahmedabad,23.0225,72.5714,192.6,118.7,175.0,43.3,15.4,11.51,2,1.4,2,2024
2024-02-09,Delhi,28.6139,77.209,294.2,179.2,276.9,74.1,28.2,13.28,2,1.4,2,2024
2024-02-09,Mumbai,19.076,72.8777,138.4,84.9,136.2,33.0,12.7,7.62,2,1.4,2,2024
2024-02-09,Chennai,13.0827,80.2707,108.9,66.7,98.3,25.6,10.9,7.21,2,1.4,2,2024
2024-02-09,Kolkata,22.5726,88.3639,282.2,174.8,246.6,74.9,29.5,12.61,2,1.4,2,2024
2024-02-09,Bengaluru,12.9716,77.5946,156.2,91.2,128.2,39.6,16.7,7.96,2,1.4,2,2024
2024-02-09,Hyderabad,17.385,78.4867,164.2,96.9,167.5,36.3,18.2,8.23,2,1.4,2,2024
2024-02-09,Puducherry,11.9416,79.8083,87.9,52.5,68.0,19.6,8.7,2.84,2,1.4,2,2024
2024-02-09,Lucknow,26.8467,80.9462,340.9,199.7,295.2,80.9,38.4,15.07,2,1.4,2,2024
2024-02-09,Patna,25.5941,85.1376,366.5,216.1,327.0,94.0,37.8,17.64,2,1.4,2,2024
2024-02-09,Ahmedabad,23.0225,72.5714,162.9,100.9,151.0,39.6,17.2,7.7,2,1.4,2,2024
2024-02-10,Delhi,28.6139,77.209,325.8,195.5,297.4,82.7,33.6,15.53,2,1.4,2,2024
2024-02-10,Mumbai,19.076,72.8777,259.3,153.9,232.4,59.6,25.5,13.5,2,1.4,2,2024
2024-02-10,Chennai,13.0827,80.2707,145.1,94.9,134.8,37.4,13.6,6.59,2,1.4,2,2024
2024-02-10,Kolkata,22.5726,88.3639,300.5,185.1,261.8,78.0,31.4,13.91,2,1.4,2,2024
2024-02-10,Bengaluru,12.9716,77.5946,156.2,88.5,121.1,38.4,16.1,7.69,2,1.4,2,2024
2024-02-10,Hyderabad,17.385,78.4867,268.3,162.9,242.6,68.8,25.9,14.34,2,1.4,2,2024
2024-02-10,Puducherry,11.9416,79.8083,112.2,68.9,96.0,21.8,10.2,5.89,2,1.4,2,2024
2024-02-10,Lucknow,26.8467,80.9462,279.1,168.9,249.3,71.5,26.0,14.15,2,1.4,2,2024
2024-02-10,Patna,25.5941,85.1376,291.1,167.0,260.7,78.9,26.2,14.67,2,1.4,2,2024
2024-02-10,Ahmedabad,23.0225,72.5714,259.9,167.4,230.0,62.4,23.7,14.14,2,1.4,2,2024
2024-02-11,Delhi,28.6139,77.209,322.6,191.7,275.5,84.2,34.6,16.98,2,1.4,2,2024
2024-02-11,Mumbai,19.076,72.8777,131.8,82.1,105.2,33.2,13.6,6.9,2,1.4,2,2024
2024-02-11,Chennai,13.0827,80.2707,139.4,83.6,109.8,37.0,14.1,6.07,2,1.4,2,2024
2024-02-11,Kolkata,22.5726,88.3639,173.5,111.8,166.0,46.2,16.0,6.16,2,1.4,2,2024
2024-02-11,Bengaluru,12.9716,77.5946,162.9,99.6,143.6,45.2,18.0,8.32,2,1.4,2,2024
2024-02-11,Hyderabad,17.385,78.4867,169.2,101.8,157.7,38.9,17.8,7.54,2,1.4,2,2024
2024-02-11,Puducherry,11.9416,79.8083,131.7,81.7,113.0,33.2,11.5,8.09,2,1.4,2,2024
2024-02-11,Lucknow,26.8467,80.9462,413.5,251.6,384.6,104.0,42.9,21.9,2,1.4,2,2024
2024-02-11,Patna,25.5941,85.1376,335.6,201.7,309.5,86.5,32.0,14.59,2,1.4,2,2024
2024-02-11,Ahmedabad,23.0225,72.5714,216.1,119.2,186.6,50.5,20.5,11.63,2,1.4,2,2024
2024-02-12,Delhi,28.6139,77.209,475.0,287.5,432.6,121.4,42.5,23.76,2,1.4,2,2024
2024-02-12,Mumbai,19.076,72.8777,124.1,77.0,94.9,30.3,13.5,5.09,2,1.4,2,2024
2024-02-12,Chennai,13.0827,80.2707,150.0,92.5,138.0,40.3,14.3,7.65,2,1.4,2,2024
2024-02-12,Kolkata,22.5726,88.3639,252.5,151.4,221.9,58.2,24.6,12.23,2,1.4,2,2024
2024-02-12,Bengaluru,12.9716,77.5946,117.9,75.0,96.7,28.8,14.1,6.8,2,1.4,2,2024
2024-02-12,Hyderabad,17.385,78.4867,210.6,123.4,195.8,48.4,20.5,10.35,2,1.4,2,2024
2024-02-12,Puducherry,11.9416,79.8083,93.5,54.3,80.2,19.4,11.1,4.49,2,1.4,2,2024
2024-02-12,Lucknow,26.8467,80.9462,321.1,193.5,289.4,80.6,31.5,17.47,2,1.4,2,2024
2024-02-12,Patna,25.5941,85.1376,389.3,233.7,346.8,96.8,39.8,20.96,2,1.4,2,2024
2024-02-12,Ahmedabad,23.0225,72.5714,162.2,100.6,155.0,34.6,15.9,7.05,2,1.4,2,2024
2024-02-13,Delhi,28.6139,77.209,426.4,254.0,382.7,105.0,44.1,21.55,2,1.4,2,2024
2024-02-13,Mumbai,19.076,72.8777,205.2,123.9,189.3,50.3,23.9,9.03,2,1.4,2,2024
2024-02-13,Chennai,13.0827,80.2707,82.9,40.7,58.0,23.4,9.4,5.35,2,1.4,2,2024
2024-02-13,Kolkata,22.5726,88.3639,199.2,123.2,179.7,50.5,21.2,9.2,2,1.4,2,2024
2024-02-13,Bengaluru,12.9716,77.5946,217.6,137.2,191.6,50.0,21.6,11.06,2,1.4,2,2024
2024-02-13,Hyderabad,17.385,78.4867,205.3,117.3,187.1,45.2,21.4,10.16,2,1.4,2,2024
2024-02-13,Puducherry,11.9416,79.8083,143.7,78.5,140.3,29.1,11.7,5.51,2,1.4,2,2024
2024-02-13,Lucknow,26.8467,80.9462,324.3,188.7,281.1,81.9,33.3,16.25,2,1.4,2,2024
2024-02-13,Patna,25.5941,85.1376,324.6,203.9,293.3,84.4,32.7,15.13,2,1.4,2,2024
2024-02-13,Ahmedabad,23.0225,72.5714,248.7,145.9,223.1,63.4,21.0,10.83,2,1.4,2,2024
2024-02-14,Delhi,28.6139,77.209,464.8,275.6,413.4,116.9,45.7,23.66,2,1.4,2,2024
2024-02-14,Mumbai,19.076,72.8777,194.0,117.4,169.0,49.3,21.6,9.13,2,1.4,2,2024
2024-02-14,Chennai,13.0827,80.2707,148.9,89.1,139.9,37.7,14.8,7.79,2,1.4,2,2024
2024-02-14,Kolkata,22.5726,88.3639,312.7,188.8,285.3,76.7,34.4,16.28,2,1.4,2,2024
2024-02-14,Bengaluru,12.9716,77.5946,142.3,84.8,135.9,33.2,10.7,7.19,2,1.4,2,2024
2024-02-14,Hyderabad,17.385,78.4867,209.7,133.8,187.9,52.6,22.0,10.22,2,1.4,2,2024
2024-02-14,Puducherry,11.9416,79.8083,115.3,68.8,111.9,31.7,13.2,5.56,2,1.4,2,2024
2024-02-14,Lucknow,26.8467,80.9462,433.2,262.3,391.9,105.3,43.1,21.77,2,1.4,2,2024
2024-02-14,Patna,25.5941,85.1376,280.9,167.1,251.5,70.4,24.6,13.91,2,1.4,2,2024
2024-02-14,Ahmedabad,23.0225,72.5714,207.0,124.1,194.6,60.0,22.1,9.12,2,1.4,2,2024
2024-02-15,Delhi,28.6139,77.209,364.4,221.6,331.8,95.0,36.2,17.86,2,1.4,2,2024
2024-02-15,Mumbai,19.076,72.8777,266.1,160.0,231.4,72.4,23.6,9.81,2,1.4,2,2024
2024-02-15,Chennai,13.0827,80.2707,145.2,91.7,134.0,31.1,14.4,6.98,2,1.4,2,2024
2024-02-15,Kolkata,22.5726,88.3639,225.1,142.1,194.2,57.5,24.9,11.64,2,1.4,2,2024
2024-02-15,Bengaluru,12.9716,77.5946,177.2,109.1,162.9,45.8,18.9,8.47,2,1.4,2,2024
2024-02-15,Hyderabad,17.385,78.4867,122.4,78.2,119.5,31.6,11.1,4.56,2,1.4,2,2024
2024-02-15,Puducherry,11.9416,79.8083,106.7,57.3,84.1,26.6,9.1,5.68,2,1.4,2,2024
2024-02-15,Lucknow,26.8467,80.9462,297.6,175.5,254.2,71.0,28.1,13.65,2,1.4,2,2024
2024-02-15,Patna,25.5941,85.1376,313.0,182.1,280.4,79.2,29.6,16.08,2,1.4,2,2024
2024-02-15,Ahmedabad,23.0225,72.5714,162.7,92.1,145.5,43.4,18.0,9.75,2,1.4,2,2024
2024-02-16,Delhi,28.6139,77.209,361.9,216.5,317.4,85.5,36.6,17.32,2,1.4,2,2024
2024-02-16,Mumbai,19.076,72.8777,245.3,139.9,224.7,57.3,22.9,12.8,2,1.4,2,2024
2024-02-16,Chennai,13.0827,80.2707,109.1,62.9,91.7,34.4,9.7,5.51,2,1.4,2,2024
2024-02-16,Kolkata,22.5726,88.3639,241.9,146.2,212.8,59.7,25.0,11.23,2,1.4,2,2024
2024-02-16,Bengaluru,12.9716,77.5946,172.7,109.5,160.3,43.5,11.3,9.06,2,1.4,2,2024
2024-02-16,Hyderabad,17.385,78.4867,154.3,91.3,123.7,40.5,12.5,7.83,2,1.4,2,2024
2024-02-16,Puducherry,11.9416,79.8083,123.1,71.5,120.5,27.8,13.5,4.85,2,1.4,2,2024
2024-02-16,Lucknow,26.8467,80.9462,375.0,229.4,341.2,92.2,34.7,18.36,2,1.4,2,2024
2024-02-16,Patna,25.5941,85.1376,413.7,248.9,359.9,98.9,43.9,21.17,2,1.4,2,2024
2024-02-16,Ahmedabad,23.0225,72.5714,168.5,92.3,146.6,34.7,16.5,10.88,2,1.4,2,2024
2024-02-17,Delhi,28.6139,77.209,264.2,157.6,248.3,69.0,26.1,13.06,2,1.4,2,2024
2024-02-17,Mumbai,19.076,72.8777,149.8,88.5,136.8,41.9,13.7,7.3,2,1.4,2,2024
2024-02-17,Chennai,13.0827,80.2707,102.3,62.5,98.3,28.1,7.9,5.26,2,1.4,2,2024
2024-02-17,Kolkata,22.5726,88.3639,218.1,135.9,195.0,48.4,21.4,11.36,2,1.4,2,2024
2024-02-17,Bengaluru,12.9716,77.5946,147.3,85.8,127.9,32.9,13.9,6.51,2,1.4,2,2024
2024-02-17,Hyderabad,17.385,78.4867,202.0,116.7,182.8,50.7,22.1,11.19,2,1.4,2,2024
2024-02-17,Puducherry,11.9416,79.8083,118.9,73.1,98.6,25.4,10.2,6.7,2,1.4,2,2024
2024-02-17,Lucknow,26.8467,80.9462,312.8,192.0,289.5,75.3,31.3,15.63,2,1.4,2,2024
2024-02-17,Patna,25.5941,85.1376,313.1,185.2,291.3,78.5,31.3,14.85,2,1.4,2,2024
2024-02-17,Ahmedabad,23.0225,72.5714,254.4,147.6,232.6,65.5,24.6,13.04,2,1.4,2,2024
2024-02-18,Delhi,28.6139,77.209,406.9,243.9,366.3,102.0,40.9,20.41,2,1.4,2,2024
2024-02-18,Mumbai,19.076,72.8777,151.8,90.3,138.7,38.3,17.1,8.21,2,1.4,2,2024
2024-02-18,Chennai,13.0827,80.2707,104.2,61.7,91.3,26.0,10.4,5.82,2,1.4,2,2024
2024-02-18,Kolkata,22.5726,88.3639,260.9,162.7,236.7,61.9,25.2,13.65,2,1.4,2,2024
2024-02-18,Bengaluru,12.9716,77.5946,91.6,48.2,82.5,26.7,11.8,4.36,2,1.4,2,2024
2024-02-18,Hyderabad,17.385,78.4867,205.1,123.4,172.3,51.2,19.3,11.17,2,1.4,2,2024
2024-02-18,Puducherry,11.9416,79.8083,104.5,56.3,82.1,26.0,5.6,4.71,2,1.4,2,2024
2024-02-18,Lucknow,26.8467,80.9462,323.0,188.5,298.7,85.5,30.3,15.85,2,1.4,2,2024
2024-02-18,Patna,25.5941,85.1376,405.6,243.4,353.9,100.8,38.9,21.39,2,1.4,2,2024
2024-02-18,Ahmedabad,23.0225,72.5714,251.3,149.2,227.3,57.6,23.6,14.12,2,1.4,2,2024
2024-02-19,Delhi,28.6139,77.209,396.3,242.4,358.5,104.3,35.6,19.63,2,1.4,2,2024
2024-02-19,Mumbai,19.076,72.8777,261.8,161.9,246.2,65.4,25.1,12.06,2,1.4,2,2024
2024-02-19,Chennai,13.0827,80.2707,98.6,63.2,92.8,24.4,10.9,5.07,2,1.4,2,2024
2024-02-19,Kolkata,22.5726,88.3639,300.1,184.8,261.6,76.1,26.7,15.14,2,1.4,2,2024
2024-02-19,Bengaluru,12.9716,77.5946,158.1,88.3,139.0,39.6,16.3,7.63,2,1.4,2,2024
2024-02-19,Hyderabad,17.385,78.4867,127.0,75.9,101.1,30.8,11.8,6.22,2,1.4,2,2024
2024-02-19,Puducherry,11.9416,79.8083,93.8,48.7,81.5,27.2,11.9,7.13,2,1.4,2,2024
2024-02-19,Lucknow,26.8467,80.9462,418.0,244.8,372.9,104.4,41.6,20.97,2,1.4,2,2024
2024-02-19,Patna,25.5941,85.1376,504.5,297.3,448.3,132.7,49.2,25.62,2,1.4,2,2024
2024-02-19,Ahmedabad,23.0225,72.5714,270.6,164.8,245.1,71.4,25.3,13.03,2,1.4,2,2024
2024-02-20,Delhi,28.6139,77.209,434.9,250.6,402.7,109.9,43.8,20.11,2,1.4,2,2024
2024-02-20,Mumbai,19.076,72.8777,144.5,84.7,136.5,27.8,16.0,6.86,2,1.4,2,2024
2024-02-20,Chennai,13.0827,80.2707,120.4,73.5,110.5,27.3,13.3,3.7,2,1.4,2,2024
2024-02-20,Kolkata,22.5726,88.3639,229.5,138.5,203.8,50.1,24.5,10.23,2,1.4,2,2024
2024-02-20,Bengaluru,12.9716,77.5946,138.0,83.6,124.4,39.2,13.7,7.33,2,1.4,2,2024
2024-02-20,Hyderabad,17.385,78.4867,166.0,102.7,160.5,42.1,18.2,9.76,2,1.4,2,2024
2024-02-20,Puducherry,11.9416,79.8083,132.1,77.3,127.2,34.0,15.4,7.17,2,1.4,2,2024
2024-02-20,Lucknow,26.8467,80.9462,325.9,197.7,295.4,82.7,32.3,16.04,2,1.4,2,2024
2024-02-20,Patna,25.5941,85.1376,459.4,278.0,408.9,113.7,48.1,22.23,2,1.4,2,2024
2024-02-20,Ahmedabad,23.0225,72.5714,157.3,87.3,127.7,34.1,13.4,9.25,2,1.4,2,2024
2024-02-21,Delhi,28.6139,77.209,388.3,231.2,337.9,96.5,35.4,19.05,2,1.4,2,2024
2024-02-21,Mumbai,19.076,72.8777,278.6,170.5,249.1,72.4,26.8,13.13,2,1.4,2,2024
2024-02-21,Chennai,13.0827,80.2707,168.6,95.4,148.9,43.4,15.0,9.08,2,1.4,2,2024
2024-02-21,Kolkata,22.5726,88.3639,236.7,145.3,217.7,58.2,27.1,11.17,2,1.4,2,2024
2024-02-21,Bengaluru,12.9716,77.5946,180.5,114.2,176.6,45.8,16.5,11.1,2,1.4,2,2024
2024-02-21,Hyderabad,17.385,78.4867,156.3,89.7,139.2,35.1,16.7,7.21,2,1.4,2,2024
2024-02-21,Puducherry,11.9416,79.8083,99.3,64.4,94.4,24.9,10.3,4.98,2,1.4,2,2024
2024-02-21,Lucknow,26.8467,80.9462,280.0,168.0,255.9,69.5,28.8,13.16,2,1.4,2,2024
2024-02-21,Patna,25.5941,85.1376,293.7,172.5,259.8,78.6,30.8,13.61,2,1.4,2,2024
2024-02-21,Ahmedabad,23.0225,72.5714,243.7,144.3,213.9,55.0,26.3,10.82,2,1.4,2,2024
2024-02-22,Delhi,28.6139,77.209,387.8,227.9,355.2,95.6,38.5,19.29,2,1.4,2,2024
2024-02-22,Mumbai,19.076,72.8777,208.1,124.9,186.9,50.0,17.7,9.29,2,1.4,2,2024
2024-02-22,Chennai,13.0827,80.2707,144.0,84.9,124.3,30.4,11.0,6.5,2,1.4,2,2024
2024-02-22,Kolkata,22.5726,88.3639,296.4,175.1,270.0,71.7,30.9,14.47,2,1.4,2,2024
2024-02-22,Bengaluru,12.9716,77.5946,103.0,60.5,107.4,32.9,11.3,5.01,2,1.4,2,2024
2024-02-22,Hyderabad,17.385,78.4867,178.6,108.7,160.4,46.4,18.3,8.61,2,1.4,2,2024
2024-02-22,Puducherry,11.9416,79.8083,81.1,46.4,79.4,20.1,8.7,3.77,2,1.4,2,2024
2024-02-22,Lucknow,26.8467,80.9462,239.1,142.3,207.0,55.4,26.3,11.53,2,1.4,2,2024
2024-02-22,Patna,25.5941,85.1376,284.1,178.5,262.2,69.5,29.3,13.97,2,1.4,2,2024
2024-02-22,Ahmedabad,23.0225,72.5714,192.8,118.1,170.9,48.5,21.3,10.55,2,1.4,2,2024
2024-02-23,Delhi,28.6139,77.209,348.0,211.2,304.2,88.8,35.1,17.78,2,1.4,2,2024
2024-02-23,Mumbai,19.076,72.8777,184.1,120.9,158.5,49.9,16.3,9.71,2,1.4,2,2024
2024-02-23,Chennai,13.0827,80.2707,140.4,84.5,122.4,35.7,14.6,8.81,2,1.4,2,2024
2024-02-23,Kolkata,22.5726,88.3639,208.4,122.3,189.8,51.1,20.6,11.49,2,1.4,2,2024
2024-02-23,Bengaluru,12.9716,77.5946,55.4,30.3,35.9,9.1,10.3,3.37,2,1.4,2,2024
2024-02-23,Hyderabad,17.385,78.4867,201.3,120.4,187.2,43.3,22.2,9.25,2,1.4,2,2024
2024-02-23,Puducherry,11.9416,79.8083,94.4,59.2,87.5,23.9,6.7,4.82,2,1.4,2,2024
2024-02-23,Lucknow,26.8467,80.9462,370.4,219.6,343.9,89.1,37.1,20.06,2,1.4,2,2024
2024-02-23,Patna,25.5941,85.1376,288.3,178.2,275.3,72.8,27.8,13.64,2,1.4,2,2024
2024-02-23,Ahmedabad,23.0225,72.5714,282.7,176.0,266.0,70.5,30.3,14.09,2,1.4,2,2024
2024-02-24,Delhi,28.6139,77.209,321.4,198.5,302.3,76.3,30.1,16.11,2,1.4,2,2024
2024-02-24,Mumbai,19.076,72.8777,234.2,134.9,212.6,56.2,24.8,10.91,2,1.4,2,2024
2024-02-24,Chennai,13.0827,80.2707,145.3,86.4,123.3,36.6,10.7,6.71,2,1.4,2,2024
2024-02-24,Kolkata,22.5726,88.3639,268.9,152.5,221.4,57.9,29.5,13.37,2,1.4,2,2024
2024-02-24,Bengaluru,12.9716,77.5946,124.0,79.1,108.4,32.1,12.5,5.73,2,1.4,2,2024
2024-02-24,Hyderabad,17.385,78.4867,178.3,110.8,159.0,42.7,17.1,6.62,2,1.4,2,2024
2024-02-24,Puducherry,11.9416,79.8083,110.7,60.4,104.7,27.3,11.3,6.24,2,1.4,2,2024
2024-02-24,Lucknow,26.8467,80.9462,247.8,150.5,225.2,61.2,22.9,12.99,2,1.4,2,2024
2024-02-24,Patna,25.5941,85.1376,385.2,231.7,338.1,94.2,38.4,19.95,2,1.4,2,2024
2024-02-24,Ahmedabad,23.0225,72.5714,152.7,88.8,134.2,37.8,12.7,7.42,2,1.4,2,2024
2024-02-25,Delhi,28.6139,77.209,367.2,215.1,329.5,89.6,37.7,17.47,2,1.4,2,2024
2024-02-25,Mumbai,19.076,72.8777,199.6,115.7,174.8,51.1,20.4,9.56,2,1.4,2,2024
2024-02-25,Chennai,13.0827,80.2707,119.3,64.3,118.6,32.6,13.2,4.37,2,1.4,2,2024
2024-02-25,Kolkata,22.5726,88.3639,222.2,131.6,184.5,59.1,25.1,13.17,2,1.4,2,2024
2024-02-25,Bengaluru,12.9716,77.5946,108.6,65.7,108.3,26.1,9.7,3.56,2,1.4,2,2024
2024-02-25,Hyderabad,17.385,78.4867,207.6,124.5,181.0,53.0,21.1,10.55,2,1.4,2,2024
2024-02-25,Puducherry,11.9416,79.8083,100.7,68.5,89.6,31.7,11.2,5.39,2,1.4,2,2024
2024-02-25,Lucknow,26.8467,80.9462,300.6,185.2,271.4,71.4,28.1,15.45,2,1.4,2,2024
2024-02-25,Patna,25.5941,85.1376,272.5,163.2,253.7,69.3,25.8,15.03,2,1.4,2,2024
2024-02-25,Ahmedabad,23.0225,72.5714,248.7,154.3,205.7,63.5,26.6,14.14,2,1.4,2,2024
2024-02-26,Delhi,28.6139,77.209,274.9,171.0,260.6,60.7,28.4,14.36,2,1.4,2,2024
2024-02-26,Mumbai,19.076,72.8777,182.9,107.3,170.0,43.3,17.9,9.96,2,1.4,2,2024
2024-02-26,Chennai,13.0827,80.2707,169.9,104.6,154.0,40.4,15.0,9.6,2,1.4,2,2024
2024-02-26,Kolkata,22.5726,88.3639,244.3,152.3,217.2,58.5,25.3,12.14,2,1.4,2,2024
2024-02-26,Bengaluru,12.9716,77.5946,103.8,71.4,88.4,29.7,12.1,3.93,2,1.4,2,2024
2024-02-26,Hyderabad,17.385,78.4867,132.9,78.2,112.7,40.1,12.9,7.53,2,1.4,2,2024
2024-02-26,Puducherry,11.9416,79.8083,115.3,70.5,104.1,33.8,9.9,7.49,2,1.4,2,2024
2024-02-26,Lucknow,26.8467,80.9462,224.3,138.5,190.6,54.8,22.6,10.73,2,1.4,2,2024
2024-02-26,Patna,25.5941,85.1376,323.3,187.0,283.1,82.8,32.4,15.47,2,1.4,2,2024
2024-02-26,Ahmedabad,23.0225,72.5714,283.6,164.1,252.3,68.9,29.6,14.23,2,1.4,2,2024
2024-02-27,Delhi,28.6139,77.209,383.3,220.8,351.9,95.0,38.6,18.42,2,1.4,2,2024
2024-02-27,Mumbai,19.076,72.8777,159.8,103.4,129.6,35.7,18.9,8.63,2,1.4,2,2024
2024-02-27,Chennai,13.0827,80.2707,117.9,77.0,109.7,30.4,12.2,6.36,2,1.4,2,2024
2024-02-27,Kolkata,22.5726,88.3639,277.3,177.4,248.0,68.7,25.3,13.81,2,1.4,2,2024
2024-02-27,Bengaluru,12.9716,77.5946,195.9,122.5,172.0,49.1,17.0,8.83,2,1.4,2,2024
2024-02-27,Hyderabad,17.385,78.4867,173.2,101.4,147.5,45.3,17.2,7.09,2,1.4,2,2024
2024-02-27,Puducherry,11.9416,79.8083,63.5,35.2,44.4,8.4,8.6,3.08,2,1.4,2,2024
2024-02-27,Lucknow,26.8467,80.9462,290.7,173.5,252.5,74.3,28.8,13.78,2,1.4,2,2024
2024-02-27,Patna,25.5941,85.1376,293.5,170.0,260.9,72.4,28.5,14.73,2,1.4,2,2024
2024-02-27,Ahmedabad,23.0225,72.5714,220.5,133.5,206.0,57.5,24.0,10.18,2,1.4,2,2024
2024-02-28,Delhi,28.6139,77.209,351.3,214.0,321.5,85.1,36.4,16.62,2,1.4,2,2024
2024-02-28,Mumbai,19.076,72.8777,215.2,129.0,182.6,52.1,25.9,10.96,2,1.4,2,2024
2024-02-28,Chennai,13.0827,80.2707,183.5,102.9,171.2,35.7,18.3,9.81,2,1.4,2,2024
2024-02-28,Kolkata,22.5726,88.3639,293.9,172.3,272.8,71.3,29.1,14.26,2,1.4,2,2024
2024-02-28,Bengaluru,12.9716,77.5946,105.9,71.4,95.7,30.8,12.7,4.33,2,1.4,2,2024
2024-02-28,Hyderabad,17.385,78.4867,210.6,128.9,181.2,54.4,19.0,12.14,2,1.4,2,2024
2024-02-28,Puducherry,11.9416,79.8083,121.3,72.4,119.3,24.0,10.6,5.81,2,1.4,2,2024
2024-02-28,Lucknow,26.8467,80.9462,453.3,266.6,394.3,107.5,47.1,22.07,2,1.4,2,2024
2024-02-28,Patna,25.5941,85.1376,324.9,198.8,291.1,82.0,33.6,15.81,2,1.4,2,2024
2024-02-28,Ahmedabad,23.0225,72.5714,216.5,131.1,201.8,51.0,15.6,11.5,2,1.4,2,2024
2024-02-29,Delhi,28.6139,77.209,466.2,280.7,421.7,114.3,47.6,24.16,2,1.4,2,2024
2024-02-29,Mumbai,19.076,72.8777,198.3,131.4,166.0,50.2,17.5,10.79,2,1.4,2,2024
2024-02-29,Chennai,13.0827,80.2707,86.5,45.2,72.8,22.7,7.5,3.74,2,1.4,2,2024
2024-02-29,Kolkata,22.5726,88.3639,243.0,144.6,230.6,63.5,23.7,14.25,2,1.4,2,2024
2024-02-29,Bengaluru,12.9716,77.5946,154.7,88.0,141.3,40.8,14.1,6.68,2,1.4,2,2024
2024-02-29,Hyderabad,17.385,78.4867,171.0,100.8,165.7,45.7,15.8,8.98,2,1.4,2,2024
2024-02-29,Puducherry,11.9416,79.8083,130.3,71.2,109.1,32.5,13.1,6.46,2,1.4,2,2024
2024-02-29,Lucknow,26.8467,80.9462,287.8,171.0,262.1,76.5,27.8,16.83,2,1.4,2,2024
2024-02-29,Patna,25.5941,85.1376,473.2,290.6,430.9,126.3,46.7,22.83,2,1.4,2,2024
2024-02-29,Ahmedabad,23.0225,72.5714,200.3,115.2,181.2,51.3,20.4,10.0,2,1.4,2,2024
2024-03-01,Delhi,28.6139,77.209,290.7,183.1,266.6,76.4,29.5,12.92,3,1.0,3,2024
2024-03-01,Mumbai,19.076,72.8777,67.4,50.9,56.4,14.4,7.2,3.92,3,1.0,3,2024
2024-03-01,Chennai,13.0827,80.2707,106.9,73.0,108.2,23.5,12.6,4.96,3,1.0,3,2024
2024-03-01,Kolkata,22.5726,88.3639,173.1,98.4,142.2,43.1,15.4,9.58,3,1.0,3,2024
2024-03-01,Bengaluru,12.9716,77.5946,91.6,56.5,93.4,17.0,7.7,4.76,3,1.0,3,2024
2024-03-01,Hyderabad,17.385,78.4867,130.9,84.1,124.7,33.1,13.7,6.88,3,1.0,3,2024
2024-03-01,Puducherry,11.9416,79.8083,45.6,26.6,43.0,13.2,2.7,1.01,3,1.0,3,2024
2024-03-01,Lucknow,26.8467,80.9462,204.8,132.7,177.8,55.9,23.6,10.29,3,1.0,3,2024
2024-03-01,Patna,25.5941,85.1376,192.4,118.0,174.7,44.7,17.9,10.07,3,1.0,3,2024
2024-03-01,Ahmedabad,23.0225,72.5714,202.0,119.6,181.2,53.2,19.9,9.8,3,1.0,3,2024
2024-03-02,Delhi,28.6139,77.209,219.6,127.9,219.0,54.1,24.7,12.66,3,1.0,3,2024
2024-03-02,Mumbai,19.076,72.8777,132.7,81.5,120.2,26.7,10.2,6.68,3,1.0,3,2024
2024-03-02,Chennai,13.0827,80.2707,79.4,57.1,69.6,27.7,7.0,5.88,3,1.0,3,2024
2024-03-02,Kolkata,22.5726,88.3639,205.3,126.0,180.7,53.6,23.9,10.12,3,1.0,3,2024
2024-03-02,Bengaluru,12.9716,77.5946,89.8,52.6,93.8,25.9,11.9,4.8,3,1.0,3,2024
2024-03-02,Hyderabad,17.385,78.4867,121.4,75.0,117.8,29.4,14.9,6.44,3,1.0,3,2024
2024-03-02,Puducherry,11.9416,79.8083,26.9,20.6,14.0,10.2,4.5,1.67,3,1.0,3,2024
2024-03-02,Lucknow,26.8467,80.9462,255.3,158.7,225.8,67.0,27.9,14.53,3,1.0,3,2024
2024-03-02,Patna,25.5941,85.1376,162.6,99.6,138.6,36.6,17.0,8.21,3,1.0,3,2024
2024-03-02,Ahmedabad,23.0225,72.5714,211.5,125.2,189.3,53.7,19.4,9.85,3,1.0,3,2024
2024-03-03,Delhi,28.6139,77.209,369.3,218.8,341.8,94.8,33.8,19.0,3,1.0,3,2024
2024-03-03,Mumbai,19.076,72.8777,160.9,98.7,143.7,36.5,18.8,7.94,3,1.0,3,2024
2024-03-03,Chennai,13.0827,80.2707,67.9,43.0,55.2,13.2,6.0,2.73,3,1.0,3,2024
2024-03-03,Kolkata,22.5726,88.3639,134.4,84.7,120.0,38.6,11.7,4.99,3,1.0,3,2024
2024-03-03,Bengaluru,12.9716,77.5946,104.5,72.0,98.3,39.0,11.1,5.46,3,1.0,3,2024
2024-03-03,Hyderabad,17.385,78.4867,44.6,28.9,41.5,9.5,4.2,2.16,3,1.0,3,2024
2024-03-03,Puducherry,11.9416,79.8083,71.4,53.3,61.3,18.5,6.3,4.35,3,1.0,3,2024
2024-03-03,Lucknow,26.8467,80.9462,231.5,137.5,192.9,58.8,22.5,11.51,3,1.0,3,2024
2024-03-03,Patna,25.5941,85.1376,157.2,101.5,148.3,45.0,18.0,8.45,3,1.0,3,2024
2024-03-03,Ahmedabad,23.0225,72.5714,108.6,74.4,90.3,26.1,12.3,6.19,3,1.0,3,2024
2024-03-04,Delhi,28.6139,77.209,325.8,193.5,288.4,91.6,32.5,16.13,3,1.0,3,2024
2024-03-04,Mumbai,19.076,72.8777,111.5,68.1,101.9,27.8,11.9,7.34,3,1.0,3,2024
2024-03-04,Chennai,13.0827,80.2707,75.1,45.3,62.4,20.0,6.4,3.23,3,1.0,3,2024
2024-03-04,Kolkata,22.5726,88.3639,107.0,64.7,99.7,34.2,11.6,4.9,3,1.0,3,2024
2024-03-04,Bengaluru,12.9716,77.5946,59.2,29.4,42.9,22.3,6.5,2.38,3,1.0,3,2024
2024-03-04,Hyderabad,17.385,78.4867,86.4,47.6,72.9,26.9,8.6,2.87,3,1.0,3,2024
2024-03-04,Puducherry,11.9416,79.8083,121.2,67.0,104.4,35.5,13.0,5.59,3,1.0,3,2024
2024-03-04,Lucknow,26.8467,80.9462,140.0,79.2,118.7,35.0,14.4,6.85,3,1.0,3,2024
2024-03-04,Patna,25.5941,85.1376,237.3,137.1,215.9,64.4,23.4,11.68,3,1.0,3,2024
2024-03-04,Ahmedabad,23.0225,72.5714,163.7,103.8,140.2,46.7,17.2,8.21,3,1.0,3,2024
2024-03-05,Delhi,28.6139,77.209,377.1,220.3,343.6,96.0,35.8,19.32,3,1.0,3,2024
2024-03-05,Mumbai,19.076,72.8777,151.3,89.9,143.1,35.5,15.7,7.43,3,1.0,3,2024
2024-03-05,Chennai,13.0827,80.2707,74.6,47.3,65.5,12.8,3.9,4.52,3,1.0,3,2024
2024-03-05,Kolkata,22.5726,88.3639,119.0,72.8,107.5,28.3,15.8,6.13,3,1.0,3,2024
2024-03-05,Bengaluru,12.9716,77.5946,122.7,75.0,108.6,30.6,15.2,7.22,3,1.0,3,2024
2024-03-05,Hyderabad,17.385,78.4867,188.3,114.1,162.5,45.3,16.5,10.18,3,1.0,3,2024
2024-03-05,Puducherry,11.9416,79.8083,63.3,22.7,76.7,13.5,5.2,4.84,3,1.0,3,2024
2024-03-05,Lucknow,26.8467,80.9462,141.5,90.6,122.7,30.1,17.6,8.0,3,1.0,3,2024
2024-03-05,Patna,25.5941,85.1376,304.4,184.5,278.8,71.2,30.7,14.29,3,1.0,3,2024
2024-03-05,Ahmedabad,23.0225,72.5714,97.5,60.6,97.0,22.8,9.3,3.74,3,1.0,3,2024
2024-03-06,Delhi,28.6139,77.209,280.6,172.2,258.9,72.3,26.8,13.38,3,1.0,3,2024
2024-03-06,Mumbai,19.076,72.8777,171.8,107.1,153.2,41.2,19.5,8.23,3,1.0,3,2024
2024-03-06,Chennai,13.0827,80.2707,108.6,64.5,89.4,33.6,11.1,4.72,3,1.0,3,2024
2024-03-06,Kolkata,22.5726,88.3639,110.5,59.8,96.5,35.3,9.9,6.97,3,1.0,3,2024
2024-03-06,Bengaluru,12.9716,77.5946,96.1,51.8,82.7,18.9,7.9,3.92,3,1.0,3,2024
2024-03-06,Hyderabad,17.385,78.4867,53.4,39.6,49.7,10.6,5.8,1.83,3,1.0,3,2024
2024-03-06,Puducherry,11.9416,79.8083,21.6,27.7,21.0,3.0,0.0,0.0,3,1.0,3,2024
2024-03-06,Lucknow,26.8467,80.9462,327.5,204.0,300.8,77.4,35.8,16.82,3,1.0,3,2024
2024-03-06,Patna,25.5941,85.1376,285.8,173.7,245.2,66.7,27.6,14.93,3,1.0,3,2024
2024-03-06,Ahmedabad,23.0225,72.5714,97.9,57.9,86.7,27.6,11.1,3.88,3,1.0,3,2024
2024-03-07,Delhi,28.6139,77.209,395.7,231.6,364.9,96.7,39.9,20.01,3,1.0,3,2024
2024-03-07,Mumbai,19.076,72.8777,147.9,92.1,136.2,40.1,15.7,6.13,3,1.0,3,2024
2024-03-07,Chennai,13.0827,80.2707,96.7,55.2,78.2,23.0,10.0,5.08,3,1.0,3,2024
2024-03-07,Kolkata,22.5726,88.3639,232.8,146.2,212.2,60.3,23.5,12.41,3,1.0,3,2024
2024-03-07,Bengaluru,12.9716,77.5946,114.6,68.5,120.4,26.5,14.4,4.38,3,1.0,3,2024
2024-03-07,Hyderabad,17.385,78.4867,148.5,96.3,118.4,37.7,16.3,7.68,3,1.0,3,2024
2024-03-07,Puducherry,11.9416,79.8083,82.6,50.2,65.6,30.1,7.3,4.56,3,1.0,3,2024
2024-03-07,Lucknow,26.8467,80.9462,178.0,95.4,152.8,38.7,20.0,8.29,3,1.0,3,2024
2024-03-07,Patna,25.5941,85.1376,204.0,117.1,184.4,48.1,22.4,10.5,3,1.0,3,2024
2024-03-07,Ahmedabad,23.0225,72.5714,134.3,84.8,120.9,33.7,10.5,6.64,3,1.0,3,2024
2024-03-08,Delhi,28.6139,77.209,305.7,190.1,269.1,85.5,31.7,13.77,3,1.0,3,2024
2024-03-08,Mumbai,19.076,72.8777,106.2,70.8,105.5,26.6,10.9,4.15,3,1.0,3,2024
2024-03-08,Chennai,13.0827,80.2707,123.0,68.9,117.5,36.2,12.4,7.12,3,1.0,3,2024
2024-03-08,Kolkata,22.5726,88.3639,272.4,164.8,243.8,67.8,25.8,12.85,3,1.0,3,2024
2024-03-08,Bengaluru,12.9716,77.5946,113.3,67.2,104.6,22.4,11.1,6.7,3,1.0,3,2024
2024-03-08,Hyderabad,17.385,78.4867,80.8,48.6,57.9,15.0,9.7,3.73,3,1.0,3,2024
2024-03-08,Puducherry,11.9416,79.8083,111.4,69.0,104.5,23.5,10.4,4.84,3,1.0,3,2024
2024-03-08,Lucknow,26.8467,80.9462,150.7,93.7,142.5,39.3,13.4,7.87,3,1.0,3,2024
2024-03-08,Patna,25.5941,85.1376,106.1,70.3,85.1,22.0,10.8,5.51,3,1.0,3,2024
2024-03-08,Ahmedabad,23.0225,72.5714,156.7,88.5,150.1,32.4,12.7,7.73,3,1.0,3,2024
2024-03-09,Delhi,28.6139,77.209,178.9,113.5,151.6,51.0,20.0,10.18,3,1.0,3,2024
2024-03-09,Mumbai,19.076,72.8777,215.5,129.7,185.8,53.5,20.4,10.07,3,1.0,3,2024
2024-03-09,Chennai,13.0827,80.2707,93.8,54.7,78.4,22.5,10.5,5.65,3,1.0,3,2024
2024-03-09,Kolkata,22.5726,88.3639,99.9,58.4,88.8,20.2,9.8,5.14,3,1.0,3,2024
2024-03-09,Bengaluru,12.9716,77.5946,115.6,69.7,97.0,36.9,13.2,6.33,3,1.0,3,2024
2024-03-09,Hyderabad,17.385,78.4867,155.2,94.3,150.0,39.0,15.5,8.4,3,1.0,3,2024
2024-03-09,Puducherry,11.9416,79.8083,106.5,71.5,100.6,28.7,12.0,6.31,3,1.0,3,2024
2024-03-09,Lucknow,26.8467,80.9462,304.4,181.5,284.5,77.5,31.7,16.6,3,1.0,3,2024
2024-03-09,Patna,25.5941,85.1376,292.3,180.0,260.0,79.1,30.6,14.74,3,1.0,3,2024
2024-03-09,Ahmedabad,23.0225,72.5714,209.5,138.6,179.2,49.2,26.3,10.9,3,1.0,3,2024
2024-03-10,Delhi,28.6139,77.209,295.3,176.6,275.4,84.3,28.2,14.67,3,1.0,3,2024
2024-03-10,Mumbai,19.076,72.8777,126.0,79.3,123.2,38.0,14.1,8.82,3,1.0,3,2024
2024-03-10,Chennai,13.0827,80.2707,75.6,41.2,79.8,19.4,4.8,3.46,3,1.0,3,2024
2024-03-10,Kolkata,22.5726,88.3639,192.8,112.4,165.4,47.4,17.2,10.28,3,1.0,3,2024
2024-03-10,Bengaluru,12.9716,77.5946,41.7,25.5,41.7,10.1,6.4,0.71,3,1.0,3,2024
2024-03-10,Hyderabad,17.385,78.4867,95.5,55.6,91.7,24.7,13.8,3.97,3,1.0,3,2024
2024-03-10,Puducherry,11.9416,79.8083,47.1,37.2,30.9,14.5,2.8,0.29,3,1.0,3,2024
2024-03-10,Lucknow,26.8467,80.9462,195.6,121.9,166.3,51.2,21.1,8.51,3,1.0,3,2024
2024-03-10,Patna,25.5941,85.1376,224.1,142.3,206.9,55.0,23.2,10.52,3,1.0,3,2024
2024-03-10,Ahmedabad,23.0225,72.5714,210.1,131.6,190.1,53.4,19.0,9.15,3,1.0,3,2024
2024-03-11,Delhi,28.6139,77.209,249.9,149.5,233.4,66.2,25.4,13.69,3,1.0,3,2024
2024-03-11,Mumbai,19.076,72.8777,102.3,66.8,85.7,30.5,10.2,3.12,3,1.0,3,2024
2024-03-11,Chennai,13.0827,80.2707,108.3,69.0,93.8,25.6,10.5,3.49,3,1.0,3,2024
2024-03-11,Kolkata,22.5726,88.3639,61.8,43.6,49.0,22.9,8.9,4.66,3,1.0,3,2024
2024-03-11,Bengaluru,12.9716,77.5946,80.5,40.3,63.8,18.3,3.3,3.55,3,1.0,3,2024
2024-03-11,Hyderabad,17.385,78.4867,112.9,61.3,93.3,27.3,12.0,4.75,3,1.0,3,2024
2024-03-11,Puducherry,11.9416,79.8083,80.8,49.2,73.1,17.6,5.4,5.74,3,1.0,3,2024
2024-03-11,Lucknow,26.8467,80.9462,261.0,161.6,234.2,64.6,27.1,11.22,3,1.0,3,2024
2024-03-11,Patna,25.5941,85.1376,162.0,93.2,142.2,37.0,16.9,8.18,3,1.0,3,2024
2024-03-11,Ahmedabad,23.0225,72.5714,222.7,146.0,190.3,56.3,22.6,11.12,3,1.0,3,2024
2024-03-12,Delhi,28.6139,77.209,193.2,111.3,175.8,44.5,19.6,9.41,3,1.0,3,2024
2024-03-12,Mumbai,19.076,72.8777,145.7,82.7,132.4,32.9,14.9,8.62,3,1.0,3,2024
2024-03-12,Chennai,13.0827,80.2707,96.5,59.5,93.4,18.5,13.1,3.77,3,1.0,3,2024
2024-03-12,Kolkata,22.5726,88.3639,224.0,138.1,194.4,60.0,23.4,13.09,3,1.0,3,2024
2024-03-12,Bengaluru,12.9716,77.5946,105.8,62.9,91.1,19.5,9.9,5.01,3,1.0,3,2024
2024-03-12,Hyderabad,17.385,78.4867,129.2,70.4,114.4,34.6,14.3,4.6,3,1.0,3,2024
2024-03-12,Puducherry,11.9416,79.8083,89.1,52.2,78.7,12.8,11.9,4.63,3,1.0,3,2024
2024-03-12,Lucknow,26.8467,80.9462,120.5,74.2,111.2,35.0,11.4,6.04,3,1.0,3,2024
2024-03-12,Patna,25.5941,85.1376,195.0,120.0,169.2,45.2,19.4,8.52,3,1.0,3,2024
2024-03-12,Ahmedabad,23.0225,72.5714,232.1,148.9,205.3,52.5,23.9,11.12,3,1.0,3,2024
2024-03-13,Delhi,28.6139,77.209,374.0,220.5,341.0,94.0,36.0,18.94,3,1.0,3,2024
2024-03-13,Mumbai,19.076,72.8777,175.1,105.5,158.4,40.3,19.8,9.8,3,1.0,3,2024
2024-03-13,Chennai,13.0827,80.2707,79.7,47.2,83.0,15.4,9.2,3.43,3,1.0,3,2024
2024-03-13,Kolkata,22.5726,88.3639,268.9,161.7,252.1,64.2,24.4,13.21,3,1.0,3,2024
2024-03-13,Bengaluru,12.9716,77.5946,107.9,62.2,103.2,26.1,6.6,5.95,3,1.0,3,2024
2024-03-13,Hyderabad,17.385,78.4867,89.1,51.7,92.6,29.4,7.8,5.03,3,1.0,3,2024
2024-03-13,Puducherry,11.9416,79.8083,64.0,37.0,52.8,9.1,6.6,3.49,3,1.0,3,2024
2024-03-13,Lucknow,26.8467,80.9462,176.4,111.3,155.3,41.6,18.7,7.28,3,1.0,3,2024
2024-03-13,Patna,25.5941,85.1376,303.5,180.1,281.1,81.0,31.6,14.36,3,1.0,3,2024
2024-03-13,Ahmedabad,23.0225,72.5714,103.7,55.0,102.2,25.4,9.2,5.05,3,1.0,3,2024
2024-03-14,Delhi,28.6139,77.209,366.4,223.7,333.3,94.2,37.0,18.62,3,1.0,3,2024
2024-03-14,Mumbai,19.076,72.8777,148.8,89.3,139.9,38.6,13.1,7.97,3,1.0,3,2024
2024-03-14,Chennai,13.0827,80.2707,96.2,60.8,85.7,27.3,9.5,5.53,3,1.0,3,2024
2024-03-14,Kolkata,22.5726,88.3639,157.2,92.4,146.3,38.0,20.1,8.43,3,1.0,3,2024
2024-03-14,Bengaluru,12.9716,77.5946,100.7,64.5,86.8,28.9,11.9,6.29,3,1.0,3,2024
2024-03-14,Hyderabad,17.385,78.4867,104.6,56.6,89.3,25.0,13.8,7.43,3,1.0,3,2024
2024-03-14,Puducherry,11.9416,79.8083,81.9,49.2,70.9,23.8,12.6,5.88,3,1.0,3,2024
2024-03-14,Lucknow,26.8467,80.9462,294.0,182.0,271.3,73.3,27.9,14.68,3,1.0,3,2024
2024-03-14,Patna,25.5941,85.1376,269.6,154.5,241.4,64.1,29.0,12.93,3,1.0,3,2024
2024-03-14,Ahmedabad,23.0225,72.5714,174.8,101.4,170.1,36.9,18.4,7.46,3,1.0,3,2024
2024-03-15,Delhi,28.6139,77.209,239.3,144.6,217.4,60.7,24.2,11.32,3,1.0,3,2024
2024-03-15,Mumbai,19.076,72.8777,133.4,80.2,121.6,33.1,14.8,6.76,3,1.0,3,2024
2024-03-15,Chennai,13.0827,80.2707,95.0,55.1,77.1,24.4,11.9,5.19,3,1.0,3,2024
2024-03-15,Kolkata,22.5726,88.3639,139.1,87.5,122.5,37.6,13.2,7.31,3,1.0,3,2024
2024-03-15,Bengaluru,12.9716,77.5946,84.4,48.2,63.4,23.1,9.2,4.65,3,1.0,3,2024
2024-03-15,Hyderabad,17.385,78.4867,129.6,73.9,124.4,36.4,11.4,7.01,3,1.0,3,2024
2024-03-15,Puducherry,11.9416,79.8083,92.5,53.1,80.9,25.3,6.2,3.54,3,1.0,3,2024
2024-03-15,Lucknow,26.8467,80.9462,155.7,84.4,148.8,31.0,16.3,8.6,3,1.0,3,2024
2024-03-15,Patna,25.5941,85.1376,219.4,128.3,199.3,54.9,23.9,8.34,3,1.0,3,2024
2024-03-15,Ahmedabad,23.0225,72.5714,118.7,74.0,107.2,32.7,12.4,5.8,3,1.0,3,2024
2024-03-16,Delhi,28.6139,77.209,255.8,165.1,242.5,65.9,25.7,13.33,3,1.0,3,2024
2024-03-16,Mumbai,19.076,72.8777,173.1,106.0,149.8,50.4,17.8,10.67,3,1.0,3,2024
2024-03-16,Chennai,13.0827,80.2707,94.7,55.6,96.3,24.9,9.7,3.53,3,1.0,3,2024
2024-03-16,Kolkata,22.5726,88.3639,213.0,125.3,188.1,51.3,22.2,9.11,3,1.0,3,2024
2024-03-16,Bengaluru,12.9716,77.5946,93.7,61.1,74.4,24.1,8.1,4.28,3,1.0,3,2024
2024-03-16,Hyderabad,17.385,78.4867,177.9,98.5,166.2,42.6,16.7,7.78,3,1.0,3,2024
2024-03-16,Puducherry,11.9416,79.8083,90.1,53.1,78.5,23.0,8.7,2.5,3,1.0,3,2024
2024-03-16,Lucknow,26.8467,80.9462,188.1,117.3,157.2,42.7,18.0,8.68,3,1.0,3,2024
2024-03-16,Patna,25.5941,85.1376,238.0,137.3,211.1,59.3,25.1,13.14,3,1.0,3,2024
2024-03-16,Ahmedabad,23.0225,72.5714,148.2,98.4,131.9,40.4,18.7,7.55,3,1.0,3,2024
2024-03-17,Delhi,28.6139,77.209,170.1,102.5,148.2,41.4,21.0,7.28,3,1.0,3,2024
2024-03-17,Mumbai,19.076,72.8777,152.0,86.8,134.3,41.0,15.8,7.37,3,1.0,3,2024
2024-03-17,Chennai,13.0827,80.2707,73.8,45.9,80.1,14.8,11.2,4.89,3,1.0,3,2024
2024-03-17,Kolkata,22.5726,88.3639,248.5,150.6,233.0,58.1,23.5,13.19,3,1.0,3,2024
2024-03-17,Bengaluru,12.9716,77.5946,108.9,64.6,78.0,25.5,8.5,5.94,3,1.0,3,2024
2024-03-17,Hyderabad,17.385,78.4867,113.3,64.8,123.1,32.5,13.4,7.87,3,1.0,3,2024
2024-03-17,Puducherry,11.9416,79.8083,91.0,50.7,74.8,26.6,5.0,4.47,3,1.0,3,2024
2024-03-17,Lucknow,26.8467,80.9462,78.9,47.8,77.8,20.8,9.8,5.91,3,1.0,3,2024
2024-03-17,Patna,25.5941,85.1376,230.0,152.0,208.7,61.3,21.8,13.12,3,1.0,3,2024
2024-03-17,Ahmedabad,23.0225,72.5714,206.9,131.5,186.6,46.7,21.6,8.65,3,1.0,3,2024
2024-03-18,Delhi,28.6139,77.209,253.1,152.8,246.8,64.5,25.6,12.59,3,1.0,3,2024
2024-03-18,Mumbai,19.076,72.8777,86.3,52.2,78.5,17.7,6.3,3.83,3,1.0,3,2024
2024-03-18,Chennai,13.0827,80.2707,91.6,52.7,74.0,24.1,10.2,4.7,3,1.0,3,2024
2024-03-18,Kolkata,22.5726,88.3639,151.9,94.1,135.2,33.2,17.3,7.95,3,1.0,3,2024
2024-03-18,Bengaluru,12.9716,77.5946,96.4,50.0,80.8,32.2,6.6,4.57,3,1.0,3,2024
2024-03-18,Hyderabad,17.385,78.4867,119.4,73.2,95.5,30.5,8.6,6.07,3,1.0,3,2024
2024-03-18,Puducherry,11.9416,79.8083,62.0,32.9,62.5,14.6,7.1,3.61,3,1.0,3,2024
2024-03-18,Lucknow,26.8467,80.9462,302.5,175.5,279.6,75.7,29.5,13.98,3,1.0,3,2024
2024-03-18,Patna,25.5941,85.1376,282.5,164.9,258.4,78.3,30.2,15.52,3,1.0,3,2024
2024-03-18,Ahmedabad,23.0225,72.5714,127.6,80.4,105.7,31.0,16.2,5.77,3,1.0,3,2024
2024-03-19,Delhi,28.6139,77.209,368.9,226.4,340.6,87.2,37.9,18.29,3,1.0,3,2024
2024-03-19,Mumbai,19.076,72.8777,183.5,101.8,168.1,46.8,14.4,8.29,3,1.0,3,2024
2024-03-19,Chennai,13.0827,80.2707,44.2,22.9,44.2,11.8,4.8,1.17,3,1.0,3,2024
2024-03-19,Kolkata,22.5726,88.3639,236.0,141.5,212.7,62.8,21.6,12.03,3,1.0,3,2024
2024-03-19,Bengaluru,12.9716,77.5946,112.7,64.9,106.6,30.1,11.1,5.5,3,1.0,3,2024
2024-03-19,Hyderabad,17.385,78.4867,138.3,86.9,125.0,39.1,15.1,5.13,3,1.0,3,2024
2024-03-19,Puducherry,11.9416,79.8083,46.9,34.1,40.2,12.4,7.0,2.34,3,1.0,3,2024
2024-03-19,Lucknow,26.8467,80.9462,222.4,129.1,203.1,57.9,21.1,10.2,3,1.0,3,2024
2024-03-19,Patna,25.5941,85.1376,423.8,253.8,376.0,108.8,42.3,20.1,3,1.0,3,2024
2024-03-19,Ahmedabad,23.0225,72.5714,181.7,104.8,176.1,47.4,17.6,9.19,3,1.0,3,2024
2024-03-20,Delhi,28.6139,77.209,352.3,212.3,334.0,92.6,36.2,16.68,3,1.0,3,2024
2024-03-20,Mumbai,19.076,72.8777,134.1,82.9,114.1,38.7,11.5,6.07,3,1.0,3,2024
2024-03-20,Chennai,13.0827,80.2707,75.9,49.3,61.9,11.8,9.8,3.35,3,1.0,3,2024
2024-03-20,Kolkata,22.5726,88.3639,126.6,72.2,127.7,29.0,12.4,5.88,3,1.0,3,2024
2024-03-20,Bengaluru,12.9716,77.5946,63.0,34.1,46.3,19.6,6.5,5.63,3,1.0,3,2024
2024-03-20,Hyderabad,17.385,78.4867,95.2,52.8,98.0,28.0,10.3,3.65,3,1.0,3,2024
2024-03-20,Puducherry,11.9416,79.8083,109.9,65.6,95.5,32.0,10.9,4.33,3,1.0,3,2024
2024-03-20,Lucknow,26.8467,80.9462,222.6,129.7,176.3,52.1,21.2,9.97,3,1.0,3,2024
2024-03-20,Patna,25.5941,85.1376,280.3,164.3,256.1,65.1,29.8,12.74,3,1.0,3,2024
2024-03-20,Ahmedabad,23.0225,72.5714,54.6,38.9,42.3,20.7,6.6,3.52,3,1.0,3,2024
2024-03-21,Delhi,28.6139,77.209,363.6,218.7,328.2,96.0,36.6,17.45,3,1.0,3,2024
2024-03-21,Mumbai,19.076,72.8777,163.4,87.5,157.6,46.2,18.7,9.33,3,1.0,3,2024
2024-03-21,Chennai,13.0827,80.2707,87.9,52.2,69.3,29.0,7.8,4.73,3,1.0,3,2024
2024-03-21,Kolkata,22.5726,88.3639,192.7,108.9,159.5,48.2,18.4,9.55,3,1.0,3,2024
2024-03-21,Bengaluru,12.9716,77.5946,132.0,80.3,124.9,34.8,12.6,5.6,3,1.0,3,2024
2024-03-21,Hyderabad,17.385,78.4867,129.3,78.0,123.7,31.7,12.3,6.24,3,1.0,3,2024
2024-03-21,Puducherry,11.9416,79.8083,56.6,41.2,60.1,9.3,7.3,0.98,3,1.0,3,2024
2024-03-21,Lucknow,26.8467,80.9462,284.0,166.9,258.5,63.3,26.0,14.67,3,1.0,3,2024
2024-03-21,Patna,25.5941,85.1376,190.9,110.3,183.0,56.6,21.0,8.45,3,1.0,3,2024
2024-03-21,Ahmedabad,23.0225,72.5714,239.4,135.8,213.0,60.1,27.8,12.88,3,1.0,3,2024
2024-03-22,Delhi,28.6139,77.209,242.9,141.0,226.6,58.6,24.7,10.78,3,1.0,3,2024
2024-03-22,Mumbai,19.076,72.8777,162.8,100.1,136.6,44.8,17.4,8.88,3,1.0,3,2024
2024-03-22,Chennai,13.0827,80.2707,80.5,49.2,73.0,19.5,8.4,5.28,3,1.0,3,2024
2024-03-22,Kolkata,22.5726,88.3639,233.7,134.3,218.2,63.2,23.1,12.19,3,1.0,3,2024
2024-03-22,Bengaluru,12.9716,77.5946,114.8,64.6,100.3,31.7,10.5,6.72,3,1.0,3,2024
2024-03-22,Hyderabad,17.385,78.4867,165.7,105.1,165.0,41.1,16.9,8.61,3,1.0,3,2024
2024-03-22,Puducherry,11.9416,79.8083,73.8,47.0,52.7,19.3,4.6,2.73,3,1.0,3,2024
2024-03-22,Lucknow,26.8467,80.9462,267.6,159.6,246.4,66.0,29.0,13.14,3,1.0,3,2024
2024-03-22,Patna,25.5941,85.1376,103.2,63.0,75.5,20.0,8.6,4.15,3,1.0,3,2024
2024-03-22,Ahmedabad,23.0225,72.5714,135.5,76.1,110.7,40.0,12.2,4.54,3,1.0,3,2024
2024-03-23,Delhi,28.6139,77.209,251.1,145.0,218.9,65.6,24.2,11.4,3,1.0,3,2024
2024-03-23,Mumbai,19.076,72.8777,157.9,100.5,146.4,29.7,13.6,7.94,3,1.0,3,2024
2024-03-23,Chennai,13.0827,80.2707,83.9,48.7,67.6,15.4,12.4,4.22,3,1.0,3,2024
2024-03-23,Kolkata,22.5726,88.3639,212.1,127.3,191.3,52.8,19.0,9.09,3,1.0,3,2024
2024-03-23,Bengaluru,12.9716,77.5946,111.6,67.9,107.9,30.8,9.5,6.71,3,1.0,3,2024
2024-03-23,Hyderabad,17.385,78.4867,146.8,91.5,150.1,44.9,16.1,7.91,3,1.0,3,2024
2024-03-23,Puducherry,11.9416,79.8083,96.6,55.0,82.4,26.8,7.9,5.42,3,1.0,3,2024
2024-03-23,Lucknow,26.8467,80.9462,230.2,133.8,207.4,62.8,23.2,11.6,3,1.0,3,2024
2024-03-23,Patna,25.5941,85.1376,263.0,160.1,234.1,67.2,24.2,12.35,3,1.0,3,2024
2024-03-23,Ahmedabad,23.0225,72.5714,129.8,80.2,118.1,31.9,14.4,6.87,3,1.0,3,2024
2024-03-24,Delhi,28.6139,77.209,256.8,148.9,224.6,58.3,26.0,11.98,3,1.0,3,2024
2024-03-24,Mumbai,19.076,72.8777,120.2,71.5,116.5,33.8,11.9,7.28,3,1.0,3,2024
2024-03-24,Chennai,13.0827,80.2707,39.7,33.2,41.3,10.3,2.2,1.55,3,1.0,3,2024
2024-03-24,Kolkata,22.5726,88.3639,210.5,129.5,194.8,49.7,19.2,10.72,3,1.0,3,2024
2024-03-24,Bengaluru,12.9716,77.5946,123.1,73.9,122.6,30.9,12.3,6.83,3,1.0,3,2024
2024-03-24,Hyderabad,17.385,78.4867,162.7,90.9,137.5,39.4,22.6,7.87,3,1.0,3,2024
2024-03-24,Puducherry,11.9416,79.8083,72.6,46.7,73.2,18.8,9.6,2.44,3,1.0,3,2024
2024-03-24,Lucknow,26.8467,80.9462,170.2,107.9,153.3,37.5,14.4,7.7,3,1.0,3,2024
2024-03-24,Patna,25.5941,85.1376,240.1,146.4,213.5,61.6,23.1,13.23,3,1.0,3,2024
2024-03-24,Ahmedabad,23.0225,72.5714,274.8,162.9,251.2,70.3,27.8,14.39,3,1.0,3,2024
2024-03-25,Delhi,28.6139,77.209,318.3,188.6,297.0,80.4,31.1,18.36,3,1.0,3,2024
2024-03-25,Mumbai,19.076,72.8777,135.4,82.5,123.3,33.3,14.4,5.93,3,1.0,3,2024
2024-03-25,Chennai,13.0827,80.2707,104.9,54.1,84.0,33.5,8.0,3.29,3,1.0,3,2024
2024-03-25,Kolkata,22.5726,88.3639,118.4,79.7,92.2,25.8,8.9,5.65,3,1.0,3,2024
2024-03-25,Bengaluru,12.9716,77.5946,86.9,49.7,93.1,16.9,8.5,4.68,3,1.0,3,2024
2024-03-25,Hyderabad,17.385,78.4867,85.7,53.9,73.9,22.9,8.4,2.23,3,1.0,3,2024
2024-03-25,Puducherry,11.9416,79.8083,101.1,71.0,89.6,21.7,13.1,6.95,3,1.0,3,2024
2024-03-25,Lucknow,26.8467,80.9462,209.0,124.3,187.5,45.6,20.3,12.16,3,1.0,3,2024
2024-03-25,Patna,25.5941,85.1376,228.2,131.7,209.4,54.4,22.7,10.14,3,1.0,3,2024
2024-03-25,Ahmedabad,23.0225,72.5714,113.4,71.7,103.0,25.2,11.6,5.06,3,1.0,3,2024
2024-03-26,Delhi,28.6139,77.209,217.3,136.2,201.8,54.2,22.0,10.86,3,1.0,3,2024
2024-03-26,Mumbai,19.076,72.8777,159.5,91.7,150.5,41.3,15.4,7.49,3,1.0,3,2024
2024-03-26,Chennai,13.0827,80.2707,111.0,65.8,94.3,26.2,12.6,3.94,3,1.0,3,2024
2024-03-26,Kolkata,22.5726,88.3639,162.2,102.7,144.6,41.6,18.4,9.0,3,1.0,3,2024
2024-03-26,Bengaluru,12.9716,77.5946,86.8,51.4,85.4,25.5,8.5,4.29,3,1.0,3,2024
2024-03-26,Hyderabad,17.385,78.4867,129.4,84.5,125.0,35.1,10.8,6.2,3,1.0,3,2024
2024-03-26,Puducherry,11.9416,79.8083,70.6,49.5,61.6,22.7,5.9,3.04,3,1.0,3,2024
2024-03-26,Lucknow,26.8467,80.9462,251.3,158.6,224.5,52.6,22.0,12.86,3,1.0,3,2024
2024-03-26,Patna,25.5941,85.1376,136.8,77.8,123.2,24.4,12.9,5.68,3,1.0,3,2024
2024-03-26,Ahmedabad,23.0225,72.5714,92.5,51.5,74.7,25.0,11.6,4.26,3,1.0,3,2024
2024-03-27,Delhi,28.6139,77.209,232.3,137.3,200.2,52.9,19.9,10.29,3,1.0,3,2024
2024-03-27,Mumbai,19.076,72.8777,205.3,119.7,161.2,49.0,17.3,10.32,3,1.0,3,2024
2024-03-27,Chennai,13.0827,80.2707,88.8,53.6,79.6,20.7,6.0,4.37,3,1.0,3,2024
2024-03-27,Kolkata,22.5726,88.3639,230.9,147.6,205.9,57.2,24.1,13.04,3,1.0,3,2024
2024-03-27,Bengaluru,12.9716,77.5946,85.4,54.7,70.3,22.7,10.5,2.98,3,1.0,3,2024
2024-03-27,Hyderabad,17.385,78.4867,101.6,65.7,96.4,29.5,11.9,4.74,3,1.0,3,2024
2024-03-27,Puducherry,11.9416,79.8083,119.0,72.1,82.7,28.6,11.0,6.75,3,1.0,3,2024
2024-03-27,Lucknow,26.8467,80.9462,190.7,119.9,176.1,43.7,18.8,8.76,3,1.0,3,2024
2024-03-27,Patna,25.5941,85.1376,252.9,147.8,228.2,62.1,25.0,14.7,3,1.0,3,2024
2024-03-27,Ahmedabad,23.0225,72.5714,143.8,76.6,137.5,40.0,10.4,6.49,3,1.0,3,2024
2024-03-28,Delhi,28.6139,77.209,314.9,191.6,283.4,78.8,29.6,13.35,3,1.0,3,2024
2024-03-28,Mumbai,19.076,72.8777,222.0,128.4,201.2,54.9,24.0,11.21,3,1.0,3,2024
2024-03-28,Chennai,13.0827,80.2707,93.8,43.1,77.8,26.4,10.7,3.74,3,1.0,3,2024
2024-03-28,Kolkata,22.5726,88.3639,101.1,61.3,67.7,20.7,13.6,6.5,3,1.0,3,2024
2024-03-28,Bengaluru,12.9716,77.5946,114.6,70.3,87.5,25.7,10.9,5.01,3,1.0,3,2024
2024-03-28,Hyderabad,17.385,78.4867,107.7,71.1,92.6,25.6,12.2,3.97,3,1.0,3,2024
2024-03-28,Puducherry,11.9416,79.8083,58.2,31.2,52.8,13.2,5.2,2.25,3,1.0,3,2024
2024-03-28,Lucknow,26.8467,80.9462,150.4,93.3,132.7,40.1,12.8,6.85,3,1.0,3,2024
2024-03-28,Patna,25.5941,85.1376,224.5,134.1,208.1,54.4,23.9,11.6,3,1.0,3,2024
2024-03-28,Ahmedabad,23.0225,72.5714,155.2,88.4,145.7,35.1,15.5,7.71,3,1.0,3,2024
2024-03-29,Delhi,28.6139,77.209,263.4,156.1,230.5,59.4,29.1,12.68,3,1.0,3,2024
2024-03-29,Mumbai,19.076,72.8777,134.9,80.3,130.2,41.5,13.8,6.59,3,1.0,3,2024
2024-03-29,Chennai,13.0827,80.2707,61.9,29.9,41.5,12.3,2.0,4.17,3,1.0,3,2024
2024-03-29,Kolkata,22.5726,88.3639,201.2,119.5,190.0,46.0,18.5,8.13,3,1.0,3,2024
2024-03-29,Bengaluru,12.9716,77.5946,123.2,69.9,111.0,34.8,15.1,6.13,3,1.0,3,2024
2024-03-29,Hyderabad,17.385,78.4867,133.4,75.5,133.5,32.7,13.5,6.26,3,1.0,3,2024
2024-03-29,Puducherry,11.9416,79.8083,99.0,60.4,95.2,26.2,9.5,5.88,3,1.0,3,2024
2024-03-29,Lucknow,26.8467,80.9462,242.4,140.6,210.2,61.2,26.1,13.76,3,1.0,3,2024
2024-03-29,Patna,25.5941,85.1376,115.6,69.5,108.0,30.1,13.6,6.44,3,1.0,3,2024
2024-03-29,Ahmedabad,23.0225,72.5714,115.7,64.3,106.6,32.9,11.9,4.21,3,1.0,3,2024
2024-03-30,Delhi,28.6139,77.209,196.2,121.2,173.8,49.5,21.8,8.61,3,1.0,3,2024
2024-03-30,Mumbai,19.076,72.8777,123.4,71.4,113.9,33.9,9.4,6.16,3,1.0,3,2024
2024-03-30,Chennai,13.0827,80.2707,111.7,57.7,100.0,23.1,9.9,3.08,3,1.0,3,2024
2024-03-30,Kolkata,22.5726,88.3639,249.6,148.0,218.2,63.7,22.9,11.34,3,1.0,3,2024
2024-03-30,Bengaluru,12.9716,77.5946,145.3,96.2,126.0,40.6,15.2,5.85,3,1.0,3,2024
2024-03-30,Hyderabad,17.385,78.4867,87.5,60.3,67.3,31.0,7.6,5.96,3,1.0,3,2024
2024-03-30,Puducherry,11.9416,79.8083,68.9,45.3,73.2,22.8,5.7,2.59,3,1.0,3,2024
2024-03-30,Lucknow,26.8467,80.9462,214.7,122.3,195.1,50.4,23.6,10.16,3,1.0,3,2024
2024-03-30,Patna,25.5941,85.1376,118.0,77.8,107.7,29.6,14.0,6.77,3,1.0,3,2024
2024-03-30,Ahmedabad,23.0225,72.5714,125.7,73.2,104.2,25.6,13.7,6.68,3,1.0,3,2024
2024-03-31,Delhi,28.6139,77.209,340.9,210.9,313.0,88.7,29.9,16.74,3,1.0,3,2024
2024-03-31,Mumbai,19.076,72.8777,178.6,101.3,161.5,46.7,18.7,9.3,3,1.0,3,2024
2024-03-31,Chennai,13.0827,80.2707,105.0,63.9,82.8,28.3,11.1,3.8,3,1.0,3,2024
2024-03-31,Kolkata,22.5726,88.3639,249.0,152.1,213.1,59.0,23.8,11.89,3,1.0,3,2024
2024-03-31,Bengaluru,12.9716,77.5946,108.8,60.4,106.9,31.4,12.1,5.48,3,1.0,3,2024
2024-03-31,Hyderabad,17.385,78.4867,152.8,90.3,131.7,43.0,15.9,6.96,3,1.0,3,2024
2024-03-31,Puducherry,11.9416,79.8083,66.6,36.3,76.1,16.7,7.0,4.05,3,1.0,3,2024
2024-03-31,Lucknow,26.8467,80.9462,141.0,90.1,122.0,42.6,13.5,8.09,3,1.0,3,2024
2024-03-31,Patna,25.5941,85.1376,65.2,33.2,56.3,8.2,7.7,3.57,3,1.0,3,2024
2024-03-31,Ahmedabad,23.0225,72.5714,115.4,69.2,110.3,20.4,9.0,5.43,3,1.0,3,2024
2024-04-01,Delhi,28.6139,77.209,281.9,168.8,260.8,72.4,29.6,12.71,4,1.0,4,2024
2024-04-01,Mumbai,19.076,72.8777,145.8,85.9,142.9,37.1,13.2,8.14,4,1.0,4,2024
2024-04-01,Chennai,13.0827,80.2707,104.1,58.4,90.9,24.7,12.9,5.41,4,1.0,4,2024
2024-04-01,Kolkata,22.5726,88.3639,216.3,127.3,197.3,59.3,20.9,10.93,4,1.0,4,2024
2024-04-01,Bengaluru,12.9716,77.5946,59.1,31.6,50.5,10.5,8.6,2.12,4,1.0,4,2024
2024-04-01,Hyderabad,17.385,78.4867,147.5,89.4,133.0,42.8,10.2,7.18,4,1.0,4,2024
2024-04-01,Puducherry,11.9416,79.8083,53.4,22.2,38.5,13.4,3.9,3.57,4,1.0,4,2024
2024-04-01,Lucknow,26.8467,80.9462,206.1,122.0,182.9,51.1,19.8,9.45,4,1.0,4,2024
2024-04-01,Patna,25.5941,85.1376,309.2,182.4,275.2,79.0,31.6,14.57,4,1.0,4,2024
2024-04-01,Ahmedabad,23.0225,72.5714,194.0,119.1,176.0,46.8,18.6,9.5,4,1.0,4,2024
2024-04-02,Delhi,28.6139,77.209,181.5,108.7,170.5,48.9,17.4,10.14,4,1.0,4,2024
2024-04-02,Mumbai,19.076,72.8777,216.2,128.1,200.1,45.0,19.1,10.9,4,1.0,4,2024
2024-04-02,Chennai,13.0827,80.2707,64.8,49.1,63.1,20.1,6.4,2.24,4,1.0,4,2024
2024-04-02,Kolkata,22.5726,88.3639,154.1,93.7,133.6,41.2,16.8,7.71,4,1.0,4,2024
2024-04-02,Bengaluru,12.9716,77.5946,45.2,35.7,39.0,22.1,5.8,2.05,4,1.0,4,2024
2024-04-02,Hyderabad,17.385,78.4867,135.7,71.3,130.3,44.2,9.4,6.5,4,1.0,4,2024
2024-04-02,Puducherry,11.9416,79.8083,72.9,48.1,82.5,19.8,11.6,3.82,4,1.0,4,2024
2024-04-02,Lucknow,26.8467,80.9462,249.3,151.2,234.1,60.6,26.6,11.23,4,1.0,4,2024
2024-04-02,Patna,25.5941,85.1376,220.1,128.9,198.8,53.8,24.3,10.13,4,1.0,4,2024
2024-04-02,Ahmedabad,23.0225,72.5714,82.1,42.5,81.8,16.6,9.0,3.81,4,1.0,4,2024
2024-04-03,Delhi,28.6139,77.209,345.9,206.4,333.4,94.1,34.0,16.84,4,1.0,4,2024
2024-04-03,Mumbai,19.076,72.8777,265.3,153.8,238.3,66.4,26.5,11.53,4,1.0,4,2024
2024-04-03,Chennai,13.0827,80.2707,102.4,56.6,103.6,19.8,10.4,2.9,4,1.0,4,2024
2024-04-03,Kolkata,22.5726,88.3639,72.3,39.2,59.5,23.9,7.1,4.91,4,1.0,4,2024
2024-04-03,Bengaluru,12.9716,77.5946,88.6,56.2,73.9,19.0,5.2,4.77,4,1.0,4,2024
2024-04-03,Hyderabad,17.385,78.4867,129.2,81.4,118.0,40.4,13.3,7.45,4,1.0,4,2024
2024-04-03,Puducherry,11.9416,79.8083,68.5,36.6,67.4,16.8,8.5,3.78,4,1.0,4,2024
2024-04-03,Lucknow,26.8467,80.9462,168.5,106.5,144.7,44.6,19.4,8.04,4,1.0,4,2024
2024-04-03,Patna,25.5941,85.1376,320.9,194.5,295.6,76.9,32.5,14.64,4,1.0,4,2024
2024-04-03,Ahmedabad,23.0225,72.5714,237.0,132.1,210.5,55.5,25.0,13.77,4,1.0,4,2024
2024-04-04,Delhi,28.6139,77.209,332.4,214.2,288.1,77.9,31.5,16.74,4,1.0,4,2024
2024-04-04,Mumbai,19.076,72.8777,98.9,55.6,94.0,19.8,7.6,4.55,4,1.0,4,2024
2024-04-04,Chennai,13.0827,80.2707,82.4,54.5,67.0,17.7,9.4,4.92,4,1.0,4,2024
2024-04-04,Kolkata,22.5726,88.3639,251.4,153.2,227.3,65.2,24.6,12.3,4,1.0,4,2024
2024-04-04,Bengaluru,12.9716,77.5946,46.8,32.5,43.8,14.8,0.0,2.29,4,1.0,4,2024
2024-04-04,Hyderabad,17.385,78.4867,90.0,61.5,85.9,23.4,8.1,4.9,4,1.0,4,2024
2024-04-04,Puducherry,11.9416,79.8083,56.4,33.3,46.1,23.2,8.6,3.88,4,1.0,4,2024
2024-04-04,Lucknow,26.8467,80.9462,123.1,78.2,112.3,35.7,13.0,6.15,4,1.0,4,2024
2024-04-04,Patna,25.5941,85.1376,256.4,144.8,224.6,65.6,27.9,12.27,4,1.0,4,2024
2024-04-04,Ahmedabad,23.0225,72.5714,158.2,86.9,154.1,44.0,17.1,8.32,4,1.0,4,2024
2024-04-05,Delhi,28.6139,77.209,404.2,238.5,356.5,105.3,42.4,19.02,4,1.0,4,2024
2024-04-05,Mumbai,19.076,72.8777,118.7,79.7,110.1,32.8,9.6,6.59,4,1.0,4,2024
2024-04-05,Chennai,13.0827,80.2707,54.5,22.8,54.9,19.4,4.9,2.18,4,1.0,4,2024
2024-04-05,Kolkata,22.5726,88.3639,265.5,158.3,238.4,73.2,25.8,12.62,4,1.0,4,2024
2024-04-05,Bengaluru,12.9716,77.5946,124.5,71.1,110.9,25.8,12.8,6.29,4,1.0,4,2024
2024-04-05,Hyderabad,17.385,78.4867,153.9,96.6,142.9,40.1,15.2,8.3,4,1.0,4,2024
2024-04-05,Puducherry,11.9416,79.8083,52.8,19.9,56.8,15.9,5.0,3.71,4,1.0,4,2024
2024-04-05,Lucknow,26.8467,80.9462,172.5,100.0,148.5,45.4,14.1,7.86,4,1.0,4,2024
2024-04-05,Patna,25.5941,85.1376,260.3,150.2,229.0,56.2,27.2,12.33,4,1.0,4,2024
2024-04-05,Ahmedabad,23.0225,72.5714,110.5,59.8,96.1,21.3,14.9,3.14,4,1.0,4,2024
2024-04-06,Delhi,28.6139,77.209,244.0,146.9,213.4,61.8,22.8,13.73,4,1.0,4,2024
2024-04-06,Mumbai,19.076,72.8777,95.2,45.4,75.3,25.3,9.3,5.51,4,1.0,4,2024
2024-04-06,Chennai,13.0827,80.2707,102.5,58.3,88.3,24.1,14.0,5.82,4,1.0,4,2024
2024-04-06,Kolkata,22.5726,88.3639,274.6,169.0,246.6,64.6,27.9,13.67,4,1.0,4,2024
2024-04-06,Bengaluru,12.9716,77.5946,97.2,57.3,71.1,29.3,9.6,3.45,4,1.0,4,2024
2024-04-06,Hyderabad,17.385,78.4867,136.9,77.9,127.7,37.8,15.7,6.68,4,1.0,4,2024
2024-04-06,Puducherry,11.9416,79.8083,66.7,36.9,54.2,16.6,6.3,2.51,4,1.0,4,2024
2024-04-06,Lucknow,26.8467,80.9462,145.7,86.9,127.7,31.9,16.2,9.06,4,1.0,4,2024
2024-04-06,Patna,25.5941,85.1376,307.4,180.8,276.3,83.0,28.4,16.15,4,1.0,4,2024
2024-04-06,Ahmedabad,23.0225,72.5714,94.8,65.3,81.9,32.6,12.9,4.63,4,1.0,4,2024
2024-04-07,Delhi,28.6139,77.209,222.4,134.4,198.7,54.0,18.9,10.61,4,1.0,4,2024
2024-04-07,Mumbai,19.076,72.8777,95.6,60.1,94.0,26.9,10.2,3.93,4,1.0,4,2024
2024-04-07,Chennai,13.0827,80.2707,95.1,61.0,80.9,24.3,9.2,6.42,4,1.0,4,2024
2024-04-07,Kolkata,22.5726,88.3639,222.6,136.6,186.6,56.3,21.9,10.97,4,1.0,4,2024
2024-04-07,Bengaluru,12.9716,77.5946,53.1,26.4,47.2,17.7,4.1,2.26,4,1.0,4,2024
2024-04-07,Hyderabad,17.385,78.4867,182.3,107.9,163.0,45.1,15.5,9.69,4,1.0,4,2024
2024-04-07,Puducherry,11.9416,79.8083,61.9,37.0,59.3,23.2,3.6,3.96,4,1.0,4,2024
2024-04-07,Lucknow,26.8467,80.9462,276.5,162.7,253.6,75.7,26.1,14.07,4,1.0,4,2024
2024-04-07,Patna,25.5941,85.1376,268.3,163.7,247.6,67.7,27.9,12.5,4,1.0,4,2024
2024-04-07,Ahmedabad,23.0225,72.5714,167.4,98.1,140.8,39.8,17.3,8.81,4,1.0,4,2024
2024-04-08,Delhi,28.6139,77.209,178.5,102.4,166.4,46.7,19.6,10.29,4,1.0,4,2024
2024-04-08,Mumbai,19.076,72.8777,161.5,94.8,146.3,47.0,21.7,8.54,4,1.0,4,2024
2024-04-08,Chennai,13.0827,80.2707,103.4,65.7,93.3,30.5,12.4,5.52,4,1.0,4,2024
2024-04-08,Kolkata,22.5726,88.3639,164.1,90.9,153.5,41.9,14.9,7.08,4,1.0,4,2024
2024-04-08,Bengaluru,12.9716,77.5946,119.8,63.9,110.2,33.3,13.1,5.6,4,1.0,4,2024
2024-04-08,Hyderabad,17.385,78.4867,76.3,48.7,78.3,16.8,8.6,5.4,4,1.0,4,2024
2024-04-08,Puducherry,11.9416,79.8083,81.8,47.1,81.9,17.5,5.6,4.9,4,1.0,4,2024
2024-04-08,Lucknow,26.8467,80.9462,193.6,114.6,169.2,46.5,22.2,11.34,4,1.0,4,2024
2024-04-08,Patna,25.5941,85.1376,365.6,224.8,332.8,85.7,36.2,20.44,4,1.0,4,2024
2024-04-08,Ahmedabad,23.0225,72.5714,140.4,91.8,126.8,24.4,15.3,8.29,4,1.0,4,2024
2024-04-09,Delhi,28.6139,77.209,276.1,171.8,235.1,63.5,28.0,14.28,4,1.0,4,2024
2024-04-09,Mumbai,19.076,72.8777,194.3,119.8,165.3,49.4,20.6,7.84,4,1.0,4,2024
2024-04-09,Chennai,13.0827,80.2707,88.9,51.7,74.8,24.2,6.6,4.86,4,1.0,4,2024
2024-04-09,Kolkata,22.5726,88.3639,208.0,130.2,178.2,46.0,21.4,10.11,4,1.0,4,2024
2024-04-09,Bengaluru,12.9716,77.5946,187.1,114.6,168.9,46.1,16.3,9.92,4,1.0,4,2024
2024-04-09,Hyderabad,17.385,78.4867,117.2,69.9,106.2,30.2,8.2,6.7,4,1.0,4,2024
2024-04-09,Puducherry,11.9416,79.8083,58.1,34.2,62.6,21.6,2.4,2.94,4,1.0,4,2024
2024-04-09,Lucknow,26.8467,80.9462,237.7,135.1,220.4,59.9,24.2,10.97,4,1.0,4,2024
2024-04-09,Patna,25.5941,85.1376,268.9,165.5,243.0,65.2,26.0,13.67,4,1.0,4,2024
2024-04-09,Ahmedabad,23.0225,72.5714,162.2,101.8,142.1,35.7,16.9,7.63,4,1.0,4,2024
2024-04-10,Delhi,28.6139,77.209,342.7,205.7,313.7,81.6,34.6,16.44,4,1.0,4,2024
2024-04-10,Mumbai,19.076,72.8777,91.2,50.4,77.7,27.8,8.0,3.29,4,1.0,4,2024
2024-04-10,Chennai,13.0827,80.2707,93.3,56.1,80.0,22.7,11.3,5.34,4,1.0,4,2024
2024-04-10,Kolkata,22.5726,88.3639,209.2,119.6,211.4,56.5,22.0,9.3,4,1.0,4,2024
2024-04-10,Bengaluru,12.9716,77.5946,128.4,74.5,114.0,25.4,10.4,6.86,4,1.0,4,2024
2024-04-10,Hyderabad,17.385,78.4867,155.2,96.5,144.9,38.5,14.7,8.05,4,1.0,4,2024
2024-04-10,Puducherry,11.9416,79.8083,91.4,54.9,91.9,22.0,7.2,4.56,4,1.0,4,2024
2024-04-10,Lucknow,26.8467,80.9462,226.9,135.7,214.5,59.9,19.8,12.88,4,1.0,4,2024
2024-04-10,Patna,25.5941,85.1376,48.1,39.6,41.0,11.3,4.7,2.79,4,1.0,4,2024
2024-04-10,Ahmedabad,23.0225,72.5714,160.0,95.3,154.5,42.3,14.1,8.74,4,1.0,4,2024
2024-04-11,Delhi,28.6139,77.209,321.9,190.4,296.0,79.8,31.7,15.85,4,1.0,4,2024
2024-04-11,Mumbai,19.076,72.8777,42.9,23.1,44.3,10.6,1.7,3.11,4,1.0,4,2024
2024-04-11,Chennai,13.0827,80.2707,82.5,43.4,91.9,16.4,10.0,3.36,4,1.0,4,2024
2024-04-11,Kolkata,22.5726,88.3639,186.8,107.6,158.2,48.8,19.5,10.48,4,1.0,4,2024
2024-04-11,Bengaluru,12.9716,77.5946,99.0,70.5,91.2,27.0,7.2,4.34,4,1.0,4,2024
2024-04-11,Hyderabad,17.385,78.4867,138.2,82.5,125.9,31.3,14.1,7.03,4,1.0,4,2024
2024-04-11,Puducherry,11.9416,79.8083,51.4,34.1,32.7,13.6,8.7,3.25,4,1.0,4,2024
2024-04-11,Lucknow,26.8467,80.9462,263.8,153.8,251.6,71.5,24.7,12.72,4,1.0,4,2024
2024-04-11,Patna,25.5941,85.1376,327.8,205.7,284.9,77.9,32.5,14.22,4,1.0,4,2024
2024-04-11,Ahmedabad,23.0225,72.5714,160.9,102.5,133.3,40.7,14.9,9.68,4,1.0,4,2024
2024-04-12,Delhi,28.6139,77.209,234.4,148.2,206.2,61.7,23.9,11.58,4,1.0,4,2024
2024-04-12,Mumbai,19.076,72.8777,108.4,66.7,94.0,24.3,13.8,5.97,4,1.0,4,2024
2024-04-12,Chennai,13.0827,80.2707,106.1,61.7,94.0,25.5,11.3,5.95,4,1.0,4,2024
2024-04-12,Kolkata,22.5726,88.3639,178.5,103.1,166.7,44.8,15.0,6.79,4,1.0,4,2024
2024-04-12,Bengaluru,12.9716,77.5946,108.9,61.2,101.5,24.1,11.2,5.07,4,1.0,4,2024
2024-04-12,Hyderabad,17.385,78.4867,181.3,113.5,173.9,45.4,19.8,9.16,4,1.0,4,2024
2024-04-12,Puducherry,11.9416,79.8083,104.4,62.3,82.8,18.1,13.8,5.7,4,1.0,4,2024
2024-04-12,Lucknow,26.8467,80.9462,255.4,160.7,216.6,62.4,25.1,13.51,4,1.0,4,2024
2024-04-12,Patna,25.5941,85.1376,191.5,108.9,162.7,52.5,17.7,9.02,4,1.0,4,2024
2024-04-12,Ahmedabad,23.0225,72.5714,188.6,109.7,156.1,40.8,18.7,9.93,4,1.0,4,2024
2024-04-13,Delhi,28.6139,77.209,263.8,160.4,224.5,59.8,30.9,14.42,4,1.0,4,2024
2024-04-13,Mumbai,19.076,72.8777,170.8,99.2,151.8,42.7,19.7,8.94,4,1.0,4,2024
2024-04-13,Chennai,13.0827,80.2707,103.1,61.0,99.1,27.0,10.4,4.41,4,1.0,4,2024
2024-04-13,Kolkata,22.5726,88.3639,174.3,99.2,156.5,43.9,12.6,8.48,4,1.0,4,2024
2024-04-13,Bengaluru,12.9716,77.5946,64.7,41.3,63.3,14.5,7.6,3.83,4,1.0,4,2024
2024-04-13,Hyderabad,17.385,78.4867,112.0,74.9,95.0,33.9,10.7,4.76,4,1.0,4,2024
2024-04-13,Puducherry,11.9416,79.8083,68.0,35.3,67.5,10.6,9.6,2.46,4,1.0,4,2024
2024-04-13,Lucknow,26.8467,80.9462,274.4,164.8,249.1,66.2,28.1,13.85,4,1.0,4,2024
2024-04-13,Patna,25.5941,85.1376,137.9,77.9,119.8,31.5,16.3,6.9,4,1.0,4,2024
2024-04-13,Ahmedabad,23.0225,72.5714,125.0,72.5,108.5,30.1,10.3,5.44,4,1.0,4,2024
2024-04-14,Delhi,28.6139,77.209,341.3,205.7,306.0,85.3,34.0,16.86,4,1.0,4,2024
2024-04-14,Mumbai,19.076,72.8777,160.7,98.6,132.1,39.6,13.1,8.67,4,1.0,4,2024
2024-04-14,Chennai,13.0827,80.2707,109.2,62.5,97.3,18.9,12.9,6.17,4,1.0,4,2024
2024-04-14,Kolkata,22.5726,88.3639,237.5,149.9,204.0,62.9,26.7,10.38,4,1.0,4,2024
2024-04-14,Bengaluru,12.9716,77.5946,94.9,55.1,92.3,14.1,13.1,4.63,4,1.0,4,2024
2024-04-14,Hyderabad,17.385,78.4867,152.1,91.0,140.8,28.7,14.4,8.45,4,1.0,4,2024
2024-04-14,Puducherry,11.9416,79.8083,80.8,40.3,73.2,16.9,6.3,2.52,4,1.0,4,2024
2024-04-14,Lucknow,26.8467,80.9462,260.2,161.7,251.1,59.2,27.6,13.84,4,1.0,4,2024
2024-04-14,Patna,25.5941,85.1376,199.4,115.1,170.8,47.7,20.3,11.33,4,1.0,4,2024
2024-04-14,Ahmedabad,23.0225,72.5714,209.7,117.7,182.4,57.6,19.5,10.43,4,1.0,4,2024
2024-04-15,Delhi,28.6139,77.209,143.6,91.9,113.9,29.3,16.5,9.1,4,1.0,4,2024
2024-04-15,Mumbai,19.076,72.8777,128.4,76.8,122.8,33.3,12.1,5.93,4,1.0,4,2024
2024-04-15,Chennai,13.0827,80.2707,50.8,31.6,45.0,10.9,3.1,1.64,4,1.0,4,2024
2024-04-15,Kolkata,22.5726,88.3639,210.9,130.9,187.2,51.0,19.4,11.48,4,1.0,4,2024
2024-04-15,Bengaluru,12.9716,77.5946,100.9,62.4,93.7,24.0,7.8,4.05,4,1.0,4,2024
2024-04-15,Hyderabad,17.385,78.4867,159.5,92.1,140.3,35.3,13.5,7.21,4,1.0,4,2024
2024-04-15,Puducherry,11.9416,79.8083,108.8,68.6,93.7,31.5,10.6,6.79,4,1.0,4,2024
2024-04-15,Lucknow,26.8467,80.9462,363.8,223.4,328.2,93.7,36.4,16.35,4,1.0,4,2024
2024-04-15,Patna,25.5941,85.1376,194.2,111.8,169.4,55.7,21.7,10.15,4,1.0,4,2024
2024-04-15,Ahmedabad,23.0225,72.5714,196.6,108.5,182.8,52.9,15.2,10.6,4,1.0,4,2024
2024-04-16,Delhi,28.6139,77.209,166.1,89.8,160.1,37.5,15.2,9.29,4,1.0,4,2024
2024-04-16,Mumbai,19.076,72.8777,127.8,75.8,113.4,33.3,12.3,6.5,4,1.0,4,2024
2024-04-16,Chennai,13.0827,80.2707,77.4,48.2,72.2,26.9,7.0,3.69,4,1.0,4,2024
2024-04-16,Kolkata,22.5726,88.3639,191.9,120.0,164.0,48.4,14.2,9.32,4,1.0,4,2024
2024-04-16,Bengaluru,12.9716,77.5946,132.2,75.7,120.4,30.9,11.5,7.58,4,1.0,4,2024
2024-04-16,Hyderabad,17.385,78.4867,83.4,51.5,77.5,17.4,8.7,3.24,4,1.0,4,2024
2024-04-16,Puducherry,11.9416,79.8083,85.4,44.7,74.1,20.3,10.8,4.41,4,1.0,4,2024
2024-04-16,Lucknow,26.8467,80.9462,282.1,172.0,258.3,69.2,30.3,13.75,4,1.0,4,2024
2024-04-16,Patna,25.5941,85.1376,118.9,70.3,110.6,23.3,10.1,4.71,4,1.0,4,2024
2024-04-16,Ahmedabad,23.0225,72.5714,195.4,125.6,174.2,51.0,20.6,11.32,4,1.0,4,2024
2024-04-17,Delhi,28.6139,77.209,227.8,135.6,202.3,57.3,27.8,11.42,4,1.0,4,2024
2024-04-17,Mumbai,19.076,72.8777,105.8,57.7,105.2,23.0,11.9,4.61,4,1.0,4,2024
2024-04-17,Chennai,13.0827,80.2707,58.3,38.0,47.4,16.3,6.8,3.46,4,1.0,4,2024
2024-04-17,Kolkata,22.5726,88.3639,166.6,103.4,142.6,31.8,18.1,8.5,4,1.0,4,2024
2024-04-17,Bengaluru,12.9716,77.5946,81.7,41.7,57.2,20.6,11.5,3.95,4,1.0,4,2024
2024-04-17,Hyderabad,17.385,78.4867,107.4,64.3,114.1,29.9,8.9,5.4,4,1.0,4,2024
2024-04-17,Puducherry,11.9416,79.8083,81.6,43.7,79.5,17.1,5.1,4.16,4,1.0,4,2024
2024-04-17,Lucknow,26.8467,80.9462,214.7,128.8,187.1,51.2,23.7,11.18,4,1.0,4,2024
2024-04-17,Patna,25.5941,85.1376,173.0,94.0,148.4,43.9,16.0,7.94,4,1.0,4,2024
2024-04-17,Ahmedabad,23.0225,72.5714,133.5,79.7,126.4,33.4,13.5,6.45,4,1.0,4,2024
2024-04-18,Delhi,28.6139,77.209,240.1,148.5,222.0,68.2,25.2,11.51,4,1.0,4,2024
2024-04-18,Mumbai,19.076,72.8777,103.8,67.0,86.9,29.2,8.9,5.54,4,1.0,4,2024
2024-04-18,Chennai,13.0827,80.2707,63.5,42.0,47.3,17.0,6.0,3.28,4,1.0,4,2024
2024-04-18,Kolkata,22.5726,88.3639,160.2,94.0,145.4,36.0,14.0,7.65,4,1.0,4,2024
2024-04-18,Bengaluru,12.9716,77.5946,88.1,47.8,86.7,20.7,8.4,3.08,4,1.0,4,2024
2024-04-18,Hyderabad,17.385,78.4867,192.5,127.6,167.0,53.0,19.1,11.23,4,1.0,4,2024
2024-04-18,Puducherry,11.9416,79.8083,81.7,49.5,53.5,16.9,8.2,4.28,4,1.0,4,2024
2024-04-18,Lucknow,26.8467,80.9462,141.0,81.0,131.3,29.7,14.4,8.29,4,1.0,4,2024
2024-04-18,Patna,25.5941,85.1376,267.0,161.9,224.1,63.5,30.8,12.75,4,1.0,4,2024
2024-04-18,Ahmedabad,23.0225,72.5714,216.9,127.1,193.0,56.3,21.9,11.23,4,1.0,4,2024
2024-04-19,Delhi,28.6139,77.209,214.5,123.0,186.0,51.5,21.0,11.76,4,1.0,4,2024
2024-04-19,Mumbai,19.076,72.8777,143.5,88.5,130.3,31.4,14.4,7.31,4,1.0,4,2024
2024-04-19,Chennai,13.0827,80.2707,109.0,60.1,81.8,28.0,11.6,5.27,4,1.0,4,2024
2024-04-19,Kolkata,22.5726,88.3639,181.4,113.2,159.6,44.2,18.3,7.85,4,1.0,4,2024
2024-04-19,Bengaluru,12.9716,77.5946,95.4,56.9,99.0,22.7,9.9,5.69,4,1.0,4,2024
2024-04-19,Hyderabad,17.385,78.4867,90.7,61.3,95.7,22.6,8.0,6.16,4,1.0,4,2024
2024-04-19,Puducherry,11.9416,79.8083,90.9,54.9,93.2,28.0,8.4,4.79,4,1.0,4,2024
2024-04-19,Lucknow,26.8467,80.9462,257.5,154.6,220.6,60.6,23.0,13.37,4,1.0,4,2024
2024-04-19,Patna,25.5941,85.1376,157.1,95.2,156.0,45.0,12.0,6.58,4,1.0,4,2024
2024-04-19,Ahmedabad,23.0225,72.5714,125.1,69.2,99.4,31.2,13.9,7.21,4,1.0,4,2024
2024-04-20,Delhi,28.6139,77.209,242.0,143.8,220.6,60.1,25.8,12.53,4,1.0,4,2024
2024-04-20,Mumbai,19.076,72.8777,124.9,65.7,124.4,28.5,13.2,4.33,4,1.0,4,2024
2024-04-20,Chennai,13.0827,80.2707,89.7,54.3,81.9,34.5,7.7,5.31,4,1.0,4,2024
2024-04-20,Kolkata,22.5726,88.3639,206.2,120.3,192.0,50.9,22.4,12.27,4,1.0,4,2024
2024-04-20,Bengaluru,12.9716,77.5946,104.5,61.3,102.5,31.7,8.7,4.77,4,1.0,4,2024
2024-04-20,Hyderabad,17.385,78.4867,143.6,85.5,121.6,38.1,15.7,6.85,4,1.0,4,2024
2024-04-20,Puducherry,11.9416,79.8083,76.2,42.8,59.8,17.1,7.8,2.33,4,1.0,4,2024
2024-04-20,Lucknow,26.8467,80.9462,192.4,115.9,182.7,46.8,16.7,9.41,4,1.0,4,2024
2024-04-20,Patna,25.5941,85.1376,200.3,122.9,177.6,39.2,27.4,10.16,4,1.0,4,2024
2024-04-20,Ahmedabad,23.0225,72.5714,164.0,90.7,135.9,40.6,17.1,8.9,4,1.0,4,2024
2024-04-21,Delhi,28.6139,77.209,299.0,173.5,249.1,74.3,28.8,13.69,4,1.0,4,2024
2024-04-21,Mumbai,19.076,72.8777,173.1,96.0,160.7,37.6,17.6,9.59,4,1.0,4,2024
2024-04-21,Chennai,13.0827,80.2707,81.6,57.4,88.8,21.3,9.2,5.14,4,1.0,4,2024
2024-04-21,Kolkata,22.5726,88.3639,207.2,126.5,182.3,45.1,17.9,12.74,4,1.0,4,2024
2024-04-21,Bengaluru,12.9716,77.5946,109.7,64.6,108.8,24.4,12.1,5.56,4,1.0,4,2024
2024-04-21,Hyderabad,17.385,78.4867,136.1,80.0,114.8,30.7,12.0,6.8,4,1.0,4,2024
2024-04-21,Puducherry,11.9416,79.8083,43.9,20.1,40.6,10.5,4.8,2.15,4,1.0,4,2024
2024-04-21,Lucknow,26.8467,80.9462,383.7,230.9,342.3,96.3,40.4,19.14,4,1.0,4,2024
2024-04-21,Patna,25.5941,85.1376,287.9,174.7,256.8,72.4,32.0,14.64,4,1.0,4,2024
2024-04-21,Ahmedabad,23.0225,72.5714,115.6,67.8,87.1,29.4,14.2,4.44,4,1.0,4,2024
2024-04-22,Delhi,28.6139,77.209,292.0,180.1,271.5,78.1,25.5,15.1,4,1.0,4,2024
2024-04-22,Mumbai,19.076,72.8777,79.8,42.9,78.4,20.6,9.4,3.06,4,1.0,4,2024
2024-04-22,Chennai,13.0827,80.2707,126.8,79.5,121.2,27.4,15.0,6.02,4,1.0,4,2024
2024-04-22,Kolkata,22.5726,88.3639,149.4,92.8,139.1,34.0,19.1,9.28,4,1.0,4,2024
2024-04-22,Bengaluru,12.9716,77.5946,118.2,73.1,109.0,23.4,12.0,6.01,4,1.0,4,2024
2024-04-22,Hyderabad,17.385,78.4867,99.8,58.3,70.8,20.6,11.8,6.72,4,1.0,4,2024
2024-04-22,Puducherry,11.9416,79.8083,56.1,34.6,59.3,11.9,7.0,2.77,4,1.0,4,2024
2024-04-22,Lucknow,26.8467,80.9462,297.4,172.0,258.8,75.5,29.9,14.81,4,1.0,4,2024
2024-04-22,Patna,25.5941,85.1376,280.3,163.5,241.3,68.1,27.3,13.73,4,1.0,4,2024
2024-04-22,Ahmedabad,23.0225,72.5714,217.1,134.1,199.7,55.2,20.8,10.0,4,1.0,4,2024
2024-04-23,Delhi,28.6139,77.209,184.2,107.0,165.4,41.4,18.8,9.02,4,1.0,4,2024
2024-04-23,Mumbai,19.076,72.8777,124.1,80.3,92.0,29.5,7.7,6.44,4,1.0,4,2024
2024-04-23,Chennai,13.0827,80.2707,109.1,58.7,88.4,20.5,11.0,5.11,4,1.0,4,2024
2024-04-23,Kolkata,22.5726,88.3639,166.1,97.8,141.7,46.1,17.2,7.12,4,1.0,4,2024
2024-04-23,Bengaluru,12.9716,77.5946,79.0,43.0,82.3,22.6,7.6,5.66,4,1.0,4,2024
2024-04-23,Hyderabad,17.385,78.4867,170.8,101.3,150.4,41.3,15.2,10.27,4,1.0,4,2024
2024-04-23,Puducherry,11.9416,79.8083,54.9,37.3,54.9,12.5,9.1,1.19,4,1.0,4,2024
2024-04-23,Lucknow,26.8467,80.9462,214.8,126.4,201.0,55.1,18.0,11.98,4,1.0,4,2024
2024-04-23,Patna,25.5941,85.1376,274.0,159.2,243.8,63.3,27.1,13.85,4,1.0,4,2024
2024-04-23,Ahmedabad,23.0225,72.5714,144.9,84.7,117.5,37.6,10.6,7.28,4,1.0,4,2024
2024-04-24,Delhi,28.6139,77.209,136.1,81.9,122.4,35.6,15.3,7.85,4,1.0,4,2024
2024-04-24,Mumbai,19.076,72.8777,75.6,45.1,84.1,19.4,5.9,3.7,4,1.0,4,2024
2024-04-24,Chennai,13.0827,80.2707,80.4,42.4,79.3,22.4,5.4,3.93,4,1.0,4,2024
2024-04-24,Kolkata,22.5726,88.3639,151.7,83.0,125.2,32.9,15.1,7.13,4,1.0,4,2024
2024-04-24,Bengaluru,12.9716,77.5946,71.2,40.8,70.1,19.2,9.1,3.33,4,1.0,4,2024
2024-04-24,Hyderabad,17.385,78.4867,176.1,107.4,154.6,44.4,15.1,8.5,4,1.0,4,2024
2024-04-24,Puducherry,11.9416,79.8083,83.6,53.2,72.0,31.8,8.0,2.5,4,1.0,4,2024
2024-04-24,Lucknow,26.8467,80.9462,298.9,182.4,270.9,72.9,30.7,16.56,4,1.0,4,2024
2024-04-24,Patna,25.5941,85.1376,254.1,145.1,201.1,65.1,23.4,12.61,4,1.0,4,2024
2024-04-24,Ahmedabad,23.0225,72.5714,123.6,69.8,105.1,28.2,13.9,6.75,4,1.0,4,2024
2024-04-25,Delhi,28.6139,77.209,183.4,104.7,168.1,50.1,20.4,8.17,4,1.0,4,2024
2024-04-25,Mumbai,19.076,72.8777,179.6,98.9,160.0,46.8,13.8,11.07,4,1.0,4,2024
2024-04-25,Chennai,13.0827,80.2707,123.2,77.2,103.2,30.5,13.9,5.04,4,1.0,4,2024
2024-04-25,Kolkata,22.5726,88.3639,171.0,107.2,141.9,44.1,13.6,7.61,4,1.0,4,2024
2024-04-25,Bengaluru,12.9716,77.5946,84.9,53.5,70.8,21.7,7.1,3.71,4,1.0,4,2024
2024-04-25,Hyderabad,17.385,78.4867,163.8,92.5,153.5,40.9,15.2,6.97,4,1.0,4,2024
2024-04-25,Puducherry,11.9416,79.8083,52.1,27.6,45.7,15.4,4.6,2.37,4,1.0,4,2024
2024-04-25,Lucknow,26.8467,80.9462,214.5,131.1,198.2,48.1,20.9,11.95,4,1.0,4,2024
2024-04-25,Patna,25.5941,85.1376,147.9,89.1,131.7,34.7,18.0,7.43,4,1.0,4,2024
2024-04-25,Ahmedabad,23.0225,72.5714,228.0,136.8,208.9,54.7,21.7,11.81,4,1.0,4,2024
2024-04-26,Delhi,28.6139,77.209,314.2,191.5,285.8,73.2,29.8,16.56,4,1.0,4,2024
2024-04-26,Mumbai,19.076,72.8777,61.7,38.5,54.6,18.8,7.0,2.42,4,1.0,4,2024
2024-04-26,Chennai,13.0827,80.2707,72.3,40.8,69.7,8.9,7.5,2.73,4,1.0,4,2024
2024-04-26,Kolkata,22.5726,88.3639,189.5,115.4,157.3,46.5,19.3,9.56,4,1.0,4,2024
2024-04-26,Bengaluru,12.9716,77.5946,96.3,51.7,78.1,18.6,10.7,4.7,4,1.0,4,2024
2024-04-26,Hyderabad,17.385,78.4867,118.2,62.4,106.1,32.1,8.1,5.37,4,1.0,4,2024
2024-04-26,Puducherry,11.9416,79.8083,43.6,24.1,32.0,12.4,4.7,3.47,4,1.0,4,2024
2024-04-26,Lucknow,26.8467,80.9462,216.5,131.6,190.4,49.7,23.3,12.07,4,1.0,4,2024
2024-04-26,Patna,25.5941,85.1376,289.4,174.3,252.7,76.9,30.1,16.49,4,1.0,4,2024
2024-04-26,Ahmedabad,23.0225,72.5714,108.1,69.2,101.7,25.7,13.5,5.81,4,1.0,4,2024
2024-04-27,Delhi,28.6139,77.209,205.0,122.4,176.9,49.4,21.9,11.24,4,1.0,4,2024
2024-04-27,Mumbai,19.076,72.8777,148.8,85.5,137.0,40.1,10.9,7.56,4,1.0,4,2024
2024-04-27,Chennai,13.0827,80.2707,85.2,55.9,79.8,23.2,7.6,4.26,4,1.0,4,2024
2024-04-27,Kolkata,22.5726,88.3639,227.2,136.0,205.9,50.7,22.6,9.35,4,1.0,4,2024
2024-04-27,Bengaluru,12.9716,77.5946,84.5,51.0,82.2,17.1,9.2,5.69,4,1.0,4,2024
2024-04-27,Hyderabad,17.385,78.4867,97.6,50.8,90.2,19.6,8.1,5.8,4,1.0,4,2024
2024-04-27,Puducherry,11.9416,79.8083,112.5,62.5,95.4,26.4,10.2,7.56,4,1.0,4,2024
2024-04-27,Lucknow,26.8467,80.9462,185.5,109.4,179.9,48.7,20.5,8.37,4,1.0,4,2024
2024-04-27,Patna,25.5941,85.1376,202.9,116.5,189.0,55.6,19.1,9.78,4,1.0,4,2024
2024-04-27,Ahmedabad,23.0225,72.5714,145.6,79.6,125.6,39.5,12.8,7.37,4,1.0,4,2024
2024-04-28,Delhi,28.6139,77.209,175.4,104.5,153.4,39.0,19.1,9.62,4,1.0,4,2024
2024-04-28,Mumbai,19.076,72.8777,101.2,59.6,91.4,18.0,7.3,6.35,4,1.0,4,2024
2024-04-28,Chennai,13.0827,80.2707,63.4,44.3,46.3,18.5,5.7,3.0,4,1.0,4,2024
2024-04-28,Kolkata,22.5726,88.3639,272.8,157.4,250.3,70.4,34.0,12.56,4,1.0,4,2024
2024-04-28,Bengaluru,12.9716,77.5946,81.2,52.8,71.5,18.4,10.0,3.79,4,1.0,4,2024
2024-04-28,Hyderabad,17.385,78.4867,88.8,56.9,82.9,20.9,8.2,3.53,4,1.0,4,2024
2024-04-28,Puducherry,11.9416,79.8083,89.5,51.9,74.4,17.2,9.7,3.97,4,1.0,4,2024
2024-04-28,Lucknow,26.8467,80.9462,89.2,47.5,78.4,21.5,8.4,4.08,4,1.0,4,2024
2024-04-28,Patna,25.5941,85.1376,136.7,77.6,132.5,38.3,14.8,7.32,4,1.0,4,2024
2024-04-28,Ahmedabad,23.0225,72.5714,200.7,114.8,180.9,45.7,17.9,10.4,4,1.0,4,2024
2024-04-29,Delhi,28.6139,77.209,355.7,212.5,333.3,89.8,34.0,16.7,4,1.0,4,2024
2024-04-29,Mumbai,19.076,72.8777,180.7,109.1,168.0,34.5,18.6,8.52,4,1.0,4,2024
2024-04-29,Chennai,13.0827,80.2707,55.2,32.8,58.4,22.9,6.0,2.05,4,1.0,4,2024
2024-04-29,Kolkata,22.5726,88.3639,141.5,89.7,119.4,37.9,14.7,7.26,4,1.0,4,2024
2024-04-29,Bengaluru,12.9716,77.5946,53.0,30.0,36.0,10.9,7.1,3.88,4,1.0,4,2024
2024-04-29,Hyderabad,17.385,78.4867,127.5,73.6,127.5,29.5,10.5,7.07,4,1.0,4,2024
2024-04-29,Puducherry,11.9416,79.8083,84.2,47.8,76.6,22.8,8.8,4.67,4,1.0,4,2024
2024-04-29,Lucknow,26.8467,80.9462,187.1,114.9,168.5,44.9,18.2,9.26,4,1.0,4,2024
2024-04-29,Patna,25.5941,85.1376,138.8,80.1,125.4,29.3,12.6,9.32,4,1.0,4,2024
2024-04-29,Ahmedabad,23.0225,72.5714,109.2,63.6,91.6,26.8,9.3,5.22,4,1.0,4,2024
2024-04-30,Delhi,28.6139,77.209,222.5,138.8,200.9,51.6,23.9,10.17,4,1.0,4,2024
2024-04-30,Mumbai,19.076,72.8777,77.4,46.4,84.9,12.0,5.1,4.62,4,1.0,4,2024
2024-04-30,Chennai,13.0827,80.2707,73.9,47.4,59.8,19.0,10.9,2.5,4,1.0,4,2024
2024-04-30,Kolkata,22.5726,88.3639,231.2,142.1,196.2,60.0,23.3,11.65,4,1.0,4,2024
2024-04-30,Bengaluru,12.9716,77.5946,110.1,64.3,99.7,28.5,12.5,3.98,4,1.0,4,2024
2024-04-30,Hyderabad,17.385,78.4867,165.2,93.3,154.8,41.6,14.0,8.79,4,1.0,4,2024
2024-04-30,Puducherry,11.9416,79.8083,56.1,39.0,44.8,8.0,8.7,2.99,4,1.0,4,2024
2024-04-30,Lucknow,26.8467,80.9462,276.4,161.6,233.6,75.8,27.6,14.31,4,1.0,4,2024
2024-04-30,Patna,25.5941,85.1376,286.0,169.9,259.2,77.9,28.5,15.24,4,1.0,4,2024
2024-04-30,Ahmedabad,23.0225,72.5714,70.4,47.9,51.2,21.6,7.8,3.42,4,1.0,4,2024
2024-05-01,Delhi,28.6139,77.209,272.0,161.9,238.2,67.2,31.6,14.9,5,1.0,5,2024
2024-05-01,Mumbai,19.076,72.8777,105.2,64.5,95.4,25.7,8.5,5.71,5,1.0,5,2024
2024-05-01,Chennai,13.0827,80.2707,111.2,62.6,115.7,33.9,12.2,4.33,5,1.0,5,2024
2024-05-01,Kolkata,22.5726,88.3639,200.1,121.5,184.2,56.4,19.7,12.05,5,1.0,5,2024
2024-05-01,Bengaluru,12.9716,77.5946,112.2,65.9,120.2,31.4,10.3,5.69,5,1.0,5,2024
2024-05-01,Hyderabad,17.385,78.4867,142.2,84.6,129.1,32.3,10.8,7.22,5,1.0,5,2024
2024-05-01,Puducherry,11.9416,79.8083,77.8,49.3,65.4,14.1,5.8,4.95,5,1.0,5,2024
2024-05-01,Lucknow,26.8467,80.9462,176.7,103.8,156.5,41.7,16.3,7.96,5,1.0,5,2024
2024-05-01,Patna,25.5941,85.1376,338.0,206.2,314.2,90.3,29.1,17.24,5,1.0,5,2024
2024-05-01,Ahmedabad,23.0225,72.5714,133.6,85.7,114.3,29.2,10.5,6.38,5,1.0,5,2024
2024-05-02,Delhi,28.6139,77.209,353.2,213.2,308.3,96.9,36.6,18.44,5,1.0,5,2024
2024-05-02,Mumbai,19.076,72.8777,191.4,106.6,165.0,51.1,17.5,9.29,5,1.0,5,2024
2024-05-02,Chennai,13.0827,80.2707,88.1,46.5,76.4,25.7,10.3,5.52,5,1.0,5,2024
2024-05-02,Kolkata,22.5726,88.3639,230.5,140.3,210.1,58.6,21.8,10.5,5,1.0,5,2024
2024-05-02,Bengaluru,12.9716,77.5946,79.3,45.9,66.1,21.5,8.3,4.27,5,1.0,5,2024
2024-05-02,Hyderabad,17.385,78.4867,132.3,85.4,119.0,37.1,14.3,7.74,5,1.0,5,2024
2024-05-02,Puducherry,11.9416,79.8083,107.3,67.3,97.4,27.2,9.8,4.86,5,1.0,5,2024
2024-05-02,Lucknow,26.8467,80.9462,278.6,162.3,263.7,69.0,33.6,13.24,5,1.0,5,2024
2024-05-02,Patna,25.5941,85.1376,257.5,152.7,225.4,68.6,23.5,12.2,5,1.0,5,2024
2024-05-02,Ahmedabad,23.0225,72.5714,186.4,115.6,156.6,48.9,18.9,8.4,5,1.0,5,2024
2024-05-03,Delhi,28.6139,77.209,216.9,120.0,208.9,58.3,19.1,11.64,5,1.0,5,2024
2024-05-03,Mumbai,19.076,72.8777,117.0,74.8,101.3,27.8,11.1,5.19,5,1.0,5,2024
2024-05-03,Chennai,13.0827,80.2707,125.0,79.5,113.4,35.3,9.2,5.02,5,1.0,5,2024
2024-05-03,Kolkata,22.5726,88.3639,203.7,125.9,185.6,43.4,18.2,10.6,5,1.0,5,2024
2024-05-03,Bengaluru,12.9716,77.5946,172.8,109.8,168.1,44.6,17.9,7.61,5,1.0,5,2024
2024-05-03,Hyderabad,17.385,78.4867,153.3,91.6,143.5,38.4,15.9,7.58,5,1.0,5,2024
2024-05-03,Puducherry,11.9416,79.8083,79.5,52.7,61.4,13.9,8.8,5.42,5,1.0,5,2024
2024-05-03,Lucknow,26.8467,80.9462,330.0,191.9,293.8,76.6,31.9,17.62,5,1.0,5,2024
2024-05-03,Patna,25.5941,85.1376,239.1,141.6,219.6,56.6,27.1,11.96,5,1.0,5,2024
2024-05-03,Ahmedabad,23.0225,72.5714,141.9,88.1,135.2,41.9,13.8,8.18,5,1.0,5,2024
2024-05-04,Delhi,28.6139,77.209,288.1,169.8,253.1,67.6,27.3,15.52,5,1.0,5,2024
2024-05-04,Mumbai,19.076,72.8777,168.3,94.8,137.5,37.6,15.3,8.11,5,1.0,5,2024
2024-05-04,Chennai,13.0827,80.2707,119.3,68.8,120.8,23.1,11.2,6.75,5,1.0,5,2024
2024-05-04,Kolkata,22.5726,88.3639,222.4,131.8,208.2,58.8,20.9,11.43,5,1.0,5,2024
2024-05-04,Bengaluru,12.9716,77.5946,121.1,69.6,122.5,26.9,12.4,4.81,5,1.0,5,2024
2024-05-04,Hyderabad,17.385,78.4867,123.6,68.8,108.9,24.6,14.0,6.54,5,1.0,5,2024
2024-05-04,Puducherry,11.9416,79.8083,96.7,56.3,96.1,24.3,9.9,6.95,5,1.0,5,2024
2024-05-04,Lucknow,26.8467,80.9462,188.5,119.2,173.5,44.8,16.2,8.39,5,1.0,5,2024
2024-05-04,Patna,25.5941,85.1376,319.1,200.1,287.9,80.4,33.5,16.03,5,1.0,5,2024
2024-05-04,Ahmedabad,23.0225,72.5714,209.5,127.2,189.6,49.6,19.1,7.32,5,1.0,5,2024
2024-05-05,Delhi,28.6139,77.209,378.7,226.5,337.6,86.9,36.6,18.16,5,1.0,5,2024
2024-05-05,Mumbai,19.076,72.8777,108.2,66.6,98.4,21.6,8.2,4.11,5,1.0,5,2024
2024-05-05,Chennai,13.0827,80.2707,135.3,88.6,115.0,25.9,13.8,6.81,5,1.0,5,2024
2024-05-05,Kolkata,22.5726,88.3639,195.8,121.2,179.8,44.5,20.2,10.64,5,1.0,5,2024
2024-05-05,Bengaluru,12.9716,77.5946,78.3,48.5,66.0,27.6,5.2,5.07,5,1.0,5,2024
2024-05-05,Hyderabad,17.385,78.4867,61.5,45.9,46.2,16.1,2.9,1.73,5,1.0,5,2024
2024-05-05,Puducherry,11.9416,79.8083,93.0,60.9,85.6,26.2,11.4,3.97,5,1.0,5,2024
2024-05-05,Lucknow,26.8467,80.9462,129.1,77.4,111.6,33.8,14.0,5.77,5,1.0,5,2024
2024-05-05,Patna,25.5941,85.1376,289.3,176.9,266.2,70.7,30.5,14.99,5,1.0,5,2024
2024-05-05,Ahmedabad,23.0225,72.5714,188.8,121.7,172.5,44.8,16.7,10.57,5,1.0,5,2024
2024-05-06,Delhi,28.6139,77.209,308.6,193.5,261.5,80.8,30.3,15.08,5,1.0,5,2024
2024-05-06,Mumbai,19.076,72.8777,109.4,70.1,103.4,22.8,11.3,6.18,5,1.0,5,2024
2024-05-06,Chennai,13.0827,80.2707,94.5,62.2,82.7,14.6,9.8,4.91,5,1.0,5,2024
2024-05-06,Kolkata,22.5726,88.3639,195.6,122.9,160.4,47.9,17.7,8.57,5,1.0,5,2024
2024-05-06,Bengaluru,12.9716,77.5946,97.8,62.2,90.4,21.7,9.5,5.82,5,1.0,5,2024
2024-05-06,Hyderabad,17.385,78.4867,143.9,83.6,124.6,29.1,13.5,5.46,5,1.0,5,2024
2024-05-06,Puducherry,11.9416,79.8083,116.3,65.5,113.5,36.3,12.1,5.71,5,1.0,5,2024
2024-05-06,Lucknow,26.8467,80.9462,134.0,77.9,133.4,34.9,13.5,8.01,5,1.0,5,2024
2024-05-06,Patna,25.5941,85.1376,288.7,172.5,261.6,69.1,27.7,14.23,5,1.0,5,2024
2024-05-06,Ahmedabad,23.0225,72.5714,185.1,104.8,167.2,44.7,16.7,8.87,5,1.0,5,2024
2024-05-07,Delhi,28.6139,77.209,94.3,52.8,76.1,22.5,4.9,4.91,5,1.0,5,2024
2024-05-07,Mumbai,19.076,72.8777,176.4,105.3,162.8,42.0,14.5,8.82,5,1.0,5,2024
2024-05-07,Chennai,13.0827,80.2707,107.0,57.6,92.6,25.8,16.4,5.57,5,1.0,5,2024
2024-05-07,Kolkata,22.5726,88.3639,84.7,40.1,82.1,31.1,7.9,3.89,5,1.0,5,2024
2024-05-07,Bengaluru,12.9716,77.5946,112.9,63.7,81.3,32.4,10.1,6.7,5,1.0,5,2024
2024-05-07,Hyderabad,17.385,78.4867,93.4,56.6,90.9,27.6,9.8,4.85,5,1.0,5,2024
2024-05-07,Puducherry,11.9416,79.8083,87.4,54.8,68.3,16.8,4.5,5.14,5,1.0,5,2024
2024-05-07,Lucknow,26.8467,80.9462,194.3,120.7,178.1,44.6,19.2,9.26,5,1.0,5,2024
2024-05-07,Patna,25.5941,85.1376,197.4,123.0,197.7,53.8,19.7,11.13,5,1.0,5,2024
2024-05-07,Ahmedabad,23.0225,72.5714,237.1,135.3,223.2,62.4,26.1,12.67,5,1.0,5,2024
2024-05-08,Delhi,28.6139,77.209,261.8,167.2,238.3,63.7,27.2,14.06,5,1.0,5,2024
2024-05-08,Mumbai,19.076,72.8777,143.8,88.2,130.1,33.3,12.7,5.79,5,1.0,5,2024
2024-05-08,Chennai,13.0827,80.2707,128.0,75.7,87.8,33.6,13.6,4.53,5,1.0,5,2024
2024-05-08,Kolkata,22.5726,88.3639,138.4,78.7,118.6,39.5,13.5,6.49,5,1.0,5,2024
2024-05-08,Bengaluru,12.9716,77.5946,133.7,82.7,106.4,31.0,14.0,5.75,5,1.0,5,2024
2024-05-08,Hyderabad,17.385,78.4867,191.0,115.2,165.9,43.3,21.0,8.9,5,1.0,5,2024
2024-05-08,Puducherry,11.9416,79.8083,82.6,43.8,74.9,18.1,7.6,3.33,5,1.0,5,2024
2024-05-08,Lucknow,26.8467,80.9462,286.7,169.6,256.9,71.3,31.9,15.23,5,1.0,5,2024
2024-05-08,Patna,25.5941,85.1376,295.3,169.3,260.5,78.6,27.2,14.85,5,1.0,5,2024
2024-05-08,Ahmedabad,23.0225,72.5714,112.1,62.4,114.3,30.9,13.2,6.39,5,1.0,5,2024
2024-05-09,Delhi,28.6139,77.209,268.9,157.9,238.8,66.5,30.4,12.11,5,1.0,5,2024
2024-05-09,Mumbai,19.076,72.8777,117.9,66.2,114.6,36.9,12.4,6.29,5,1.0,5,2024
2024-05-09,Chennai,13.0827,80.2707,92.3,57.6,89.3,24.8,10.2,5.39,5,1.0,5,2024
2024-05-09,Kolkata,22.5726,88.3639,91.1,54.7,84.4,24.4,8.8,4.72,5,1.0,5,2024
2024-05-09,Bengaluru,12.9716,77.5946,78.4,38.2,78.4,15.1,7.5,3.17,5,1.0,5,2024
2024-05-09,Hyderabad,17.385,78.4867,175.5,104.9,155.5,46.9,21.9,9.18,5,1.0,5,2024
2024-05-09,Puducherry,11.9416,79.8083,67.5,44.0,48.2,17.1,10.7,3.53,5,1.0,5,2024
2024-05-09,Lucknow,26.8467,80.9462,227.0,136.3,201.1,58.0,24.3,11.02,5,1.0,5,2024
2024-05-09,Patna,25.5941,85.1376,65.6,41.7,76.1,14.9,3.6,3.96,5,1.0,5,2024
2024-05-09,Ahmedabad,23.0225,72.5714,238.5,145.7,228.4,62.8,25.3,11.41,5,1.0,5,2024
2024-05-10,Delhi,28.6139,77.209,302.8,181.5,272.0,74.7,30.7,13.84,5,1.0,5,2024
2024-05-10,Mumbai,19.076,72.8777,172.5,99.1,153.2,44.4,15.4,6.66,5,1.0,5,2024
2024-05-10,Chennai,13.0827,80.2707,80.4,41.1,78.1,15.5,11.0,4.01,5,1.0,5,2024
2024-05-10,Kolkata,22.5726,88.3639,183.0,99.9,165.9,45.4,15.7,9.24,5,1.0,5,2024
2024-05-10,Bengaluru,12.9716,77.5946,88.1,51.8,79.5,20.1,9.3,4.32,5,1.0,5,2024
2024-05-10,Hyderabad,17.385,78.4867,136.5,79.3,114.3,31.3,16.5,7.78,5,1.0,5,2024
2024-05-10,Puducherry,11.9416,79.8083,99.3,66.0,85.6,26.0,10.1,5.62,5,1.0,5,2024
2024-05-10,Lucknow,26.8467,80.9462,201.2,121.2,181.7,52.4,21.4,10.15,5,1.0,5,2024
2024-05-10,Patna,25.5941,85.1376,248.7,150.3,237.0,55.3,22.9,13.11,5,1.0,5,2024
2024-05-10,Ahmedabad,23.0225,72.5714,172.1,104.6,160.2,43.9,16.1,9.23,5,1.0,5,2024
2024-05-11,Delhi,28.6139,77.209,281.7,166.8,259.1,73.0,28.6,15.8,5,1.0,5,2024
2024-05-11,Mumbai,19.076,72.8777,193.1,120.9,194.3,47.7,18.4,10.52,5,1.0,5,2024
2024-05-11,Chennai,13.0827,80.2707,83.7,50.3,67.4,23.4,5.4,4.09,5,1.0,5,2024
2024-05-11,Kolkata,22.5726,88.3639,179.2,105.3,147.2,37.7,16.4,9.5,5,1.0,5,2024
2024-05-11,Bengaluru,12.9716,77.5946,108.7,65.1,90.8,28.5,7.3,3.04,5,1.0,5,2024
2024-05-11,Hyderabad,17.385,78.4867,111.5,64.2,108.5,28.5,14.5,5.03,5,1.0,5,2024
2024-05-11,Puducherry,11.9416,79.8083,84.7,49.6,87.3,20.4,10.2,3.16,5,1.0,5,2024
2024-05-11,Lucknow,26.8467,80.9462,193.0,115.4,183.8,39.5,18.6,9.28,5,1.0,5,2024
2024-05-11,Patna,25.5941,85.1376,94.6,54.4,72.8,14.3,8.9,4.43,5,1.0,5,2024
2024-05-11,Ahmedabad,23.0225,72.5714,149.0,90.7,127.1,44.4,14.8,8.74,5,1.0,5,2024
2024-05-12,Delhi,28.6139,77.209,145.6,83.2,136.5,35.5,12.4,5.44,5,1.0,5,2024
2024-05-12,Mumbai,19.076,72.8777,169.3,104.8,154.3,40.3,14.7,8.41,5,1.0,5,2024
2024-05-12,Chennai,13.0827,80.2707,57.1,30.5,61.5,6.9,7.1,4.35,5,1.0,5,2024
2024-05-12,Kolkata,22.5726,88.3639,220.8,134.5,195.0,52.6,17.6,11.08,5,1.0,5,2024
2024-05-12,Bengaluru,12.9716,77.5946,87.9,49.2,78.9,22.2,7.5,6.01,5,1.0,5,2024
2024-05-12,Hyderabad,17.385,78.4867,145.6,91.8,130.2,38.4,12.8,7.95,5,1.0,5,2024
2024-05-12,Puducherry,11.9416,79.8083,70.9,37.4,63.6,16.6,11.7,3.98,5,1.0,5,2024
2024-05-12,Lucknow,26.8467,80.9462,322.7,199.3,290.7,78.9,28.8,15.26,5,1.0,5,2024
2024-05-12,Patna,25.5941,85.1376,286.4,170.3,260.8,63.5,29.5,15.42,5,1.0,5,2024
2024-05-12,Ahmedabad,23.0225,72.5714,80.1,49.9,82.8,26.7,7.0,4.78,5,1.0,5,2024
2024-05-13,Delhi,28.6139,77.209,394.4,238.6,365.2,98.5,40.2,19.1,5,1.0,5,2024
2024-05-13,Mumbai,19.076,72.8777,133.4,82.2,114.5,32.5,14.9,8.72,5,1.0,5,2024
2024-05-13,Chennai,13.0827,80.2707,38.8,33.2,32.8,13.6,6.2,3.5,5,1.0,5,2024
2024-05-13,Kolkata,22.5726,88.3639,143.6,85.0,128.8,34.5,17.0,7.1,5,1.0,5,2024
2024-05-13,Bengaluru,12.9716,77.5946,51.4,27.7,33.6,11.9,6.5,1.92,5,1.0,5,2024
2024-05-13,Hyderabad,17.385,78.4867,105.9,62.2,96.4,28.5,12.2,7.55,5,1.0,5,2024
2024-05-13,Puducherry,11.9416,79.8083,77.5,50.2,57.0,17.9,7.2,2.86,5,1.0,5,2024
2024-05-13,Lucknow,26.8467,80.9462,185.2,110.6,162.6,56.7,19.5,11.26,5,1.0,5,2024
2024-05-13,Patna,25.5941,85.1376,344.5,203.5,310.4,84.4,34.1,16.25,5,1.0,5,2024
2024-05-13,Ahmedabad,23.0225,72.5714,140.1,85.9,128.8,36.0,13.9,7.87,5,1.0,5,2024
2024-05-14,Delhi,28.6139,77.209,259.4,162.6,218.7,67.5,26.9,12.3,5,1.0,5,2024
2024-05-14,Mumbai,19.076,72.8777,125.8,77.8,120.5,24.5,13.8,5.83,5,1.0,5,2024
2024-05-14,Chennai,13.0827,80.2707,118.1,61.7,125.9,26.0,14.7,5.84,5,1.0,5,2024
2024-05-14,Kolkata,22.5726,88.3639,139.1,84.8,133.4,28.6,15.3,6.94,5,1.0,5,2024
2024-05-14,Bengaluru,12.9716,77.5946,117.3,70.4,101.0,24.9,13.1,6.53,5,1.0,5,2024
2024-05-14,Hyderabad,17.385,78.4867,143.2,88.1,136.4,41.4,10.6,4.82,5,1.0,5,2024
2024-05-14,Puducherry,11.9416,79.8083,109.4,58.9,89.8,26.2,7.6,5.09,5,1.0,5,2024
2024-05-14,Lucknow,26.8467,80.9462,158.4,93.9,144.8,38.2,15.1,8.18,5,1.0,5,2024
2024-05-14,Patna,25.5941,85.1376,313.1,195.9,280.0,85.6,33.1,14.42,5,1.0,5,2024
2024-05-14,Ahmedabad,23.0225,72.5714,103.2,59.0,104.4,23.8,6.5,4.93,5,1.0,5,2024
2024-05-15,Delhi,28.6139,77.209,121.6,67.7,104.7,31.0,14.2,6.77,5,1.0,5,2024
2024-05-15,Mumbai,19.076,72.8777,92.8,53.8,84.1,22.2,8.7,2.92,5,1.0,5,2024
2024-05-15,Chennai,13.0827,80.2707,61.2,34.7,30.3,17.9,3.4,3.75,5,1.0,5,2024
2024-05-15,Kolkata,22.5726,88.3639,209.9,123.2,196.9,55.4,20.4,10.07,5,1.0,5,2024
2024-05-15,Bengaluru,12.9716,77.5946,132.9,80.9,128.0,23.7,13.5,5.07,5,1.0,5,2024
2024-05-15,Hyderabad,17.385,78.4867,119.1,75.0,121.1,26.0,10.9,5.86,5,1.0,5,2024
2024-05-15,Puducherry,11.9416,79.8083,55.5,38.2,49.4,14.4,6.8,2.7,5,1.0,5,2024
2024-05-15,Lucknow,26.8467,80.9462,166.9,99.8,143.4,42.2,18.7,7.17,5,1.0,5,2024
2024-05-15,Patna,25.5941,85.1376,132.7,79.9,113.3,33.3,13.9,4.49,5,1.0,5,2024
2024-05-15,Ahmedabad,23.0225,72.5714,191.0,108.8,171.7,45.1,18.0,11.24,5,1.0,5,2024
2024-05-16,Delhi,28.6139,77.209,305.5,187.8,276.2,78.9,31.4,15.53,5,1.0,5,2024
2024-05-16,Mumbai,19.076,72.8777,184.3,111.4,184.2,49.9,16.2,9.04,5,1.0,5,2024
2024-05-16,Chennai,13.0827,80.2707,99.9,60.2,95.4,28.2,7.3,6.28,5,1.0,5,2024
2024-05-16,Kolkata,22.5726,88.3639,155.2,90.1,134.9,42.0,15.0,7.1,5,1.0,5,2024
2024-05-16,Bengaluru,12.9716,77.5946,87.3,43.4,71.8,16.9,8.2,5.03,5,1.0,5,2024
2024-05-16,Hyderabad,17.385,78.4867,139.4,89.9,133.7,32.7,14.0,6.94,5,1.0,5,2024
2024-05-16,Puducherry,11.9416,79.8083,32.0,13.1,27.5,7.3,4.2,2.06,5,1.0,5,2024
2024-05-16,Lucknow,26.8467,80.9462,104.9,65.5,95.8,28.7,12.6,5.1,5,1.0,5,2024
2024-05-16,Patna,25.5941,85.1376,327.2,191.9,286.9,83.5,32.0,16.62,5,1.0,5,2024
2024-05-16,Ahmedabad,23.0225,72.5714,249.7,151.8,226.4,58.9,21.6,12.41,5,1.0,5,2024
2024-05-17,Delhi,28.6139,77.209,365.3,217.6,332.0,97.0,39.3,18.69,5,1.0,5,2024
2024-05-17,Mumbai,19.076,72.8777,146.8,80.5,127.1,35.6,13.0,7.59,5,1.0,5,2024
2024-05-17,Chennai,13.0827,80.2707,137.8,90.3,126.0,37.6,12.3,8.35,5,1.0,5,2024
2024-05-17,Kolkata,22.5726,88.3639,101.9,65.7,95.7,22.5,9.8,3.96,5,1.0,5,2024
2024-05-17,Bengaluru,12.9716,77.5946,67.3,32.4,66.7,21.6,2.4,5.2,5,1.0,5,2024
2024-05-17,Hyderabad,17.385,78.4867,119.6,73.2,95.9,35.2,12.4,7.12,5,1.0,5,2024
2024-05-17,Puducherry,11.9416,79.8083,99.4,66.3,84.3,24.0,8.7,5.87,5,1.0,5,2024
2024-05-17,Lucknow,26.8467,80.9462,241.6,150.3,226.3,53.5,26.9,13.03,5,1.0,5,2024
2024-05-17,Patna,25.5941,85.1376,214.2,130.3,191.8,56.0,20.7,11.19,5,1.0,5,2024
2024-05-17,Ahmedabad,23.0225,72.5714,163.0,95.6,148.2,51.6,14.9,7.9,5,1.0,5,2024
2024-05-18,Delhi,28.6139,77.209,226.6,133.1,210.5,59.5,22.6,12.36,5,1.0,5,2024
2024-05-18,Mumbai,19.076,72.8777,171.7,102.2,142.3,46.2,17.5,8.61,5,1.0,5,2024
2024-05-18,Chennai,13.0827,80.2707,78.3,50.7,73.3,18.6,5.4,4.98,5,1.0,5,2024
2024-05-18,Kolkata,22.5726,88.3639,210.2,127.4,167.9,52.4,20.5,9.89,5,1.0,5,2024
2024-05-18,Bengaluru,12.9716,77.5946,122.6,77.1,113.8,34.8,10.2,5.68,5,1.0,5,2024
2024-05-18,Hyderabad,17.385,78.4867,122.6,70.4,116.2,28.6,14.9,5.2,5,1.0,5,2024
2024-05-18,Puducherry,11.9416,79.8083,117.6,80.7,105.1,34.0,11.0,6.89,5,1.0,5,2024
2024-05-18,Lucknow,26.8467,80.9462,208.6,118.7,159.5,51.1,21.4,11.76,5,1.0,5,2024
2024-05-18,Patna,25.5941,85.1376,242.6,150.6,214.7,59.3,26.4,9.67,5,1.0,5,2024
2024-05-18,Ahmedabad,23.0225,72.5714,160.6,94.4,155.4,38.0,17.1,8.95,5,1.0,5,2024
2024-05-19,Delhi,28.6139,77.209,160.6,95.7,141.1,43.9,17.4,7.8,5,1.0,5,2024
2024-05-19,Mumbai,19.076,72.8777,98.1,64.1,87.7,18.1,6.7,5.34,5,1.0,5,2024
2024-05-19,Chennai,13.0827,80.2707,58.1,44.2,44.8,14.5,6.1,2.18,5,1.0,5,2024
2024-05-19,Kolkata,22.5726,88.3639,68.0,41.8,55.2,17.5,6.6,3.66,5,1.0,5,2024
2024-05-19,Bengaluru,12.9716,77.5946,146.9,85.4,128.5,30.1,14.3,7.75,5,1.0,5,2024
2024-05-19,Hyderabad,17.385,78.4867,103.1,63.9,91.4,20.6,10.9,4.95,5,1.0,5,2024
2024-05-19,Puducherry,11.9416,79.8083,77.5,43.7,64.5,20.0,7.3,5.6,5,1.0,5,2024
2024-05-19,Lucknow,26.8467,80.9462,271.9,165.9,243.3,59.9,25.6,12.95,5,1.0,5,2024
2024-05-19,Patna,25.5941,85.1376,220.8,132.3,204.0,56.3,24.4,10.73,5,1.0,5,2024
2024-05-19,Ahmedabad,23.0225,72.5714,171.6,104.7,156.4,48.0,18.8,7.26,5,1.0,5,2024
2024-05-20,Delhi,28.6139,77.209,270.9,162.5,261.0,66.4,25.1,13.98,5,1.0,5,2024
2024-05-20,Mumbai,19.076,72.8777,159.9,95.6,142.1,43.8,14.3,7.65,5,1.0,5,2024
2024-05-20,Chennai,13.0827,80.2707,76.9,51.6,71.5,15.0,5.8,5.72,5,1.0,5,2024
2024-05-20,Kolkata,22.5726,88.3639,234.2,144.7,210.9,64.6,21.2,12.46,5,1.0,5,2024
2024-05-20,Bengaluru,12.9716,77.5946,86.7,50.8,83.8,21.1,7.8,3.84,5,1.0,5,2024
2024-05-20,Hyderabad,17.385,78.4867,50.5,34.1,37.4,20.1,4.5,3.83,5,1.0,5,2024
2024-05-20,Puducherry,11.9416,79.8083,38.8,26.9,42.8,14.9,0.8,1.24,5,1.0,5,2024
2024-05-20,Lucknow,26.8467,80.9462,257.5,155.2,234.1,62.9,28.9,15.48,5,1.0,5,2024
2024-05-20,Patna,25.5941,85.1376,247.3,150.6,223.0,67.0,26.4,11.3,5,1.0,5,2024
2024-05-20,Ahmedabad,23.0225,72.5714,132.4,74.4,140.7,35.6,12.0,5.94,5,1.0,5,2024
2024-05-21,Delhi,28.6139,77.209,344.4,211.2,316.3,84.4,35.1,17.33,5,1.0,5,2024
2024-05-21,Mumbai,19.076,72.8777,102.5,56.9,95.5,26.4,11.4,5.92,5,1.0,5,2024
2024-05-21,Chennai,13.0827,80.2707,127.5,72.6,119.8,34.9,12.1,6.5,5,1.0,5,2024
2024-05-21,Kolkata,22.5726,88.3639,165.7,110.0,150.0,43.2,16.0,7.81,5,1.0,5,2024
2024-05-21,Bengaluru,12.9716,77.5946,60.9,42.0,61.0,14.0,4.3,3.22,5,1.0,5,2024
2024-05-21,Hyderabad,17.385,78.4867,102.6,60.4,82.2,26.5,10.7,6.22,5,1.0,5,2024
2024-05-21,Puducherry,11.9416,79.8083,72.0,41.5,52.3,22.4,9.0,3.63,5,1.0,5,2024
2024-05-21,Lucknow,26.8467,80.9462,133.6,74.1,115.9,37.3,13.9,5.19,5,1.0,5,2024
2024-05-21,Patna,25.5941,85.1376,268.3,156.8,237.3,71.0,28.4,14.51,5,1.0,5,2024
2024-05-21,Ahmedabad,23.0225,72.5714,159.0,99.8,138.4,38.7,15.2,7.97,5,1.0,5,2024
2024-05-22,Delhi,28.6139,77.209,177.1,105.1,171.0,39.9,15.1,7.61,5,1.0,5,2024
2024-05-22,Mumbai,19.076,72.8777,246.5,150.2,219.7,61.9,25.1,11.68,5,1.0,5,2024
2024-05-22,Chennai,13.0827,80.2707,77.1,45.5,63.6,17.7,8.4,2.86,5,1.0,5,2024
2024-05-22,Kolkata,22.5726,88.3639,310.5,190.1,269.3,67.7,29.7,16.21,5,1.0,5,2024
2024-05-22,Bengaluru,12.9716,77.5946,114.7,68.3,98.4,25.1,10.7,4.72,5,1.0,5,2024
2024-05-22,Hyderabad,17.385,78.4867,106.0,70.3,89.2,28.9,12.1,4.22,5,1.0,5,2024
2024-05-22,Puducherry,11.9416,79.8083,58.1,40.2,44.9,14.3,9.9,3.88,5,1.0,5,2024
2024-05-22,Lucknow,26.8467,80.9462,225.5,139.5,202.5,60.4,18.5,11.14,5,1.0,5,2024
2024-05-22,Patna,25.5941,85.1376,94.0,57.2,82.7,28.9,10.8,4.17,5,1.0,5,2024
2024-05-22,Ahmedabad,23.0225,72.5714,141.7,86.9,122.9,35.3,16.8,6.26,5,1.0,5,2024
2024-05-23,Delhi,28.6139,77.209,244.2,145.0,245.0,63.5,26.7,12.98,5,1.0,5,2024
2024-05-23,Mumbai,19.076,72.8777,173.4,106.4,159.0,37.5,18.1,8.56,5,1.0,5,2024
2024-05-23,Chennai,13.0827,80.2707,103.6,61.8,99.3,29.7,4.5,4.75,5,1.0,5,2024
2024-05-23,Kolkata,22.5726,88.3639,87.1,53.5,76.0,27.2,9.1,3.87,5,1.0,5,2024
2024-05-23,Bengaluru,12.9716,77.5946,128.2,75.3,111.4,33.6,16.0,7.26,5,1.0,5,2024
2024-05-23,Hyderabad,17.385,78.4867,139.8,97.6,120.0,31.9,14.3,8.51,5,1.0,5,2024
2024-05-23,Puducherry,11.9416,79.8083,56.2,42.5,39.1,13.6,6.0,1.93,5,1.0,5,2024
2024-05-23,Lucknow,26.8467,80.9462,179.6,111.7,173.2,36.4,18.3,8.87,5,1.0,5,2024
2024-05-23,Patna,25.5941,85.1376,247.5,146.9,212.4,68.0,27.1,12.27,5,1.0,5,2024
2024-05-23,Ahmedabad,23.0225,72.5714,138.0,79.8,103.5,35.9,15.4,7.04,5,1.0,5,2024
2024-05-24,Delhi,28.6139,77.209,273.1,164.5,239.0,66.3,27.0,14.35,5,1.0,5,2024
2024-05-24,Mumbai,19.076,72.8777,195.2,116.0,167.3,48.9,23.5,8.8,5,1.0,5,2024
2024-05-24,Chennai,13.0827,80.2707,112.1,73.9,98.0,25.2,12.4,5.96,5,1.0,5,2024
2024-05-24,Kolkata,22.5726,88.3639,214.7,139.2,194.6,48.9,21.6,10.98,5,1.0,5,2024
2024-05-24,Bengaluru,12.9716,77.5946,138.0,81.8,120.9,29.0,14.9,10.25,5,1.0,5,2024
2024-05-24,Hyderabad,17.385,78.4867,112.2,69.6,96.6,22.9,12.1,5.64,5,1.0,5,2024
2024-05-24,Puducherry,11.9416,79.8083,27.3,24.4,27.9,7.1,1.9,1.77,5,1.0,5,2024
2024-05-24,Lucknow,26.8467,80.9462,249.3,151.6,232.9,67.5,28.9,11.63,5,1.0,5,2024
2024-05-24,Patna,25.5941,85.1376,199.9,121.7,173.7,47.5,20.9,10.9,5,1.0,5,2024
2024-05-24,Ahmedabad,23.0225,72.5714,217.4,129.5,199.4,55.3,21.8,10.05,5,1.0,5,2024
2024-05-25,Delhi,28.6139,77.209,204.5,126.0,177.4,44.0,20.4,11.68,5,1.0,5,2024
2024-05-25,Mumbai,19.076,72.8777,28.2,15.5,30.8,0.0,2.4,0.27,5,1.0,5,2024
2024-05-25,Chennai,13.0827,80.2707,64.8,36.9,49.3,11.4,6.4,5.47,5,1.0,5,2024
2024-05-25,Kolkata,22.5726,88.3639,217.9,135.8,202.5,51.7,22.4,11.99,5,1.0,5,2024
2024-05-25,Bengaluru,12.9716,77.5946,124.9,75.9,116.6,41.1,14.2,5.93,5,1.0,5,2024
2024-05-25,Hyderabad,17.385,78.4867,117.4,65.2,124.4,35.8,11.9,8.05,5,1.0,5,2024
2024-05-25,Puducherry,11.9416,79.8083,87.6,50.4,86.1,23.5,10.4,3.01,5,1.0,5,2024
2024-05-25,Lucknow,26.8467,80.9462,167.3,107.8,164.1,47.5,21.2,8.94,5,1.0,5,2024
2024-05-25,Patna,25.5941,85.1376,275.5,160.7,243.3,60.9,26.9,11.72,5,1.0,5,2024
2024-05-25,Ahmedabad,23.0225,72.5714,208.6,127.1,171.5,51.4,24.8,10.3,5,1.0,5,2024
2024-05-26,Delhi,28.6139,77.209,200.1,111.1,166.0,52.2,19.1,9.65,5,1.0,5,2024
2024-05-26,Mumbai,19.076,72.8777,122.8,73.0,100.7,32.0,9.4,5.38,5,1.0,5,2024
2024-05-26,Chennai,13.0827,80.2707,115.3,71.1,109.3,37.4,11.4,5.79,5,1.0,5,2024
2024-05-26,Kolkata,22.5726,88.3639,166.8,97.9,142.0,42.0,17.4,8.75,5,1.0,5,2024
2024-05-26,Bengaluru,12.9716,77.5946,101.9,65.8,91.9,23.8,8.3,3.55,5,1.0,5,2024
2024-05-26,Hyderabad,17.385,78.4867,171.1,99.2,146.6,41.1,16.6,10.19,5,1.0,5,2024
2024-05-26,Puducherry,11.9416,79.8083,68.4,54.2,62.1,25.3,8.6,3.78,5,1.0,5,2024
2024-05-26,Lucknow,26.8467,80.9462,322.6,199.2,295.4,89.9,31.3,15.14,5,1.0,5,2024
2024-05-26,Patna,25.5941,85.1376,192.7,124.4,185.0,46.1,14.6,9.43,5,1.0,5,2024
2024-05-26,Ahmedabad,23.0225,72.5714,114.4,66.2,94.5,22.2,15.2,5.04,5,1.0,5,2024
2024-05-27,Delhi,28.6139,77.209,393.0,234.7,344.7,100.3,38.5,19.44,5,1.0,5,2024
2024-05-27,Mumbai,19.076,72.8777,145.8,83.4,118.3,36.2,16.5,6.39,5,1.0,5,2024
2024-05-27,Chennai,13.0827,80.2707,93.8,63.8,83.7,23.8,9.5,4.01,5,1.0,5,2024
2024-05-27,Kolkata,22.5726,88.3639,130.3,73.2,120.2,35.6,14.6,6.14,5,1.0,5,2024
2024-05-27,Bengaluru,12.9716,77.5946,132.8,81.2,120.1,19.8,11.6,5.12,5,1.0,5,2024
2024-05-27,Hyderabad,17.385,78.4867,141.9,85.6,119.1,36.7,11.3,6.05,5,1.0,5,2024
2024-05-27,Puducherry,11.9416,79.8083,60.8,39.2,65.9,12.9,8.7,3.09,5,1.0,5,2024
2024-05-27,Lucknow,26.8467,80.9462,235.3,140.9,210.2,60.6,25.0,10.88,5,1.0,5,2024
2024-05-27,Patna,25.5941,85.1376,226.7,144.4,205.4,57.8,25.0,10.83,5,1.0,5,2024
2024-05-27,Ahmedabad,23.0225,72.5714,158.5,99.2,152.6,30.2,14.4,6.93,5,1.0,5,2024
2024-05-28,Delhi,28.6139,77.209,270.1,157.4,248.4,68.2,28.8,14.46,5,1.0,5,2024
2024-05-28,Mumbai,19.076,72.8777,167.2,98.6,151.3,40.0,14.0,9.31,5,1.0,5,2024
2024-05-28,Chennai,13.0827,80.2707,87.9,45.2,83.4,21.1,4.7,3.02,5,1.0,5,2024
2024-05-28,Kolkata,22.5726,88.3639,145.0,88.1,136.8,39.3,15.7,7.22,5,1.0,5,2024
2024-05-28,Bengaluru,12.9716,77.5946,151.7,94.5,138.3,40.2,14.4,7.53,5,1.0,5,2024
2024-05-28,Hyderabad,17.385,78.4867,47.1,26.3,56.5,12.4,4.9,3.35,5,1.0,5,2024
2024-05-28,Puducherry,11.9416,79.8083,82.2,45.4,74.2,16.0,8.6,3.27,5,1.0,5,2024
2024-05-28,Lucknow,26.8467,80.9462,280.3,165.6,245.7,69.6,28.8,12.81,5,1.0,5,2024
2024-05-28,Patna,25.5941,85.1376,203.5,122.6,193.9,40.8,21.6,9.79,5,1.0,5,2024
2024-05-28,Ahmedabad,23.0225,72.5714,137.7,79.2,121.0,36.9,12.7,8.54,5,1.0,5,2024
2024-05-29,Delhi,28.6139,77.209,329.9,198.9,295.6,87.2,35.7,15.33,5,1.0,5,2024
2024-05-29,Mumbai,19.076,72.8777,111.9,70.3,108.2,26.8,9.7,5.67,5,1.0,5,2024
2024-05-29,Chennai,13.0827,80.2707,126.9,76.3,104.1,32.2,14.3,6.24,5,1.0,5,2024
2024-05-29,Kolkata,22.5726,88.3639,242.9,150.1,218.1,60.9,20.6,13.36,5,1.0,5,2024
2024-05-29,Bengaluru,12.9716,77.5946,90.1,52.1,76.7,24.4,6.8,3.52,5,1.0,5,2024
2024-05-29,Hyderabad,17.385,78.4867,118.2,67.8,109.1,27.2,15.0,6.6,5,1.0,5,2024
2024-05-29,Puducherry,11.9416,79.8083,88.6,50.1,99.0,20.4,7.4,5.14,5,1.0,5,2024
2024-05-29,Lucknow,26.8467,80.9462,232.7,135.5,227.0,62.1,23.3,14.04,5,1.0,5,2024
2024-05-29,Patna,25.5941,85.1376,296.8,178.0,285.4,76.8,30.9,14.45,5,1.0,5,2024
2024-05-29,Ahmedabad,23.0225,72.5714,162.2,95.3,157.5,34.1,19.0,7.23,5,1.0,5,2024
2024-05-30,Delhi,28.6139,77.209,275.4,163.8,243.7,71.6,27.5,13.1,5,1.0,5,2024
2024-05-30,Mumbai,19.076,72.8777,146.2,84.2,127.3,30.6,13.7,7.8,5,1.0,5,2024
2024-05-30,Chennai,13.0827,80.2707,90.9,63.6,102.7,20.9,7.4,5.67,5,1.0,5,2024
2024-05-30,Kolkata,22.5726,88.3639,196.8,123.8,180.3,48.4,19.3,10.27,5,1.0,5,2024
2024-05-30,Bengaluru,12.9716,77.5946,93.7,62.3,73.9,28.3,5.6,4.83,5,1.0,5,2024
2024-05-30,Hyderabad,17.385,78.4867,108.4,57.5,81.1,22.7,10.9,4.82,5,1.0,5,2024
2024-05-30,Puducherry,11.9416,79.8083,54.2,39.3,38.9,16.3,3.6,1.59,5,1.0,5,2024
2024-05-30,Lucknow,26.8467,80.9462,180.8,111.6,151.7,46.3,16.2,8.26,5,1.0,5,2024
2024-05-30,Patna,25.5941,85.1376,268.0,171.7,233.9,69.9,26.2,12.93,5,1.0,5,2024
2024-05-30,Ahmedabad,23.0225,72.5714,208.2,120.7,178.1,53.9,24.0,11.16,5,1.0,5,2024
2024-05-31,Delhi,28.6139,77.209,167.4,97.4,158.5,48.2,17.2,7.79,5,1.0,5,2024
2024-05-31,Mumbai,19.076,72.8777,205.8,123.1,180.4,48.4,18.2,13.12,5,1.0,5,2024
2024-05-31,Chennai,13.0827,80.2707,125.5,72.0,126.8,33.5,13.5,5.56,5,1.0,5,2024
2024-05-31,Kolkata,22.5726,88.3639,154.3,92.4,123.1,36.6,15.4,9.02,5,1.0,5,2024
2024-05-31,Bengaluru,12.9716,77.5946,81.5,53.0,56.9,25.0,6.3,4.21,5,1.0,5,2024
2024-05-31,Hyderabad,17.385,78.4867,134.2,81.6,119.9,28.6,11.6,7.71,5,1.0,5,2024
2024-05-31,Puducherry,11.9416,79.8083,63.1,37.3,44.9,19.2,3.7,4.07,5,1.0,5,2024
2024-05-31,Lucknow,26.8467,80.9462,150.9,95.6,135.9,35.5,18.3,7.48,5,1.0,5,2024
2024-05-31,Patna,25.5941,85.1376,214.7,133.4,181.4,43.6,23.8,9.9,5,1.0,5,2024
2024-05-31,Ahmedabad,23.0225,72.5714,198.9,119.6,169.7,52.2,19.1,8.87,5,1.0,5,2024
2024-06-01,Delhi,28.6139,77.209,111.9,58.5,103.9,24.2,11.1,5.41,6,0.7,6,2024
2024-06-01,Mumbai,19.076,72.8777,60.3,28.6,74.5,14.9,9.7,4.18,6,0.7,6,2024
2024-06-01,Chennai,13.0827,80.2707,55.0,33.9,50.7,21.1,7.2,1.94,6,0.7,6,2024
2024-06-01,Kolkata,22.5726,88.3639,143.6,90.2,119.8,37.9,17.1,6.32,6,0.7,6,2024
2024-06-01,Bengaluru,12.9716,77.5946,48.4,34.8,40.7,8.2,6.6,3.0,6,0.7,6,2024
2024-06-01,Hyderabad,17.385,78.4867,87.3,58.0,88.1,21.5,12.7,5.95,6,0.7,6,2024
2024-06-01,Puducherry,11.9416,79.8083,12.8,2.5,0.0,1.9,0.0,0.0,6,0.7,6,2024
2024-06-01,Lucknow,26.8467,80.9462,224.9,126.2,203.4,56.7,22.3,11.38,6,0.7,6,2024
2024-06-01,Patna,25.5941,85.1376,11.7,3.0,22.9,0.0,4.5,0.0,6,0.7,6,2024
2024-06-01,Ahmedabad,23.0225,72.5714,43.3,21.2,48.0,8.6,5.0,2.24,6,0.7,6,2024
2024-06-02,Delhi,28.6139,77.209,191.6,121.3,178.6,43.3,18.6,11.32,6,0.7,6,2024
2024-06-02,Mumbai,19.076,72.8777,110.8,58.9,88.2,31.3,12.5,4.62,6,0.7,6,2024
2024-06-02,Chennai,13.0827,80.2707,81.7,57.0,85.2,26.8,9.3,3.91,6,0.7,6,2024
2024-06-02,Kolkata,22.5726,88.3639,105.9,63.5,88.3,25.0,13.1,3.69,6,0.7,6,2024
2024-06-02,Bengaluru,12.9716,77.5946,23.8,18.4,18.6,0.0,2.3,0.99,6,0.7,6,2024
2024-06-02,Hyderabad,17.385,78.4867,68.9,44.8,51.3,17.3,6.5,3.48,6,0.7,6,2024
2024-06-02,Puducherry,11.9416,79.8083,17.9,8.1,16.3,6.6,5.5,1.7,6,0.7,6,2024
2024-06-02,Lucknow,26.8467,80.9462,184.0,116.8,163.2,52.2,20.6,8.75,6,0.7,6,2024
2024-06-02,Patna,25.5941,85.1376,302.7,183.9,290.0,76.9,29.1,14.37,6,0.7,6,2024
2024-06-02,Ahmedabad,23.0225,72.5714,96.0,54.7,96.6,23.9,6.4,5.01,6,0.7,6,2024
2024-06-03,Delhi,28.6139,77.209,206.0,121.3,187.5,51.3,21.9,10.87,6,0.7,6,2024
2024-06-03,Mumbai,19.076,72.8777,112.6,61.1,118.3,21.9,11.0,4.54,6,0.7,6,2024
2024-06-03,Chennai,13.0827,80.2707,72.9,44.4,64.3,24.3,9.5,3.32,6,0.7,6,2024
2024-06-03,Kolkata,22.5726,88.3639,166.2,107.5,158.4,41.0,13.4,8.63,6,0.7,6,2024
2024-06-03,Bengaluru,12.9716,77.5946,90.1,50.2,81.3,22.2,11.8,6.36,6,0.7,6,2024
2024-06-03,Hyderabad,17.385,78.4867,125.1,74.6,121.8,33.9,12.4,8.35,6,0.7,6,2024
2024-06-03,Puducherry,11.9416,79.8083,37.7,25.6,40.6,8.3,4.9,2.83,6,0.7,6,2024
2024-06-03,Lucknow,26.8467,80.9462,169.9,104.3,153.8,45.7,16.5,8.18,6,0.7,6,2024
2024-06-03,Patna,25.5941,85.1376,169.4,107.6,138.5,38.7,21.5,8.75,6,0.7,6,2024
2024-06-03,Ahmedabad,23.0225,72.5714,93.7,60.2,78.0,15.0,10.1,3.95,6,0.7,6,2024
2024-06-04,Delhi,28.6139,77.209,204.1,124.1,184.8,44.2,20.5,10.65,6,0.7,6,2024
2024-06-04,Mumbai,19.076,72.8777,42.0,17.6,29.2,13.5,0.2,2.93,6,0.7,6,2024
2024-06-04,Chennai,13.0827,80.2707,72.8,42.4,53.7,15.0,8.8,4.9,6,0.7,6,2024
2024-06-04,Kolkata,22.5726,88.3639,74.4,50.3,72.4,18.6,6.0,3.14,6,0.7,6,2024
2024-06-04,Bengaluru,12.9716,77.5946,124.7,75.7,122.9,32.1,11.6,6.82,6,0.7,6,2024
2024-06-04,Hyderabad,17.385,78.4867,159.5,92.5,150.9,40.6,13.1,6.5,6,0.7,6,2024
2024-06-04,Puducherry,11.9416,79.8083,43.5,27.8,46.2,4.6,5.7,2.06,6,0.7,6,2024
2024-06-04,Lucknow,26.8467,80.9462,154.2,95.5,152.7,39.8,12.7,7.52,6,0.7,6,2024
2024-06-04,Patna,25.5941,85.1376,227.6,141.0,210.2,54.9,20.0,11.97,6,0.7,6,2024
2024-06-04,Ahmedabad,23.0225,72.5714,57.4,37.9,57.2,12.5,5.5,3.07,6,0.7,6,2024
2024-06-05,Delhi,28.6139,77.209,146.8,81.2,131.8,37.0,17.4,6.56,6,0.7,6,2024
2024-06-05,Mumbai,19.076,72.8777,140.7,78.7,115.9,34.0,12.2,5.68,6,0.7,6,2024
2024-06-05,Chennai,13.0827,80.2707,111.6,64.7,118.9,23.9,7.7,6.87,6,0.7,6,2024
2024-06-05,Kolkata,22.5726,88.3639,89.7,54.5,69.9,22.3,6.2,4.41,6,0.7,6,2024
2024-06-05,Bengaluru,12.9716,77.5946,55.8,34.6,55.2,14.9,6.5,2.68,6,0.7,6,2024
2024-06-05,Hyderabad,17.385,78.4867,68.8,43.6,61.0,16.9,7.7,2.41,6,0.7,6,2024
2024-06-05,Puducherry,11.9416,79.8083,81.1,47.4,74.0,20.1,9.4,4.39,6,0.7,6,2024
2024-06-05,Lucknow,26.8467,80.9462,150.8,97.7,110.1,42.7,16.9,5.7,6,0.7,6,2024
2024-06-05,Patna,25.5941,85.1376,233.0,145.1,214.2,52.0,24.7,12.66,6,0.7,6,2024
2024-06-05,Ahmedabad,23.0225,72.5714,86.3,54.0,74.8,25.1,8.0,3.73,6,0.7,6,2024
2024-06-06,Delhi,28.6139,77.209,192.9,109.0,172.5,49.7,21.0,9.89,6,0.7,6,2024
2024-06-06,Mumbai,19.076,72.8777,40.7,31.2,48.1,10.6,2.6,1.5,6,0.7,6,2024
2024-06-06,Chennai,13.0827,80.2707,57.9,36.1,49.7,11.0,7.8,3.15,6,0.7,6,2024
2024-06-06,Kolkata,22.5726,88.3639,73.4,45.5,67.4,15.5,9.7,3.8,6,0.7,6,2024
2024-06-06,Bengaluru,12.9716,77.5946,63.5,37.7,60.7,15.6,6.2,4.24,6,0.7,6,2024
2024-06-06,Hyderabad,17.385,78.4867,34.4,14.4,37.2,18.3,5.2,3.58,6,0.7,6,2024
2024-06-06,Puducherry,11.9416,79.8083,43.8,23.1,43.1,14.8,1.8,1.98,6,0.7,6,2024
2024-06-06,Lucknow,26.8467,80.9462,152.2,87.9,132.5,41.4,16.2,8.41,6,0.7,6,2024
2024-06-06,Patna,25.5941,85.1376,191.6,110.6,175.8,44.1,18.5,8.54,6,0.7,6,2024
2024-06-06,Ahmedabad,23.0225,72.5714,84.5,51.2,72.4,17.6,10.7,4.11,6,0.7,6,2024
2024-06-07,Delhi,28.6139,77.209,153.8,86.9,123.4,37.6,12.6,8.4,6,0.7,6,2024
2024-06-07,Mumbai,19.076,72.8777,99.2,67.3,91.1,21.9,6.2,5.77,6,0.7,6,2024
2024-06-07,Chennai,13.0827,80.2707,30.5,16.3,40.8,10.1,3.8,2.47,6,0.7,6,2024
2024-06-07,Kolkata,22.5726,88.3639,171.4,110.7,149.4,41.3,15.3,8.54,6,0.7,6,2024
2024-06-07,Bengaluru,12.9716,77.5946,66.0,30.8,54.2,22.3,7.1,4.02,6,0.7,6,2024
2024-06-07,Hyderabad,17.385,78.4867,79.8,38.4,70.8,24.1,5.6,4.74,6,0.7,6,2024
2024-06-07,Puducherry,11.9416,79.8083,18.5,11.2,21.0,3.4,6.8,0.43,6,0.7,6,2024
2024-06-07,Lucknow,26.8467,80.9462,116.4,70.9,98.7,23.3,9.4,6.58,6,0.7,6,2024
2024-06-07,Patna,25.5941,85.1376,146.7,96.5,128.5,39.5,15.7,6.88,6,0.7,6,2024
2024-06-07,Ahmedabad,23.0225,72.5714,72.5,34.8,69.7,22.9,4.1,3.25,6,0.7,6,2024
2024-06-08,Delhi,28.6139,77.209,142.6,88.3,125.7,40.9,13.5,5.89,6,0.7,6,2024
2024-06-08,Mumbai,19.076,72.8777,79.2,45.7,75.5,18.3,8.8,3.17,6,0.7,6,2024
2024-06-08,Chennai,13.0827,80.2707,55.6,29.4,43.3,19.0,4.1,2.43,6,0.7,6,2024
2024-06-08,Kolkata,22.5726,88.3639,178.2,110.7,173.5,46.5,16.6,10.97,6,0.7,6,2024
2024-06-08,Bengaluru,12.9716,77.5946,87.5,51.7,79.2,22.6,8.3,3.0,6,0.7,6,2024
2024-06-08,Hyderabad,17.385,78.4867,140.9,84.4,128.3,43.5,12.7,7.7,6,0.7,6,2024
2024-06-08,Puducherry,11.9416,79.8083,36.7,23.6,34.6,12.3,6.1,1.26,6,0.7,6,2024
2024-06-08,Lucknow,26.8467,80.9462,246.1,155.1,219.5,61.5,23.6,12.0,6,0.7,6,2024
2024-06-08,Patna,25.5941,85.1376,83.8,54.2,59.0,18.2,8.3,5.49,6,0.7,6,2024
2024-06-08,Ahmedabad,23.0225,72.5714,87.5,54.6,78.1,25.7,9.5,5.21,6,0.7,6,2024
2024-06-09,Delhi,28.6139,77.209,151.9,86.1,139.6,36.0,15.3,7.91,6,0.7,6,2024
2024-06-09,Mumbai,19.076,72.8777,147.7,92.6,127.5,32.3,18.2,5.8,6,0.7,6,2024
2024-06-09,Chennai,13.0827,80.2707,51.7,34.2,59.6,12.2,5.2,1.71,6,0.7,6,2024
2024-06-09,Kolkata,22.5726,88.3639,132.3,73.6,113.1,36.1,12.4,7.53,6,0.7,6,2024
2024-06-09,Bengaluru,12.9716,77.5946,65.4,32.4,68.2,11.1,5.3,3.07,6,0.7,6,2024
2024-06-09,Hyderabad,17.385,78.4867,119.2,68.9,99.9,30.5,11.5,5.49,6,0.7,6,2024
2024-06-09,Puducherry,11.9416,79.8083,56.8,28.1,37.3,22.8,5.9,3.01,6,0.7,6,2024
2024-06-09,Lucknow,26.8467,80.9462,103.2,66.4,88.6,14.7,9.2,4.88,6,0.7,6,2024
2024-06-09,Patna,25.5941,85.1376,156.1,92.7,135.3,36.1,15.0,6.16,6,0.7,6,2024
2024-06-09,Ahmedabad,23.0225,72.5714,23.9,14.8,22.4,9.5,1.9,0.0,6,0.7,6,2024
2024-06-10,Delhi,28.6139,77.209,40.8,20.0,40.1,16.0,4.2,0.83,6,0.7,6,2024
2024-06-10,Mumbai,19.076,72.8777,62.8,33.4,53.3,20.2,8.7,2.97,6,0.7,6,2024
2024-06-10,Chennai,13.0827,80.2707,67.6,36.6,47.2,24.1,2.1,1.54,6,0.7,6,2024
2024-06-10,Kolkata,22.5726,88.3639,215.8,129.6,185.2,56.7,23.1,9.46,6,0.7,6,2024
2024-06-10,Bengaluru,12.9716,77.5946,54.0,36.8,42.1,14.6,8.2,0.31,6,0.7,6,2024
2024-06-10,Hyderabad,17.385,78.4867,72.1,44.6,50.6,15.9,9.3,2.9,6,0.7,6,2024
2024-06-10,Puducherry,11.9416,79.8083,22.8,19.3,24.1,5.4,2.1,2.17,6,0.7,6,2024
2024-06-10,Lucknow,26.8467,80.9462,173.1,107.1,150.2,35.6,18.6,9.76,6,0.7,6,2024
2024-06-10,Patna,25.5941,85.1376,152.3,95.8,134.4,37.7,18.7,7.32,6,0.7,6,2024
2024-06-10,Ahmedabad,23.0225,72.5714,96.2,48.4,92.1,21.2,9.9,4.49,6,0.7,6,2024
2024-06-11,Delhi,28.6139,77.209,160.3,95.6,143.9,44.8,19.1,8.67,6,0.7,6,2024
2024-06-11,Mumbai,19.076,72.8777,148.9,93.6,138.0,43.0,12.3,6.76,6,0.7,6,2024
2024-06-11,Chennai,13.0827,80.2707,42.5,24.0,43.7,6.2,5.3,1.54,6,0.7,6,2024
2024-06-11,Kolkata,22.5726,88.3639,108.6,66.2,111.2,24.3,10.7,4.35,6,0.7,6,2024
2024-06-11,Bengaluru,12.9716,77.5946,48.3,23.5,45.4,13.8,6.2,1.66,6,0.7,6,2024
2024-06-11,Hyderabad,17.385,78.4867,101.8,61.6,91.2,20.5,10.5,5.27,6,0.7,6,2024
2024-06-11,Puducherry,11.9416,79.8083,54.5,34.7,54.6,9.2,5.0,3.24,6,0.7,6,2024
2024-06-11,Lucknow,26.8467,80.9462,136.6,86.8,123.7,26.3,15.3,6.71,6,0.7,6,2024
2024-06-11,Patna,25.5941,85.1376,44.1,25.2,29.5,14.0,4.3,1.28,6,0.7,6,2024
2024-06-11,Ahmedabad,23.0225,72.5714,148.5,91.4,131.8,32.1,13.2,6.57,6,0.7,6,2024
2024-06-12,Delhi,28.6139,77.209,255.7,145.0,229.8,62.9,27.6,13.02,6,0.7,6,2024
2024-06-12,Mumbai,19.076,72.8777,119.4,69.0,97.6,28.5,13.5,6.74,6,0.7,6,2024
2024-06-12,Chennai,13.0827,80.2707,52.2,27.0,38.5,12.5,5.5,4.08,6,0.7,6,2024
2024-06-12,Kolkata,22.5726,88.3639,132.2,82.4,112.7,33.2,13.5,6.47,6,0.7,6,2024
2024-06-12,Bengaluru,12.9716,77.5946,69.3,42.2,66.2,22.0,2.4,4.58,6,0.7,6,2024
2024-06-12,Hyderabad,17.385,78.4867,24.1,16.0,40.5,5.9,2.8,0.89,6,0.7,6,2024
2024-06-12,Puducherry,11.9416,79.8083,65.8,41.3,53.8,16.0,4.3,3.17,6,0.7,6,2024
2024-06-12,Lucknow,26.8467,80.9462,126.7,76.7,108.4,30.8,12.7,6.41,6,0.7,6,2024
2024-06-12,Patna,25.5941,85.1376,187.2,111.4,162.2,47.1,18.4,10.38,6,0.7,6,2024
2024-06-12,Ahmedabad,23.0225,72.5714,163.8,91.4,152.4,44.2,13.7,8.77,6,0.7,6,2024
2024-06-13,Delhi,28.6139,77.209,267.7,155.9,239.0,67.7,27.9,12.4,6,0.7,6,2024
2024-06-13,Mumbai,19.076,72.8777,144.3,76.4,140.5,38.3,13.2,8.08,6,0.7,6,2024
2024-06-13,Chennai,13.0827,80.2707,36.8,22.7,35.0,10.1,2.0,1.34,6,0.7,6,2024
2024-06-13,Kolkata,22.5726,88.3639,132.3,75.7,121.2,30.6,15.2,8.18,6,0.7,6,2024
2024-06-13,Bengaluru,12.9716,77.5946,61.1,41.3,53.3,11.5,5.3,3.14,6,0.7,6,2024
2024-06-13,Hyderabad,17.385,78.4867,21.5,16.0,20.0,9.4,3.4,1.19,6,0.7,6,2024
2024-06-13,Puducherry,11.9416,79.8083,45.4,34.9,58.2,10.0,6.6,1.56,6,0.7,6,2024
2024-06-13,Lucknow,26.8467,80.9462,115.8,67.5,109.7,24.7,14.7,6.73,6,0.7,6,2024
2024-06-13,Patna,25.5941,85.1376,214.3,127.1,199.5,41.9,22.3,10.88,6,0.7,6,2024
2024-06-13,Ahmedabad,23.0225,72.5714,27.1,18.3,29.1,0.0,0.3,3.42,6,0.7,6,2024
2024-06-14,Delhi,28.6139,77.209,181.1,113.5,172.0,46.9,20.1,6.94,6,0.7,6,2024
2024-06-14,Mumbai,19.076,72.8777,88.8,37.9,66.0,20.0,7.5,4.48,6,0.7,6,2024
2024-06-14,Chennai,13.0827,80.2707,62.5,38.2,57.6,17.0,4.3,2.4,6,0.7,6,2024
2024-06-14,Kolkata,22.5726,88.3639,124.2,74.4,103.1,35.4,13.9,5.35,6,0.7,6,2024
2024-06-14,Bengaluru,12.9716,77.5946,63.7,48.3,58.6,17.5,5.2,2.87,6,0.7,6,2024
2024-06-14,Hyderabad,17.385,78.4867,136.9,82.7,122.6,34.3,18.8,6.88,6,0.7,6,2024
2024-06-14,Puducherry,11.9416,79.8083,35.9,18.3,38.6,3.3,4.5,1.07,6,0.7,6,2024
2024-06-14,Lucknow,26.8467,80.9462,33.2,15.0,30.1,13.9,5.1,1.37,6,0.7,6,2024
2024-06-14,Patna,25.5941,85.1376,236.1,139.9,200.8,59.1,20.6,12.6,6,0.7,6,2024
2024-06-14,Ahmedabad,23.0225,72.5714,148.3,84.6,134.6,37.6,16.6,6.17,6,0.7,6,2024
2024-06-15,Delhi,28.6139,77.209,244.0,139.8,225.8,65.3,23.1,13.42,6,0.7,6,2024
2024-06-15,Mumbai,19.076,72.8777,35.0,26.5,43.0,10.1,3.1,2.06,6,0.7,6,2024
2024-06-15,Chennai,13.0827,80.2707,47.9,41.9,38.4,17.2,3.3,3.99,6,0.7,6,2024
2024-06-15,Kolkata,22.5726,88.3639,226.6,137.9,206.2,52.8,20.5,11.63,6,0.7,6,2024
2024-06-15,Bengaluru,12.9716,77.5946,113.7,65.5,120.0,26.0,11.8,5.92,6,0.7,6,2024
2024-06-15,Hyderabad,17.385,78.4867,80.4,38.0,67.4,20.9,7.8,4.66,6,0.7,6,2024
2024-06-15,Puducherry,11.9416,79.8083,67.6,39.4,53.1,23.1,4.0,2.78,6,0.7,6,2024
2024-06-15,Lucknow,26.8467,80.9462,98.8,63.0,99.5,24.0,10.3,5.37,6,0.7,6,2024
2024-06-15,Patna,25.5941,85.1376,294.3,167.7,270.8,75.1,28.7,15.04,6,0.7,6,2024
2024-06-15,Ahmedabad,23.0225,72.5714,145.3,90.1,148.0,36.8,14.6,7.08,6,0.7,6,2024
2024-06-16,Delhi,28.6139,77.209,240.2,144.0,216.3,60.1,23.8,11.4,6,0.7,6,2024
2024-06-16,Mumbai,19.076,72.8777,114.7,67.4,108.1,29.1,10.7,7.3,6,0.7,6,2024
2024-06-16,Chennai,13.0827,80.2707,60.4,39.4,48.8,7.0,4.9,0.88,6,0.7,6,2024
2024-06-16,Kolkata,22.5726,88.3639,114.2,75.9,95.5,20.1,14.4,5.23,6,0.7,6,2024
2024-06-16,Bengaluru,12.9716,77.5946,69.5,45.6,66.7,20.4,8.8,1.73,6,0.7,6,2024
2024-06-16,Hyderabad,17.385,78.4867,34.5,26.6,24.8,5.9,0.9,1.32,6,0.7,6,2024
2024-06-16,Puducherry,11.9416,79.8083,45.5,22.6,32.5,12.6,2.9,1.67,6,0.7,6,2024
2024-06-16,Lucknow,26.8467,80.9462,11.9,16.8,18.2,1.0,0.0,0.61,6,0.7,6,2024
2024-06-16,Patna,25.5941,85.1376,166.8,93.7,129.7,39.6,13.6,8.51,6,0.7,6,2024
2024-06-16,Ahmedabad,23.0225,72.5714,120.0,67.1,103.7,37.1,13.6,5.55,6,0.7,6,2024
2024-06-17,Delhi,28.6139,77.209,379.4,221.7,335.0,94.4,34.9,20.76,6,0.7,6,2024
2024-06-17,Mumbai,19.076,72.8777,105.3,59.2,98.4,26.9,9.9,4.06,6,0.7,6,2024
2024-06-17,Chennai,13.0827,80.2707,27.1,27.2,13.6,13.6,1.0,2.15,6,0.7,6,2024
2024-06-17,Kolkata,22.5726,88.3639,149.3,92.9,140.2,30.9,13.6,6.1,6,0.7,6,2024
2024-06-17,Bengaluru,12.9716,77.5946,75.7,38.8,52.3,18.0,3.2,4.04,6,0.7,6,2024
2024-06-17,Hyderabad,17.385,78.4867,40.0,19.8,17.8,16.6,1.1,1.64,6,0.7,6,2024
2024-06-17,Puducherry,11.9416,79.8083,16.7,5.8,29.0,5.4,0.2,0.8,6,0.7,6,2024
2024-06-17,Lucknow,26.8467,80.9462,117.6,70.1,111.8,28.1,12.2,6.12,6,0.7,6,2024
2024-06-17,Patna,25.5941,85.1376,145.2,83.4,126.5,39.1,16.1,6.12,6,0.7,6,2024
2024-06-17,Ahmedabad,23.0225,72.5714,100.3,56.4,96.7,23.2,14.4,5.23,6,0.7,6,2024
2024-06-18,Delhi,28.6139,77.209,290.6,169.3,261.6,75.1,27.0,14.55,6,0.7,6,2024
2024-06-18,Mumbai,19.076,72.8777,140.1,82.4,119.3,42.2,11.7,7.16,6,0.7,6,2024
2024-06-18,Chennai,13.0827,80.2707,45.3,22.5,46.7,10.5,5.3,0.01,6,0.7,6,2024
2024-06-18,Kolkata,22.5726,88.3639,151.2,87.1,121.0,45.3,16.3,7.79,6,0.7,6,2024
2024-06-18,Bengaluru,12.9716,77.5946,107.5,65.7,90.4,26.2,9.4,4.87,6,0.7,6,2024
2024-06-18,Hyderabad,17.385,78.4867,40.0,19.1,43.2,11.3,3.0,0.97,6,0.7,6,2024
2024-06-18,Puducherry,11.9416,79.8083,44.4,18.2,41.0,14.9,9.2,1.12,6,0.7,6,2024
2024-06-18,Lucknow,26.8467,80.9462,212.7,124.1,182.4,48.7,21.6,9.7,6,0.7,6,2024
2024-06-18,Patna,25.5941,85.1376,125.5,73.1,107.0,28.1,7.7,6.36,6,0.7,6,2024
2024-06-18,Ahmedabad,23.0225,72.5714,115.0,65.0,106.4,34.3,11.5,7.08,6,0.7,6,2024
2024-06-19,Delhi,28.6139,77.209,375.1,237.7,328.1,89.0,36.6,18.88,6,0.7,6,2024
2024-06-19,Mumbai,19.076,72.8777,161.5,100.0,135.7,37.9,16.1,6.59,6,0.7,6,2024
2024-06-19,Chennai,13.0827,80.2707,63.3,32.0,43.8,12.0,7.2,3.57,6,0.7,6,2024
2024-06-19,Kolkata,22.5726,88.3639,130.8,83.4,124.8,33.5,13.2,6.67,6,0.7,6,2024
2024-06-19,Bengaluru,12.9716,77.5946,65.6,28.5,68.1,18.0,4.1,4.71,6,0.7,6,2024
2024-06-19,Hyderabad,17.385,78.4867,63.4,37.5,65.2,16.7,9.0,2.82,6,0.7,6,2024
2024-06-19,Puducherry,11.9416,79.8083,86.3,47.9,88.2,12.5,6.4,4.61,6,0.7,6,2024
2024-06-19,Lucknow,26.8467,80.9462,128.0,76.4,115.5,27.2,10.6,6.63,6,0.7,6,2024
2024-06-19,Patna,25.5941,85.1376,121.4,79.5,107.7,33.2,13.0,5.47,6,0.7,6,2024
2024-06-19,Ahmedabad,23.0225,72.5714,22.9,19.7,12.8,4.1,2.0,1.09,6,0.7,6,2024
2024-06-20,Delhi,28.6139,77.209,273.0,163.8,244.7,72.3,28.5,12.91,6,0.7,6,2024
2024-06-20,Mumbai,19.076,72.8777,52.1,27.1,46.5,8.0,5.4,2.48,6,0.7,6,2024
2024-06-20,Chennai,13.0827,80.2707,10.0,0.0,0.0,1.1,3.1,0.0,6,0.7,6,2024
2024-06-20,Kolkata,22.5726,88.3639,59.9,35.1,45.4,10.7,7.1,2.5,6,0.7,6,2024
2024-06-20,Bengaluru,12.9716,77.5946,25.4,4.8,40.5,10.9,1.6,1.36,6,0.7,6,2024
2024-06-20,Hyderabad,17.385,78.4867,66.9,42.7,53.4,14.6,7.6,4.8,6,0.7,6,2024
2024-06-20,Puducherry,11.9416,79.8083,67.3,46.5,58.1,14.3,2.9,3.44,6,0.7,6,2024
2024-06-20,Lucknow,26.8467,80.9462,178.6,105.7,154.5,49.6,19.1,10.24,6,0.7,6,2024
2024-06-20,Patna,25.5941,85.1376,101.2,57.2,100.7,25.1,9.0,4.56,6,0.7,6,2024
2024-06-20,Ahmedabad,23.0225,72.5714,111.5,71.9,99.1,31.0,12.1,4.7,6,0.7,6,2024
2024-06-21,Delhi,28.6139,77.209,125.7,73.2,102.4,29.4,15.6,6.25,6,0.7,6,2024
2024-06-21,Mumbai,19.076,72.8777,67.3,50.0,53.1,13.0,9.2,4.03,6,0.7,6,2024
2024-06-21,Chennai,13.0827,80.2707,59.7,40.0,56.1,10.2,1.2,2.42,6,0.7,6,2024
2024-06-21,Kolkata,22.5726,88.3639,180.2,106.0,165.9,45.8,14.6,8.6,6,0.7,6,2024
2024-06-21,Bengaluru,12.9716,77.5946,80.8,44.5,69.8,21.8,8.2,5.09,6,0.7,6,2024
2024-06-21,Hyderabad,17.385,78.4867,97.4,53.7,83.8,24.4,12.4,4.4,6,0.7,6,2024
2024-06-21,Puducherry,11.9416,79.8083,17.8,12.9,10.0,0.0,1.8,1.86,6,0.7,6,2024
2024-06-21,Lucknow,26.8467,80.9462,116.7,72.5,110.5,32.3,10.2,4.71,6,0.7,6,2024
2024-06-21,Patna,25.5941,85.1376,99.1,63.4,94.5,20.9,14.2,3.88,6,0.7,6,2024
2024-06-21,Ahmedabad,23.0225,72.5714,157.0,101.8,142.2,36.2,14.2,7.59,6,0.7,6,2024
2024-06-22,Delhi,28.6139,77.209,282.5,163.5,239.5,72.1,29.4,16.09,6,0.7,6,2024
2024-06-22,Mumbai,19.076,72.8777,42.7,24.9,47.7,11.2,3.9,2.92,6,0.7,6,2024
2024-06-22,Chennai,13.0827,80.2707,48.0,33.1,33.2,5.9,4.3,0.0,6,0.7,6,2024
2024-06-22,Kolkata,22.5726,88.3639,130.2,69.5,119.4,33.3,12.9,6.95,6,0.7,6,2024
2024-06-22,Bengaluru,12.9716,77.5946,76.1,44.2,83.1,20.6,9.2,4.88,6,0.7,6,2024
2024-06-22,Hyderabad,17.385,78.4867,107.4,74.8,98.0,26.8,9.4,5.11,6,0.7,6,2024
2024-06-22,Puducherry,11.9416,79.8083,37.9,26.1,26.8,9.8,4.9,2.05,6,0.7,6,2024
2024-06-22,Lucknow,26.8467,80.9462,95.8,61.0,85.5,12.5,7.6,6.19,6,0.7,6,2024
2024-06-22,Patna,25.5941,85.1376,271.9,165.8,251.0,64.9,26.7,14.83,6,0.7,6,2024
2024-06-22,Ahmedabad,23.0225,72.5714,131.2,79.0,116.6,37.5,15.4,7.21,6,0.7,6,2024
2024-06-23,Delhi,28.6139,77.209,201.3,119.0,186.7,45.9,18.3,8.61,6,0.7,6,2024
2024-06-23,Mumbai,19.076,72.8777,147.4,84.8,135.9,36.3,20.5,7.81,6,0.7,6,2024
2024-06-23,Chennai,13.0827,80.2707,16.4,15.7,11.7,3.3,0.3,1.02,6,0.7,6,2024
2024-06-23,Kolkata,22.5726,88.3639,135.1,77.8,117.5,34.2,8.8,5.31,6,0.7,6,2024
2024-06-23,Bengaluru,12.9716,77.5946,120.1,73.7,103.9,23.2,11.9,6.99,6,0.7,6,2024
2024-06-23,Hyderabad,17.385,78.4867,176.4,115.3,151.7,42.1,14.7,7.98,6,0.7,6,2024
2024-06-23,Puducherry,11.9416,79.8083,48.2,27.1,59.8,6.8,4.7,0.35,6,0.7,6,2024
2024-06-23,Lucknow,26.8467,80.9462,175.5,98.6,166.8,42.7,14.7,6.67,6,0.7,6,2024
2024-06-23,Patna,25.5941,85.1376,99.5,60.9,92.9,22.9,11.8,3.84,6,0.7,6,2024
2024-06-23,Ahmedabad,23.0225,72.5714,10.0,7.4,19.3,7.7,0.0,0.0,6,0.7,6,2024
2024-06-24,Delhi,28.6139,77.209,253.9,149.2,229.4,60.6,23.2,11.8,6,0.7,6,2024
2024-06-24,Mumbai,19.076,72.8777,136.2,81.8,132.8,36.1,16.8,7.63,6,0.7,6,2024
2024-06-24,Chennai,13.0827,80.2707,82.0,48.6,97.9,21.0,4.3,4.37,6,0.7,6,2024
2024-06-24,Kolkata,22.5726,88.3639,76.9,51.2,75.0,18.5,5.9,3.99,6,0.7,6,2024
2024-06-24,Bengaluru,12.9716,77.5946,50.8,34.4,50.2,24.4,4.2,2.24,6,0.7,6,2024
2024-06-24,Hyderabad,17.385,78.4867,78.6,46.6,79.0,18.5,11.8,4.51,6,0.7,6,2024
2024-06-24,Puducherry,11.9416,79.8083,42.8,22.0,46.8,10.8,4.3,1.54,6,0.7,6,2024
2024-06-24,Lucknow,26.8467,80.9462,150.0,86.8,145.9,40.4,14.7,7.31,6,0.7,6,2024
2024-06-24,Patna,25.5941,85.1376,174.5,104.7,149.4,36.0,15.9,8.6,6,0.7,6,2024
2024-06-24,Ahmedabad,23.0225,72.5714,78.8,51.4,69.1,27.2,6.8,4.08,6,0.7,6,2024
2024-06-25,Delhi,28.6139,77.209,172.9,105.9,164.1,45.7,13.2,9.14,6,0.7,6,2024
2024-06-25,Mumbai,19.076,72.8777,57.6,33.0,57.4,9.9,8.1,2.53,6,0.7,6,2024
2024-06-25,Chennai,13.0827,80.2707,117.3,70.7,119.2,34.1,10.5,4.56,6,0.7,6,2024
2024-06-25,Kolkata,22.5726,88.3639,131.7,76.1,131.2,31.9,12.6,5.19,6,0.7,6,2024
2024-06-25,Bengaluru,12.9716,77.5946,82.6,43.7,77.9,23.0,6.8,5.09,6,0.7,6,2024
2024-06-25,Hyderabad,17.385,78.4867,74.4,37.3,79.3,14.9,8.5,4.15,6,0.7,6,2024
2024-06-25,Puducherry,11.9416,79.8083,60.3,38.0,46.5,21.8,7.9,3.49,6,0.7,6,2024
2024-06-25,Lucknow,26.8467,80.9462,67.4,35.5,65.9,8.8,7.4,2.04,6,0.7,6,2024
2024-06-25,Patna,25.5941,85.1376,107.2,57.3,98.4,31.3,11.4,5.82,6,0.7,6,2024
2024-06-25,Ahmedabad,23.0225,72.5714,119.6,75.2,111.4,19.0,13.8,6.78,6,0.7,6,2024
2024-06-26,Delhi,28.6139,77.209,167.0,90.3,152.2,43.1,15.8,8.54,6,0.7,6,2024
2024-06-26,Mumbai,19.076,72.8777,140.9,96.5,128.0,36.6,12.4,6.54,6,0.7,6,2024
2024-06-26,Chennai,13.0827,80.2707,59.6,41.6,60.2,22.6,3.0,1.66,6,0.7,6,2024
2024-06-26,Kolkata,22.5726,88.3639,181.1,115.9,163.3,27.4,16.6,9.39,6,0.7,6,2024
2024-06-26,Bengaluru,12.9716,77.5946,43.0,26.7,53.9,16.5,5.9,2.09,6,0.7,6,2024
2024-06-26,Hyderabad,17.385,78.4867,66.7,43.8,60.2,16.9,3.6,2.62,6,0.7,6,2024
2024-06-26,Puducherry,11.9416,79.8083,67.5,35.0,62.9,18.5,7.7,3.94,6,0.7,6,2024
2024-06-26,Lucknow,26.8467,80.9462,194.8,113.8,163.6,45.2,20.9,8.54,6,0.7,6,2024
2024-06-26,Patna,25.5941,85.1376,95.2,51.9,70.9,19.2,11.5,4.04,6,0.7,6,2024
2024-06-26,Ahmedabad,23.0225,72.5714,33.3,17.4,34.1,1.0,5.2,0.22,6,0.7,6,2024
2024-06-27,Delhi,28.6139,77.209,164.4,96.6,143.5,40.8,18.0,8.18,6,0.7,6,2024
2024-06-27,Mumbai,19.076,72.8777,73.8,46.6,68.1,15.8,7.5,2.94,6,0.7,6,2024
2024-06-27,Chennai,13.0827,80.2707,41.4,28.9,40.8,13.4,5.4,1.18,6,0.7,6,2024
2024-06-27,Kolkata,22.5726,88.3639,176.1,104.2,165.9,43.5,18.2,9.15,6,0.7,6,2024
2024-06-27,Bengaluru,12.9716,77.5946,94.4,48.5,72.3,26.3,10.2,3.94,6,0.7,6,2024
2024-06-27,Hyderabad,17.385,78.4867,96.8,51.0,113.2,29.4,10.9,4.92,6,0.7,6,2024
2024-06-27,Puducherry,11.9416,79.8083,40.1,17.5,35.2,6.6,2.4,0.59,6,0.7,6,2024
2024-06-27,Lucknow,26.8467,80.9462,170.2,100.2,157.5,44.4,17.5,11.17,6,0.7,6,2024
2024-06-27,Patna,25.5941,85.1376,225.7,129.1,206.8,56.2,19.9,9.86,6,0.7,6,2024
2024-06-27,Ahmedabad,23.0225,72.5714,132.4,82.9,110.8,37.0,13.8,7.82,6,0.7,6,2024
2024-06-28,Delhi,28.6139,77.209,283.2,169.1,268.0,66.3,33.1,13.28,6,0.7,6,2024
2024-06-28,Mumbai,19.076,72.8777,96.1,54.8,83.5,35.7,8.7,5.66,6,0.7,6,2024
2024-06-28,Chennai,13.0827,80.2707,57.1,38.9,47.0,15.3,7.0,2.13,6,0.7,6,2024
2024-06-28,Kolkata,22.5726,88.3639,263.9,161.7,235.7,63.2,26.6,11.98,6,0.7,6,2024
2024-06-28,Bengaluru,12.9716,77.5946,123.5,76.3,110.4,35.1,10.9,5.02,6,0.7,6,2024
2024-06-28,Hyderabad,17.385,78.4867,79.4,48.3,75.7,13.9,7.0,0.89,6,0.7,6,2024
2024-06-28,Puducherry,11.9416,79.8083,28.9,20.9,33.7,2.7,2.2,1.47,6,0.7,6,2024
2024-06-28,Lucknow,26.8467,80.9462,224.1,142.1,202.9,55.0,19.5,11.31,6,0.7,6,2024
2024-06-28,Patna,25.5941,85.1376,313.2,194.4,283.3,79.5,29.9,15.3,6,0.7,6,2024
2024-06-28,Ahmedabad,23.0225,72.5714,118.6,71.9,114.8,33.5,12.9,4.93,6,0.7,6,2024
2024-06-29,Delhi,28.6139,77.209,119.1,67.0,109.1,21.7,11.9,7.36,6,0.7,6,2024
2024-06-29,Mumbai,19.076,72.8777,124.7,73.1,106.6,34.4,13.1,5.99,6,0.7,6,2024
2024-06-29,Chennai,13.0827,80.2707,48.3,29.4,41.0,15.2,7.3,1.05,6,0.7,6,2024
2024-06-29,Kolkata,22.5726,88.3639,64.7,45.6,59.6,11.6,8.4,3.58,6,0.7,6,2024
2024-06-29,Bengaluru,12.9716,77.5946,136.1,80.5,131.4,28.2,16.4,7.75,6,0.7,6,2024
2024-06-29,Hyderabad,17.385,78.4867,140.2,89.7,125.4,30.4,12.8,5.25,6,0.7,6,2024
2024-06-29,Puducherry,11.9416,79.8083,34.1,22.6,30.3,7.6,1.8,0.0,6,0.7,6,2024
2024-06-29,Lucknow,26.8467,80.9462,165.8,101.4,141.3,39.3,19.7,9.45,6,0.7,6,2024
2024-06-29,Patna,25.5941,85.1376,64.1,38.0,69.3,15.2,5.9,4.3,6,0.7,6,2024
2024-06-29,Ahmedabad,23.0225,72.5714,156.4,98.5,138.7,41.8,18.6,7.77,6,0.7,6,2024
2024-06-30,Delhi,28.6139,77.209,163.7,104.4,163.7,49.4,15.6,7.91,6,0.7,6,2024
2024-06-30,Mumbai,19.076,72.8777,56.8,34.7,42.5,12.1,7.1,3.23,6,0.7,6,2024
2024-06-30,Chennai,13.0827,80.2707,17.7,18.5,7.2,0.6,0.0,0.22,6,0.7,6,2024
2024-06-30,Kolkata,22.5726,88.3639,81.2,44.4,53.4,20.8,8.6,6.3,6,0.7,6,2024
2024-06-30,Bengaluru,12.9716,77.5946,84.6,48.3,66.5,20.8,9.4,3.73,6,0.7,6,2024
2024-06-30,Hyderabad,17.385,78.4867,86.1,61.1,74.4,14.0,10.4,4.62,6,0.7,6,2024
2024-06-30,Puducherry,11.9416,79.8083,18.3,13.1,8.5,6.3,5.6,0.74,6,0.7,6,2024
2024-06-30,Lucknow,26.8467,80.9462,224.4,128.5,189.8,64.2,23.1,11.86,6,0.7,6,2024
2024-06-30,Patna,25.5941,85.1376,248.6,146.5,230.3,64.8,22.3,13.94,6,0.7,6,2024
2024-06-30,Ahmedabad,23.0225,72.5714,170.8,96.1,155.3,41.8,19.9,7.13,6,0.7,6,2024
2024-07-01,Delhi,28.6139,77.209,484.2,289.6,441.7,126.6,48.0,24.1,7,0.7,7,2024
2024-07-01,Mumbai,19.076,72.8777,77.9,42.3,72.3,18.9,6.8,3.44,7,0.7,7,2024
2024-07-01,Chennai,13.0827,80.2707,77.4,42.5,67.7,22.9,8.2,2.82,7,0.7,7,2024
2024-07-01,Kolkata,22.5726,88.3639,124.8,77.1,120.2,28.2,11.4,5.54,7,0.7,7,2024
2024-07-01,Bengaluru,12.9716,77.5946,50.6,32.4,50.3,16.9,4.9,1.12,7,0.7,7,2024
2024-07-01,Hyderabad,17.385,78.4867,107.4,65.2,97.1,21.7,10.3,4.18,7,0.7,7,2024
2024-07-01,Puducherry,11.9416,79.8083,62.1,35.1,51.7,9.4,8.3,2.85,7,0.7,7,2024
2024-07-01,Lucknow,26.8467,80.9462,159.7,92.1,130.5,37.8,15.2,8.28,7,0.7,7,2024
2024-07-01,Patna,25.5941,85.1376,143.1,82.3,116.8,36.0,12.7,8.48,7,0.7,7,2024
2024-07-01,Ahmedabad,23.0225,72.5714,118.8,74.1,104.9,30.5,10.1,4.76,7,0.7,7,2024
2024-07-02,Delhi,28.6139,77.209,197.2,121.2,161.9,47.3,23.4,10.34,7,0.7,7,2024
2024-07-02,Mumbai,19.076,72.8777,159.5,92.5,139.9,43.7,17.2,7.88,7,0.7,7,2024
2024-07-02,Chennai,13.0827,80.2707,31.4,24.6,48.3,1.6,5.9,1.1,7,0.7,7,2024
2024-07-02,Kolkata,22.5726,88.3639,109.3,66.9,88.7,27.2,7.7,5.94,7,0.7,7,2024
2024-07-02,Bengaluru,12.9716,77.5946,137.0,79.0,122.0,33.8,15.7,7.26,7,0.7,7,2024
2024-07-02,Hyderabad,17.385,78.4867,116.2,67.2,108.0,15.6,13.0,4.59,7,0.7,7,2024
2024-07-02,Puducherry,11.9416,79.8083,45.9,31.3,29.0,15.8,4.3,3.75,7,0.7,7,2024
2024-07-02,Lucknow,26.8467,80.9462,95.3,48.1,85.5,26.2,10.9,3.63,7,0.7,7,2024
2024-07-02,Patna,25.5941,85.1376,54.3,31.0,53.0,15.4,8.6,2.34,7,0.7,7,2024
2024-07-02,Ahmedabad,23.0225,72.5714,29.0,23.4,27.7,8.4,4.4,2.71,7,0.7,7,2024
2024-07-03,Delhi,28.6139,77.209,194.2,122.4,179.2,45.9,19.0,10.33,7,0.7,7,2024
2024-07-03,Mumbai,19.076,72.8777,69.6,46.2,63.9,18.9,9.8,3.84,7,0.7,7,2024
2024-07-03,Chennai,13.0827,80.2707,64.8,38.5,57.2,17.4,9.2,2.63,7,0.7,7,2024
2024-07-03,Kolkata,22.5726,88.3639,91.6,61.4,77.9,23.8,8.0,2.9,7,0.7,7,2024
2024-07-03,Bengaluru,12.9716,77.5946,75.9,51.1,67.8,13.0,7.8,3.04,7,0.7,7,2024
2024-07-03,Hyderabad,17.385,78.4867,10.0,5.6,13.1,7.2,4.5,1.15,7,0.7,7,2024
2024-07-03,Puducherry,11.9416,79.8083,71.2,36.3,77.1,22.9,6.4,4.24,7,0.7,7,2024
2024-07-03,Lucknow,26.8467,80.9462,191.8,122.4,171.4,45.0,18.2,10.49,7,0.7,7,2024
2024-07-03,Patna,25.5941,85.1376,33.6,5.2,37.4,9.5,3.4,0.37,7,0.7,7,2024
2024-07-03,Ahmedabad,23.0225,72.5714,35.1,17.9,34.5,6.4,5.3,0.8,7,0.7,7,2024
2024-07-04,Delhi,28.6139,77.209,154.5,96.2,136.0,37.3,14.2,6.9,7,0.7,7,2024
2024-07-04,Mumbai,19.076,72.8777,112.2,69.7,102.8,25.6,10.8,7.21,7,0.7,7,2024
2024-07-04,Chennai,13.0827,80.2707,27.5,25.9,25.5,6.2,4.7,0.0,7,0.7,7,2024
2024-07-04,Kolkata,22.5726,88.3639,195.0,126.3,184.2,40.3,21.0,11.4,7,0.7,7,2024
2024-07-04,Bengaluru,12.9716,77.5946,116.3,62.7,112.8,36.3,11.7,4.36,7,0.7,7,2024
2024-07-04,Hyderabad,17.385,78.4867,113.0,73.1,100.6,23.5,13.3,4.88,7,0.7,7,2024
2024-07-04,Puducherry,11.9416,79.8083,60.4,44.0,41.1,18.7,5.6,2.84,7,0.7,7,2024
2024-07-04,Lucknow,26.8467,80.9462,187.4,108.6,159.3,39.7,21.2,9.0,7,0.7,7,2024
2024-07-04,Patna,25.5941,85.1376,207.9,122.3,177.8,54.6,21.4,10.16,7,0.7,7,2024
2024-07-04,Ahmedabad,23.0225,72.5714,125.6,70.6,121.5,36.6,14.1,5.91,7,0.7,7,2024
2024-07-05,Delhi,28.6139,77.209,200.7,128.3,190.9,58.2,18.5,9.16,7,0.7,7,2024
2024-07-05,Mumbai,19.076,72.8777,103.4,64.1,91.9,24.3,12.9,5.08,7,0.7,7,2024
2024-07-05,Chennai,13.0827,80.2707,32.6,14.1,31.3,20.2,1.3,1.32,7,0.7,7,2024
2024-07-05,Kolkata,22.5726,88.3639,246.2,145.3,225.2,69.1,22.7,12.0,7,0.7,7,2024
2024-07-05,Bengaluru,12.9716,77.5946,55.5,25.7,62.5,11.5,3.8,2.33,7,0.7,7,2024
2024-07-05,Hyderabad,17.385,78.4867,116.5,70.5,98.5,30.8,13.3,5.8,7,0.7,7,2024
2024-07-05,Puducherry,11.9416,79.8083,47.8,33.8,41.6,18.4,3.3,1.61,7,0.7,7,2024
2024-07-05,Lucknow,26.8467,80.9462,95.3,56.0,85.8,18.5,9.7,5.33,7,0.7,7,2024
2024-07-05,Patna,25.5941,85.1376,65.4,36.6,63.4,12.0,5.9,4.36,7,0.7,7,2024
2024-07-05,Ahmedabad,23.0225,72.5714,192.8,117.9,172.2,46.2,21.1,10.77,7,0.7,7,2024
2024-07-06,Delhi,28.6139,77.209,103.5,66.7,88.3,22.4,10.0,6.17,7,0.7,7,2024
2024-07-06,Mumbai,19.076,72.8777,110.4,67.7,102.2,29.5,10.8,6.15,7,0.7,7,2024
2024-07-06,Chennai,13.0827,80.2707,46.5,31.2,48.7,14.4,6.2,2.79,7,0.7,7,2024
2024-07-06,Kolkata,22.5726,88.3639,184.7,99.5,173.1,54.1,17.2,8.5,7,0.7,7,2024
2024-07-06,Bengaluru,12.9716,77.5946,108.6,60.5,92.4,27.8,9.3,6.31,7,0.7,7,2024
2024-07-06,Hyderabad,17.385,78.4867,56.3,35.6,52.9,20.7,8.0,2.29,7,0.7,7,2024
2024-07-06,Puducherry,11.9416,79.8083,27.2,20.5,19.3,5.5,0.6,2.04,7,0.7,7,2024
2024-07-06,Lucknow,26.8467,80.9462,112.0,67.0,100.6,28.7,12.5,5.36,7,0.7,7,2024
2024-07-06,Patna,25.5941,85.1376,116.1,60.4,105.3,28.4,10.2,5.87,7,0.7,7,2024
2024-07-06,Ahmedabad,23.0225,72.5714,150.5,95.9,123.2,36.2,17.0,9.12,7,0.7,7,2024
2024-07-07,Delhi,28.6139,77.209,130.6,85.3,106.7,37.2,12.5,8.09,7,0.7,7,2024
2024-07-07,Mumbai,19.076,72.8777,79.4,46.1,70.4,13.7,4.4,4.48,7,0.7,7,2024
2024-07-07,Chennai,13.0827,80.2707,87.7,55.7,68.9,23.8,6.8,4.79,7,0.7,7,2024
2024-07-07,Kolkata,22.5726,88.3639,182.6,111.4,176.1,45.1,17.8,9.2,7,0.7,7,2024
2024-07-07,Bengaluru,12.9716,77.5946,29.7,15.8,24.2,6.3,3.5,0.0,7,0.7,7,2024
2024-07-07,Hyderabad,17.385,78.4867,43.9,32.0,23.5,13.4,3.6,2.36,7,0.7,7,2024
2024-07-07,Puducherry,11.9416,79.8083,83.7,49.6,80.3,21.2,8.2,3.95,7,0.7,7,2024
2024-07-07,Lucknow,26.8467,80.9462,199.6,116.1,170.6,50.2,20.3,8.16,7,0.7,7,2024
2024-07-07,Patna,25.5941,85.1376,167.3,94.2,155.6,34.6,20.6,8.03,7,0.7,7,2024
2024-07-07,Ahmedabad,23.0225,72.5714,73.1,42.4,70.2,21.8,6.8,2.22,7,0.7,7,2024
2024-07-08,Delhi,28.6139,77.209,99.0,60.8,97.0,29.2,10.2,5.92,7,0.7,7,2024
2024-07-08,Mumbai,19.076,72.8777,174.5,110.7,164.4,40.4,19.4,9.19,7,0.7,7,2024
2024-07-08,Chennai,13.0827,80.2707,79.3,53.9,74.2,19.4,5.8,3.67,7,0.7,7,2024
2024-07-08,Kolkata,22.5726,88.3639,136.6,83.3,124.9,38.0,15.4,6.77,7,0.7,7,2024
2024-07-08,Bengaluru,12.9716,77.5946,44.6,28.7,58.1,12.4,3.9,2.77,7,0.7,7,2024
2024-07-08,Hyderabad,17.385,78.4867,104.9,65.9,105.4,27.8,13.1,5.48,7,0.7,7,2024
2024-07-08,Puducherry,11.9416,79.8083,82.7,55.7,81.8,23.8,12.9,5.21,7,0.7,7,2024
2024-07-08,Lucknow,26.8467,80.9462,98.8,60.5,86.8,33.0,12.4,6.97,7,0.7,7,2024
2024-07-08,Patna,25.5941,85.1376,114.8,74.4,92.4,22.3,10.7,7.25,7,0.7,7,2024
2024-07-08,Ahmedabad,23.0225,72.5714,67.3,40.3,70.1,20.2,11.2,3.37,7,0.7,7,2024
2024-07-09,Delhi,28.6139,77.209,160.7,90.9,141.7,35.8,12.5,10.0,7,0.7,7,2024
2024-07-09,Mumbai,19.076,72.8777,100.0,73.0,83.3,23.3,8.4,4.36,7,0.7,7,2024
2024-07-09,Chennai,13.0827,80.2707,84.8,53.7,83.3,26.6,10.7,3.23,7,0.7,7,2024
2024-07-09,Kolkata,22.5726,88.3639,99.8,60.5,119.6,28.0,10.2,5.66,7,0.7,7,2024
2024-07-09,Bengaluru,12.9716,77.5946,51.9,32.5,54.3,12.9,3.7,2.52,7,0.7,7,2024
2024-07-09,Hyderabad,17.385,78.4867,72.8,36.9,60.9,12.6,4.8,2.5,7,0.7,7,2024
2024-07-09,Puducherry,11.9416,79.8083,71.6,50.4,52.2,24.2,4.9,4.33,7,0.7,7,2024
2024-07-09,Lucknow,26.8467,80.9462,170.8,105.7,144.4,35.5,15.5,8.97,7,0.7,7,2024
2024-07-09,Patna,25.5941,85.1376,305.0,177.9,273.7,73.3,30.5,13.32,7,0.7,7,2024
2024-07-09,Ahmedabad,23.0225,72.5714,179.4,107.8,168.8,43.9,18.3,10.1,7,0.7,7,2024
2024-07-10,Delhi,28.6139,77.209,206.5,124.7,179.5,49.5,18.6,9.59,7,0.7,7,2024
2024-07-10,Mumbai,19.076,72.8777,148.0,97.8,123.2,38.6,14.2,8.8,7,0.7,7,2024
2024-07-10,Chennai,13.0827,80.2707,66.4,39.8,53.8,10.5,8.2,3.67,7,0.7,7,2024
2024-07-10,Kolkata,22.5726,88.3639,144.9,83.9,129.2,39.4,16.5,6.07,7,0.7,7,2024
2024-07-10,Bengaluru,12.9716,77.5946,51.0,23.7,47.5,16.3,4.5,1.89,7,0.7,7,2024
2024-07-10,Hyderabad,17.385,78.4867,72.3,54.9,74.6,21.0,7.9,3.6,7,0.7,7,2024
2024-07-10,Puducherry,11.9416,79.8083,34.4,15.3,26.4,4.8,2.2,1.62,7,0.7,7,2024
2024-07-10,Lucknow,26.8467,80.9462,152.4,88.3,141.1,37.3,15.7,6.88,7,0.7,7,2024
2024-07-10,Patna,25.5941,85.1376,216.5,127.2,207.7,53.2,21.5,11.42,7,0.7,7,2024
2024-07-10,Ahmedabad,23.0225,72.5714,148.5,93.7,147.9,39.8,14.7,6.9,7,0.7,7,2024
2024-07-11,Delhi,28.6139,77.209,185.3,118.6,155.7,43.0,18.1,8.43,7,0.7,7,2024
2024-07-11,Mumbai,19.076,72.8777,81.6,58.0,71.1,22.0,4.8,2.98,7,0.7,7,2024
2024-07-11,Chennai,13.0827,80.2707,86.3,60.1,79.4,20.4,9.6,1.72,7,0.7,7,2024
2024-07-11,Kolkata,22.5726,88.3639,137.5,77.3,130.1,25.6,12.5,6.83,7,0.7,7,2024
2024-07-11,Bengaluru,12.9716,77.5946,47.1,26.4,49.6,11.7,2.8,3.3,7,0.7,7,2024
2024-07-11,Hyderabad,17.385,78.4867,92.8,57.1,76.4,13.0,7.5,3.63,7,0.7,7,2024
2024-07-11,Puducherry,11.9416,79.8083,40.2,19.9,37.1,13.6,6.2,2.85,7,0.7,7,2024
2024-07-11,Lucknow,26.8467,80.9462,95.7,57.7,98.7,17.6,12.3,3.79,7,0.7,7,2024
2024-07-11,Patna,25.5941,85.1376,188.6,115.2,171.3,56.1,18.3,7.79,7,0.7,7,2024
2024-07-11,Ahmedabad,23.0225,72.5714,128.0,75.9,119.6,35.5,12.7,6.84,7,0.7,7,2024
2024-07-12,Delhi,28.6139,77.209,207.5,133.5,183.8,49.1,22.5,9.45,7,0.7,7,2024
2024-07-12,Mumbai,19.076,72.8777,113.7,67.4,101.5,38.2,13.8,6.71,7,0.7,7,2024
2024-07-12,Chennai,13.0827,80.2707,76.3,42.3,70.8,21.4,8.0,3.91,7,0.7,7,2024
2024-07-12,Kolkata,22.5726,88.3639,106.1,65.0,91.3,29.3,6.6,6.66,7,0.7,7,2024
2024-07-12,Bengaluru,12.9716,77.5946,30.7,13.1,30.9,9.8,7.2,1.83,7,0.7,7,2024
2024-07-12,Hyderabad,17.385,78.4867,82.6,50.5,87.1,30.3,7.9,4.67,7,0.7,7,2024
2024-07-12,Puducherry,11.9416,79.8083,51.0,30.1,60.9,9.0,0.4,2.87,7,0.7,7,2024
2024-07-12,Lucknow,26.8467,80.9462,232.1,140.4,212.9,61.0,23.4,12.16,7,0.7,7,2024
2024-07-12,Patna,25.5941,85.1376,205.8,113.7,186.1,45.2,20.5,9.79,7,0.7,7,2024
2024-07-12,Ahmedabad,23.0225,72.5714,158.5,96.3,146.4,38.9,18.0,6.33,7,0.7,7,2024
2024-07-13,Delhi,28.6139,77.209,124.4,81.1,108.5,22.5,15.3,7.3,7,0.7,7,2024
2024-07-13,Mumbai,19.076,72.8777,126.4,76.3,127.0,36.6,15.7,7.02,7,0.7,7,2024
2024-07-13,Chennai,13.0827,80.2707,66.1,37.7,49.3,18.5,7.8,2.96,7,0.7,7,2024
2024-07-13,Kolkata,22.5726,88.3639,156.7,92.4,148.0,35.6,13.6,7.59,7,0.7,7,2024
2024-07-13,Bengaluru,12.9716,77.5946,94.9,51.1,93.8,17.2,9.0,3.33,7,0.7,7,2024
2024-07-13,Hyderabad,17.385,78.4867,10.0,7.8,7.6,0.0,0.0,0.94,7,0.7,7,2024
2024-07-13,Puducherry,11.9416,79.8083,45.1,26.1,37.4,8.9,3.3,1.63,7,0.7,7,2024
2024-07-13,Lucknow,26.8467,80.9462,105.0,57.9,91.5,23.7,8.4,6.02,7,0.7,7,2024
2024-07-13,Patna,25.5941,85.1376,254.3,152.6,229.4,60.8,27.6,14.45,7,0.7,7,2024
2024-07-13,Ahmedabad,23.0225,72.5714,104.6,60.2,96.9,26.7,9.5,5.7,7,0.7,7,2024
2024-07-14,Delhi,28.6139,77.209,271.1,158.7,264.3,61.6,25.4,13.79,7,0.7,7,2024
2024-07-14,Mumbai,19.076,72.8777,187.9,109.9,160.6,49.2,18.3,10.06,7,0.7,7,2024
2024-07-14,Chennai,13.0827,80.2707,61.2,32.4,73.9,3.5,9.8,3.99,7,0.7,7,2024
2024-07-14,Kolkata,22.5726,88.3639,88.7,62.6,68.9,26.2,4.7,3.29,7,0.7,7,2024
2024-07-14,Bengaluru,12.9716,77.5946,35.5,17.5,32.0,5.6,0.0,2.24,7,0.7,7,2024
2024-07-14,Hyderabad,17.385,78.4867,85.7,53.5,78.5,25.2,8.4,5.3,7,0.7,7,2024
2024-07-14,Puducherry,11.9416,79.8083,37.0,18.6,44.3,14.7,4.8,0.96,7,0.7,7,2024
2024-07-14,Lucknow,26.8467,80.9462,91.0,61.2,92.1,22.5,13.8,5.01,7,0.7,7,2024
2024-07-14,Patna,25.5941,85.1376,90.5,52.9,81.5,23.0,11.6,3.57,7,0.7,7,2024
2024-07-14,Ahmedabad,23.0225,72.5714,52.1,34.3,42.8,22.7,7.1,2.08,7,0.7,7,2024
2024-07-15,Delhi,28.6139,77.209,293.0,179.5,268.8,72.8,30.1,12.55,7,0.7,7,2024
2024-07-15,Mumbai,19.076,72.8777,150.7,73.2,132.1,31.3,14.1,7.46,7,0.7,7,2024
2024-07-15,Chennai,13.0827,80.2707,33.1,6.0,31.4,16.6,2.6,2.61,7,0.7,7,2024
2024-07-15,Kolkata,22.5726,88.3639,201.2,111.2,177.4,45.2,18.5,11.76,7,0.7,7,2024
2024-07-15,Bengaluru,12.9716,77.5946,76.7,50.0,68.7,14.3,9.0,5.09,7,0.7,7,2024
2024-07-15,Hyderabad,17.385,78.4867,95.1,59.5,75.7,26.6,12.2,5.16,7,0.7,7,2024
2024-07-15,Puducherry,11.9416,79.8083,16.6,18.1,7.4,5.7,3.6,1.91,7,0.7,7,2024
2024-07-15,Lucknow,26.8467,80.9462,37.0,22.8,33.7,15.0,4.6,3.3,7,0.7,7,2024
2024-07-15,Patna,25.5941,85.1376,205.8,123.1,186.8,57.5,18.0,11.2,7,0.7,7,2024
2024-07-15,Ahmedabad,23.0225,72.5714,83.8,46.1,83.6,17.4,9.1,3.7,7,0.7,7,2024
2024-07-16,Delhi,28.6139,77.209,10.0,8.4,10.0,0.0,0.0,0.0,7,0.7,7,2024
2024-07-16,Mumbai,19.076,72.8777,127.3,83.3,121.4,35.8,11.7,6.91,7,0.7,7,2024
2024-07-16,Chennai,13.0827,80.2707,62.8,38.6,64.2,20.4,5.5,1.73,7,0.7,7,2024
2024-07-16,Kolkata,22.5726,88.3639,116.6,68.9,107.2,32.5,7.8,5.16,7,0.7,7,2024
2024-07-16,Bengaluru,12.9716,77.5946,41.1,30.9,35.3,8.2,5.2,1.46,7,0.7,7,2024
2024-07-16,Hyderabad,17.385,78.4867,83.5,59.2,89.4,19.2,8.0,3.56,7,0.7,7,2024
2024-07-16,Puducherry,11.9416,79.8083,14.0,13.6,32.0,1.7,0.0,0.43,7,0.7,7,2024
2024-07-16,Lucknow,26.8467,80.9462,159.5,90.0,139.9,43.9,16.2,9.25,7,0.7,7,2024
2024-07-16,Patna,25.5941,85.1376,193.5,110.7,169.5,49.4,17.1,8.42,7,0.7,7,2024
2024-07-16,Ahmedabad,23.0225,72.5714,58.4,37.6,49.6,19.3,4.0,0.46,7,0.7,7,2024
2024-07-17,Delhi,28.6139,77.209,185.5,119.5,167.2,40.9,15.3,10.47,7,0.7,7,2024
2024-07-17,Mumbai,19.076,72.8777,65.7,47.1,64.4,13.3,8.9,2.36,7,0.7,7,2024
2024-07-17,Chennai,13.0827,80.2707,26.8,11.7,30.3,11.3,1.9,0.0,7,0.7,7,2024
2024-07-17,Kolkata,22.5726,88.3639,48.2,23.6,33.0,13.1,8.7,3.21,7,0.7,7,2024
2024-07-17,Bengaluru,12.9716,77.5946,36.2,18.2,28.6,10.6,6.8,1.34,7,0.7,7,2024
2024-07-17,Hyderabad,17.385,78.4867,137.9,93.3,121.3,33.0,13.1,6.96,7,0.7,7,2024
2024-07-17,Puducherry,11.9416,79.8083,45.3,31.6,28.4,9.2,5.2,3.14,7,0.7,7,2024
2024-07-17,Lucknow,26.8467,80.9462,296.7,171.6,261.8,65.1,27.5,13.07,7,0.7,7,2024
2024-07-17,Patna,25.5941,85.1376,131.5,77.8,122.1,31.7,14.1,6.69,7,0.7,7,2024
2024-07-17,Ahmedabad,23.0225,72.5714,65.5,30.9,63.6,23.0,11.6,4.21,7,0.7,7,2024
2024-07-18,Delhi,28.6139,77.209,312.6,189.9,283.8,78.6,31.0,16.24,7,0.7,7,2024
2024-07-18,Mumbai,19.076,72.8777,77.2,45.6,60.1,21.2,5.8,3.89,7,0.7,7,2024
2024-07-18,Chennai,13.0827,80.2707,75.5,48.2,74.1,18.0,8.5,3.29,7,0.7,7,2024
2024-07-18,Kolkata,22.5726,88.3639,27.5,19.2,27.1,10.9,2.7,0.0,7,0.7,7,2024
2024-07-18,Bengaluru,12.9716,77.5946,67.3,44.8,64.4,16.2,3.4,2.34,7,0.7,7,2024
2024-07-18,Hyderabad,17.385,78.4867,100.7,52.1,88.1,25.3,12.4,5.65,7,0.7,7,2024
2024-07-18,Puducherry,11.9416,79.8083,71.8,44.6,57.9,15.5,5.3,4.18,7,0.7,7,2024
2024-07-18,Lucknow,26.8467,80.9462,108.9,63.4,98.2,33.8,12.2,4.67,7,0.7,7,2024
2024-07-18,Patna,25.5941,85.1376,178.6,115.4,165.7,38.3,16.0,7.94,7,0.7,7,2024
2024-07-18,Ahmedabad,23.0225,72.5714,176.8,112.4,154.1,41.6,17.8,8.91,7,0.7,7,2024
2024-07-19,Delhi,28.6139,77.209,119.0,70.2,95.5,34.8,8.4,4.18,7,0.7,7,2024
2024-07-19,Mumbai,19.076,72.8777,115.4,63.1,99.9,29.1,12.9,5.55,7,0.7,7,2024
2024-07-19,Chennai,13.0827,80.2707,107.5,64.5,106.3,28.0,15.0,6.43,7,0.7,7,2024
2024-07-19,Kolkata,22.5726,88.3639,128.2,80.1,113.3,31.0,10.2,5.6,7,0.7,7,2024
2024-07-19,Bengaluru,12.9716,77.5946,131.8,73.1,113.4,32.6,13.1,6.97,7,0.7,7,2024
2024-07-19,Hyderabad,17.385,78.4867,67.6,42.8,70.0,22.0,6.2,3.99,7,0.7,7,2024
2024-07-19,Puducherry,11.9416,79.8083,29.6,14.2,17.3,7.2,1.2,0.0,7,0.7,7,2024
2024-07-19,Lucknow,26.8467,80.9462,128.9,68.7,126.6,30.0,14.9,5.95,7,0.7,7,2024
2024-07-19,Patna,25.5941,85.1376,84.4,56.5,76.7,28.6,7.5,3.78,7,0.7,7,2024
2024-07-19,Ahmedabad,23.0225,72.5714,157.2,99.4,142.7,52.6,15.2,6.59,7,0.7,7,2024
2024-07-20,Delhi,28.6139,77.209,115.8,68.1,116.4,28.2,14.7,6.22,7,0.7,7,2024
2024-07-20,Mumbai,19.076,72.8777,141.3,86.7,130.2,38.3,13.0,6.51,7,0.7,7,2024
2024-07-20,Chennai,13.0827,80.2707,71.7,52.7,52.2,9.8,6.6,4.62,7,0.7,7,2024
2024-07-20,Kolkata,22.5726,88.3639,128.6,71.3,116.4,25.2,14.1,6.12,7,0.7,7,2024
2024-07-20,Bengaluru,12.9716,77.5946,67.5,42.6,62.4,14.7,8.8,4.17,7,0.7,7,2024
2024-07-20,Hyderabad,17.385,78.4867,21.9,12.0,11.1,0.4,3.3,0.68,7,0.7,7,2024
2024-07-20,Puducherry,11.9416,79.8083,49.6,26.4,47.6,15.1,9.3,2.3,7,0.7,7,2024
2024-07-20,Lucknow,26.8467,80.9462,59.9,33.4,60.7,11.9,3.0,2.24,7,0.7,7,2024
2024-07-20,Patna,25.5941,85.1376,130.7,73.0,119.4,32.4,14.6,6.09,7,0.7,7,2024
2024-07-20,Ahmedabad,23.0225,72.5714,137.1,79.8,114.4,32.1,10.5,8.64,7,0.7,7,2024
2024-07-21,Delhi,28.6139,77.209,207.4,120.5,183.6,42.0,23.6,11.71,7,0.7,7,2024
2024-07-21,Mumbai,19.076,72.8777,102.3,63.0,81.9,20.8,6.8,4.95,7,0.7,7,2024
2024-07-21,Chennai,13.0827,80.2707,89.5,51.8,83.3,26.3,5.7,6.32,7,0.7,7,2024
2024-07-21,Kolkata,22.5726,88.3639,183.9,112.9,172.9,49.9,19.0,10.62,7,0.7,7,2024
2024-07-21,Bengaluru,12.9716,77.5946,56.4,36.1,61.3,3.3,6.5,3.54,7,0.7,7,2024
2024-07-21,Hyderabad,17.385,78.4867,24.2,15.9,15.4,7.6,2.2,0.26,7,0.7,7,2024
2024-07-21,Puducherry,11.9416,79.8083,74.7,42.7,69.4,23.9,5.6,3.74,7,0.7,7,2024
2024-07-21,Lucknow,26.8467,80.9462,121.8,71.7,126.9,32.3,12.8,6.61,7,0.7,7,2024
2024-07-21,Patna,25.5941,85.1376,198.1,109.7,196.7,43.7,23.3,10.52,7,0.7,7,2024
2024-07-21,Ahmedabad,23.0225,72.5714,120.1,70.5,128.9,32.4,12.0,5.47,7,0.7,7,2024
2024-07-22,Delhi,28.6139,77.209,143.6,86.4,121.8,38.6,13.1,8.18,7,0.7,7,2024
2024-07-22,Mumbai,19.076,72.8777,137.3,82.1,128.2,36.8,10.8,8.6,7,0.7,7,2024
2024-07-22,Chennai,13.0827,80.2707,56.6,37.4,56.7,4.2,4.3,3.67,7,0.7,7,2024
2024-07-22,Kolkata,22.5726,88.3639,129.1,80.9,116.9,37.2,13.1,7.88,7,0.7,7,2024
2024-07-22,Bengaluru,12.9716,77.5946,40.6,23.7,31.8,11.7,3.5,1.8,7,0.7,7,2024
2024-07-22,Hyderabad,17.385,78.4867,59.3,33.3,53.3,6.7,1.3,3.02,7,0.7,7,2024
2024-07-22,Puducherry,11.9416,79.8083,10.0,5.0,6.0,4.7,0.0,2.07,7,0.7,7,2024
2024-07-22,Lucknow,26.8467,80.9462,209.1,117.9,185.9,58.4,19.5,10.4,7,0.7,7,2024
2024-07-22,Patna,25.5941,85.1376,266.3,157.1,248.7,62.9,20.9,14.54,7,0.7,7,2024
2024-07-22,Ahmedabad,23.0225,72.5714,131.7,81.5,109.8,28.9,15.5,6.83,7,0.7,7,2024
2024-07-23,Delhi,28.6139,77.209,186.6,113.1,180.0,49.5,17.7,7.93,7,0.7,7,2024
2024-07-23,Mumbai,19.076,72.8777,121.5,68.3,99.9,35.6,13.9,6.46,7,0.7,7,2024
2024-07-23,Chennai,13.0827,80.2707,32.0,28.1,37.0,6.8,2.2,1.68,7,0.7,7,2024
2024-07-23,Kolkata,22.5726,88.3639,102.1,72.3,88.8,21.3,13.4,4.54,7,0.7,7,2024
2024-07-23,Bengaluru,12.9716,77.5946,93.6,59.5,83.8,19.5,9.3,3.51,7,0.7,7,2024
2024-07-23,Hyderabad,17.385,78.4867,83.2,53.8,88.6,16.4,7.8,3.64,7,0.7,7,2024
2024-07-23,Puducherry,11.9416,79.8083,58.0,27.2,44.8,7.7,2.9,2.24,7,0.7,7,2024
2024-07-23,Lucknow,26.8467,80.9462,262.6,159.3,236.9,71.0,27.0,13.61,7,0.7,7,2024
2024-07-23,Patna,25.5941,85.1376,134.9,77.8,110.9,31.3,12.9,7.09,7,0.7,7,2024
2024-07-23,Ahmedabad,23.0225,72.5714,110.3,64.4,92.0,29.2,10.0,5.87,7,0.7,7,2024
2024-07-24,Delhi,28.6139,77.209,42.9,27.4,44.6,13.2,3.9,3.06,7,0.7,7,2024
2024-07-24,Mumbai,19.076,72.8777,47.1,27.8,40.8,15.9,0.7,1.3,7,0.7,7,2024
2024-07-24,Chennai,13.0827,80.2707,106.7,51.9,102.5,23.9,11.2,6.75,7,0.7,7,2024
2024-07-24,Kolkata,22.5726,88.3639,140.7,91.6,122.7,33.7,15.6,6.6,7,0.7,7,2024
2024-07-24,Bengaluru,12.9716,77.5946,87.9,58.7,86.1,15.7,8.1,4.68,7,0.7,7,2024
2024-07-24,Hyderabad,17.385,78.4867,75.5,45.7,70.3,16.8,7.2,2.59,7,0.7,7,2024
2024-07-24,Puducherry,11.9416,79.8083,42.9,18.1,39.5,10.0,2.5,3.93,7,0.7,7,2024
2024-07-24,Lucknow,26.8467,80.9462,138.0,84.2,119.1,32.8,14.4,6.57,7,0.7,7,2024
2024-07-24,Patna,25.5941,85.1376,168.2,105.0,147.2,36.7,13.8,9.85,7,0.7,7,2024
2024-07-24,Ahmedabad,23.0225,72.5714,153.9,95.6,135.0,33.1,14.8,7.6,7,0.7,7,2024
2024-07-25,Delhi,28.6139,77.209,105.5,56.0,81.1,29.0,8.1,5.58,7,0.7,7,2024
2024-07-25,Mumbai,19.076,72.8777,82.1,52.2,76.6,19.6,8.5,3.99,7,0.7,7,2024
2024-07-25,Chennai,13.0827,80.2707,47.6,33.5,39.5,11.6,1.9,2.65,7,0.7,7,2024
2024-07-25,Kolkata,22.5726,88.3639,95.5,54.9,79.2,23.4,5.5,5.46,7,0.7,7,2024
2024-07-25,Bengaluru,12.9716,77.5946,68.8,38.9,49.5,18.9,5.6,4.75,7,0.7,7,2024
2024-07-25,Hyderabad,17.385,78.4867,101.0,68.3,92.0,29.6,11.0,4.6,7,0.7,7,2024
2024-07-25,Puducherry,11.9416,79.8083,56.2,29.6,67.1,13.6,5.7,3.2,7,0.7,7,2024
2024-07-25,Lucknow,26.8467,80.9462,83.3,56.6,66.8,15.8,8.0,2.89,7,0.7,7,2024
2024-07-25,Patna,25.5941,85.1376,277.3,165.2,223.8,70.1,28.8,13.44,7,0.7,7,2024
2024-07-25,Ahmedabad,23.0225,72.5714,51.0,30.1,42.0,8.8,3.0,2.71,7,0.7,7,2024
2024-07-26,Delhi,28.6139,77.209,268.2,163.2,227.6,69.5,28.4,14.8,7,0.7,7,2024
2024-07-26,Mumbai,19.076,72.8777,60.0,35.7,58.5,12.9,7.1,2.98,7,0.7,7,2024
2024-07-26,Chennai,13.0827,80.2707,41.8,21.3,47.6,6.5,1.8,2.43,7,0.7,7,2024
2024-07-26,Kolkata,22.5726,88.3639,124.5,68.1,107.9,27.9,11.2,8.75,7,0.7,7,2024
2024-07-26,Bengaluru,12.9716,77.5946,60.9,32.1,71.0,18.8,7.5,2.21,7,0.7,7,2024
2024-07-26,Hyderabad,17.385,78.4867,125.7,79.5,114.3,24.6,12.5,8.01,7,0.7,7,2024
2024-07-26,Puducherry,11.9416,79.8083,56.9,32.3,49.4,13.6,4.1,2.8,7,0.7,7,2024
2024-07-26,Lucknow,26.8467,80.9462,247.8,155.3,217.0,67.1,26.3,13.02,7,0.7,7,2024
2024-07-26,Patna,25.5941,85.1376,198.2,114.3,175.1,52.9,17.4,8.87,7,0.7,7,2024
2024-07-26,Ahmedabad,23.0225,72.5714,125.8,71.5,119.8,28.4,13.1,6.62,7,0.7,7,2024
2024-07-27,Delhi,28.6139,77.209,157.4,93.2,136.2,39.3,13.8,7.65,7,0.7,7,2024
2024-07-27,Mumbai,19.076,72.8777,127.9,71.1,111.2,34.0,8.6,8.25,7,0.7,7,2024
2024-07-27,Chennai,13.0827,80.2707,89.1,45.8,63.4,22.4,6.7,5.42,7,0.7,7,2024
2024-07-27,Kolkata,22.5726,88.3639,145.7,88.0,126.6,42.8,16.1,7.89,7,0.7,7,2024
2024-07-27,Bengaluru,12.9716,77.5946,106.0,58.5,105.7,25.4,11.3,5.14,7,0.7,7,2024
2024-07-27,Hyderabad,17.385,78.4867,18.3,15.8,1.9,0.7,0.9,0.0,7,0.7,7,2024
2024-07-27,Puducherry,11.9416,79.8083,30.5,19.5,24.7,6.6,1.2,1.57,7,0.7,7,2024
2024-07-27,Lucknow,26.8467,80.9462,132.9,71.5,118.0,28.3,15.1,6.25,7,0.7,7,2024
2024-07-27,Patna,25.5941,85.1376,344.5,211.5,309.0,88.4,30.3,18.19,7,0.7,7,2024
2024-07-27,Ahmedabad,23.0225,72.5714,75.1,45.5,61.8,16.3,7.1,3.83,7,0.7,7,2024
2024-07-28,Delhi,28.6139,77.209,193.8,116.3,161.4,57.8,19.8,10.13,7,0.7,7,2024
2024-07-28,Mumbai,19.076,72.8777,84.4,46.3,77.2,22.3,11.0,6.3,7,0.7,7,2024
2024-07-28,Chennai,13.0827,80.2707,99.9,51.1,86.2,26.3,9.2,4.95,7,0.7,7,2024
2024-07-28,Kolkata,22.5726,88.3639,18.7,15.8,1.8,0.0,0.0,0.84,7,0.7,7,2024
2024-07-28,Bengaluru,12.9716,77.5946,21.3,7.5,28.4,4.9,3.0,0.0,7,0.7,7,2024
2024-07-28,Hyderabad,17.385,78.4867,82.1,48.6,67.5,20.3,4.4,4.54,7,0.7,7,2024
2024-07-28,Puducherry,11.9416,79.8083,44.5,25.4,46.9,12.9,3.8,1.11,7,0.7,7,2024
2024-07-28,Lucknow,26.8467,80.9462,240.4,137.5,221.4,53.7,25.9,13.03,7,0.7,7,2024
2024-07-28,Patna,25.5941,85.1376,34.1,22.7,33.6,11.3,4.1,0.74,7,0.7,7,2024
2024-07-28,Ahmedabad,23.0225,72.5714,102.2,69.6,83.1,26.8,12.5,4.12,7,0.7,7,2024
2024-07-29,Delhi,28.6139,77.209,82.7,43.3,77.6,15.6,8.0,5.51,7,0.7,7,2024
2024-07-29,Mumbai,19.076,72.8777,95.9,53.7,87.3,23.7,10.5,6.41,7,0.7,7,2024
2024-07-29,Chennai,13.0827,80.2707,72.9,53.9,69.3,15.2,11.9,3.52,7,0.7,7,2024
2024-07-29,Kolkata,22.5726,88.3639,73.3,55.6,60.1,15.2,6.2,3.83,7,0.7,7,2024
2024-07-29,Bengaluru,12.9716,77.5946,97.9,45.5,95.5,22.3,9.0,6.61,7,0.7,7,2024
2024-07-29,Hyderabad,17.385,78.4867,91.5,57.1,82.0,25.9,12.4,2.1,7,0.7,7,2024
2024-07-29,Puducherry,11.9416,79.8083,74.2,52.3,70.8,15.8,5.1,6.07,7,0.7,7,2024
2024-07-29,Lucknow,26.8467,80.9462,95.2,64.7,88.8,32.0,8.9,3.15,7,0.7,7,2024
2024-07-29,Patna,25.5941,85.1376,168.2,93.5,172.8,44.6,18.4,9.19,7,0.7,7,2024
2024-07-29,Ahmedabad,23.0225,72.5714,80.8,47.8,73.6,28.0,5.8,3.31,7,0.7,7,2024
2024-07-30,Delhi,28.6139,77.209,167.0,96.8,138.6,30.9,13.0,9.45,7,0.7,7,2024
2024-07-30,Mumbai,19.076,72.8777,97.7,62.8,83.3,24.0,13.0,6.44,7,0.7,7,2024
2024-07-30,Chennai,13.0827,80.2707,86.5,52.9,82.0,23.1,8.3,3.92,7,0.7,7,2024
2024-07-30,Kolkata,22.5726,88.3639,182.1,102.8,175.8,44.4,15.6,8.56,7,0.7,7,2024
2024-07-30,Bengaluru,12.9716,77.5946,43.8,23.4,34.7,8.4,3.8,2.13,7,0.7,7,2024
2024-07-30,Hyderabad,17.385,78.4867,110.7,65.2,102.2,27.7,12.2,5.58,7,0.7,7,2024
2024-07-30,Puducherry,11.9416,79.8083,39.6,19.2,37.3,15.0,3.5,1.28,7,0.7,7,2024
2024-07-30,Lucknow,26.8467,80.9462,137.3,79.6,118.2,28.6,13.2,7.1,7,0.7,7,2024
2024-07-30,Patna,25.5941,85.1376,92.3,51.0,75.5,17.5,7.3,4.42,7,0.7,7,2024
2024-07-30,Ahmedabad,23.0225,72.5714,51.6,30.3,40.8,9.2,5.9,1.94,7,0.7,7,2024
2024-07-31,Delhi,28.6139,77.209,158.4,101.5,135.2,45.9,15.1,6.78,7,0.7,7,2024
2024-07-31,Mumbai,19.076,72.8777,75.8,45.8,78.3,22.1,7.7,5.05,7,0.7,7,2024
2024-07-31,Chennai,13.0827,80.2707,16.0,10.8,16.9,5.3,0.0,0.0,7,0.7,7,2024
2024-07-31,Kolkata,22.5726,88.3639,117.7,76.2,121.3,26.8,9.2,6.7,7,0.7,7,2024
2024-07-31,Bengaluru,12.9716,77.5946,148.4,94.6,127.6,48.5,16.2,6.63,7,0.7,7,2024
2024-07-31,Hyderabad,17.385,78.4867,151.7,86.7,131.6,40.8,15.1,7.62,7,0.7,7,2024
2024-07-31,Puducherry,11.9416,79.8083,53.3,37.6,29.4,14.5,4.7,1.91,7,0.7,7,2024
2024-07-31,Lucknow,26.8467,80.9462,104.9,49.8,88.0,31.4,12.2,5.05,7,0.7,7,2024
2024-07-31,Patna,25.5941,85.1376,69.2,45.6,72.8,21.4,5.0,2.6,7,0.7,7,2024
2024-07-31,Ahmedabad,23.0225,72.5714,186.5,105.9,171.7,39.5,18.0,9.91,7,0.7,7,2024
2024-08-01,Delhi,28.6139,77.209,193.6,118.8,164.4,45.1,20.3,10.38,8,0.7,8,2024
2024-08-01,Mumbai,19.076,72.8777,106.8,68.8,82.9,24.8,14.3,6.62,8,0.7,8,2024
2024-08-01,Chennai,13.0827,80.2707,78.8,46.5,79.2,21.4,4.8,4.94,8,0.7,8,2024
2024-08-01,Kolkata,22.5726,88.3639,82.7,53.4,61.5,27.1,7.7,3.03,8,0.7,8,2024
2024-08-01,Bengaluru,12.9716,77.5946,49.3,27.9,44.3,17.6,5.1,0.29,8,0.7,8,2024
2024-08-01,Hyderabad,17.385,78.4867,41.0,38.4,38.0,14.1,3.5,1.05,8,0.7,8,2024
2024-08-01,Puducherry,11.9416,79.8083,42.9,26.4,34.9,18.4,3.1,1.09,8,0.7,8,2024
2024-08-01,Lucknow,26.8467,80.9462,206.6,128.6,186.2,49.2,16.9,11.55,8,0.7,8,2024
2024-08-01,Patna,25.5941,85.1376,228.8,135.1,206.4,56.3,26.1,10.4,8,0.7,8,2024
2024-08-01,Ahmedabad,23.0225,72.5714,84.1,46.9,78.2,21.2,8.8,3.32,8,0.7,8,2024
2024-08-02,Delhi,28.6139,77.209,314.8,186.6,292.8,91.3,29.7,16.08,8,0.7,8,2024
2024-08-02,Mumbai,19.076,72.8777,92.7,65.8,81.2,24.2,9.7,4.53,8,0.7,8,2024
2024-08-02,Chennai,13.0827,80.2707,81.9,49.6,77.6,21.3,7.0,3.83,8,0.7,8,2024
2024-08-02,Kolkata,22.5726,88.3639,153.8,95.0,148.4,45.9,14.3,7.82,8,0.7,8,2024
2024-08-02,Bengaluru,12.9716,77.5946,64.2,33.0,62.3,19.2,4.3,2.84,8,0.7,8,2024
2024-08-02,Hyderabad,17.385,78.4867,67.5,33.0,60.5,12.3,7.1,3.64,8,0.7,8,2024
2024-08-02,Puducherry,11.9416,79.8083,60.4,38.4,66.6,11.9,4.5,3.68,8,0.7,8,2024
2024-08-02,Lucknow,26.8467,80.9462,145.4,92.9,135.4,44.0,14.4,5.79,8,0.7,8,2024
2024-08-02,Patna,25.5941,85.1376,191.8,114.7,176.9,50.6,18.1,8.58,8,0.7,8,2024
2024-08-02,Ahmedabad,23.0225,72.5714,105.4,51.3,95.5,24.7,12.3,3.28,8,0.7,8,2024
2024-08-03,Delhi,28.6139,77.209,196.5,125.8,182.3,53.0,20.3,8.16,8,0.7,8,2024
2024-08-03,Mumbai,19.076,72.8777,104.7,64.9,85.6,25.7,4.7,4.9,8,0.7,8,2024
2024-08-03,Chennai,13.0827,80.2707,52.1,38.3,42.1,12.0,5.1,2.01,8,0.7,8,2024
2024-08-03,Kolkata,22.5726,88.3639,162.0,87.2,154.9,40.5,18.8,5.35,8,0.7,8,2024
2024-08-03,Bengaluru,12.9716,77.5946,10.0,4.5,13.0,0.3,2.2,1.48,8,0.7,8,2024
2024-08-03,Hyderabad,17.385,78.4867,107.3,64.9,97.3,24.4,10.6,4.34,8,0.7,8,2024
2024-08-03,Puducherry,11.9416,79.8083,36.8,24.7,29.4,6.2,4.6,2.22,8,0.7,8,2024
2024-08-03,Lucknow,26.8467,80.9462,140.0,83.3,129.3,38.9,14.4,5.81,8,0.7,8,2024
2024-08-03,Patna,25.5941,85.1376,152.5,89.5,128.8,40.1,16.4,8.35,8,0.7,8,2024
2024-08-03,Ahmedabad,23.0225,72.5714,67.4,41.2,60.6,18.1,7.0,3.36,8,0.7,8,2024
2024-08-04,Delhi,28.6139,77.209,185.4,116.8,160.0,45.7,20.7,8.46,8,0.7,8,2024
2024-08-04,Mumbai,19.076,72.8777,67.6,44.2,49.4,19.5,5.8,3.79,8,0.7,8,2024
2024-08-04,Chennai,13.0827,80.2707,32.5,25.4,19.5,11.0,0.9,3.43,8,0.7,8,2024
2024-08-04,Kolkata,22.5726,88.3639,122.4,83.2,103.6,28.8,14.7,4.69,8,0.7,8,2024
2024-08-04,Bengaluru,12.9716,77.5946,49.0,31.9,35.9,14.3,5.2,0.94,8,0.7,8,2024
2024-08-04,Hyderabad,17.385,78.4867,117.9,64.4,112.3,30.0,10.9,4.79,8,0.7,8,2024
2024-08-04,Puducherry,11.9416,79.8083,59.1,31.1,62.9,19.8,9.2,3.24,8,0.7,8,2024
2024-08-04,Lucknow,26.8467,80.9462,127.7,75.1,112.0,32.9,13.6,7.62,8,0.7,8,2024
2024-08-04,Patna,25.5941,85.1376,169.4,94.6,149.2,48.6,13.8,9.21,8,0.7,8,2024
2024-08-04,Ahmedabad,23.0225,72.5714,94.4,52.2,88.1,29.8,10.1,4.46,8,0.7,8,2024
2024-08-05,Delhi,28.6139,77.209,92.3,54.9,72.4,21.8,9.1,2.25,8,0.7,8,2024
2024-08-05,Mumbai,19.076,72.8777,153.5,85.9,136.7,40.5,18.0,6.88,8,0.7,8,2024
2024-08-05,Chennai,13.0827,80.2707,10.0,11.4,0.0,3.9,1.8,0.0,8,0.7,8,2024
2024-08-05,Kolkata,22.5726,88.3639,45.3,24.9,20.1,6.0,4.8,2.18,8,0.7,8,2024
2024-08-05,Bengaluru,12.9716,77.5946,79.1,49.7,57.7,14.6,9.4,5.48,8,0.7,8,2024
2024-08-05,Hyderabad,17.385,78.4867,50.1,31.4,51.5,13.5,4.5,1.86,8,0.7,8,2024
2024-08-05,Puducherry,11.9416,79.8083,92.2,55.8,86.1,24.3,7.6,4.66,8,0.7,8,2024
2024-08-05,Lucknow,26.8467,80.9462,133.1,78.2,122.3,29.6,10.9,7.16,8,0.7,8,2024
2024-08-05,Patna,25.5941,85.1376,130.8,76.8,102.3,36.6,14.1,7.25,8,0.7,8,2024
2024-08-05,Ahmedabad,23.0225,72.5714,129.4,70.1,118.3,29.9,11.0,6.97,8,0.7,8,2024
2024-08-06,Delhi,28.6139,77.209,328.7,204.7,300.8,82.1,32.4,15.53,8,0.7,8,2024
2024-08-06,Mumbai,19.076,72.8777,87.2,56.9,93.1,18.5,4.7,3.83,8,0.7,8,2024
2024-08-06,Chennai,13.0827,80.2707,85.6,61.7,87.5,26.5,6.9,3.46,8,0.7,8,2024
2024-08-06,Kolkata,22.5726,88.3639,59.8,32.6,61.1,21.4,6.7,2.73,8,0.7,8,2024
2024-08-06,Bengaluru,12.9716,77.5946,38.0,22.2,35.8,3.6,5.6,1.48,8,0.7,8,2024
2024-08-06,Hyderabad,17.385,78.4867,114.1,68.4,105.1,25.7,10.7,6.35,8,0.7,8,2024
2024-08-06,Puducherry,11.9416,79.8083,49.9,24.4,45.8,14.0,7.7,3.65,8,0.7,8,2024
2024-08-06,Lucknow,26.8467,80.9462,149.8,87.1,133.0,35.4,16.0,8.53,8,0.7,8,2024
2024-08-06,Patna,25.5941,85.1376,254.8,150.8,225.2,62.0,21.6,11.54,8,0.7,8,2024
2024-08-06,Ahmedabad,23.0225,72.5714,110.4,68.1,103.3,24.5,10.1,5.25,8,0.7,8,2024
2024-08-07,Delhi,28.6139,77.209,165.5,102.7,138.5,36.8,16.0,6.91,8,0.7,8,2024
2024-08-07,Mumbai,19.076,72.8777,22.0,5.7,17.9,8.0,3.5,2.69,8,0.7,8,2024
2024-08-07,Chennai,13.0827,80.2707,65.5,40.5,56.9,15.6,10.7,3.54,8,0.7,8,2024
2024-08-07,Kolkata,22.5726,88.3639,143.4,80.3,132.3,38.5,16.6,7.8,8,0.7,8,2024
2024-08-07,Bengaluru,12.9716,77.5946,66.2,38.9,59.0,17.0,9.2,4.38,8,0.7,8,2024
2024-08-07,Hyderabad,17.385,78.4867,110.4,76.4,78.1,25.8,11.0,4.85,8,0.7,8,2024
2024-08-07,Puducherry,11.9416,79.8083,33.9,11.8,28.0,12.1,4.9,0.94,8,0.7,8,2024
2024-08-07,Lucknow,26.8467,80.9462,168.3,107.8,139.3,41.4,17.4,8.43,8,0.7,8,2024
2024-08-07,Patna,25.5941,85.1376,227.5,129.0,196.7,59.6,19.3,12.19,8,0.7,8,2024
2024-08-07,Ahmedabad,23.0225,72.5714,132.2,83.0,115.2,35.1,10.9,6.2,8,0.7,8,2024
2024-08-08,Delhi,28.6139,77.209,198.9,114.8,180.8,45.1,20.4,11.69,8,0.7,8,2024
2024-08-08,Mumbai,19.076,72.8777,47.7,28.5,30.0,8.6,6.2,1.95,8,0.7,8,2024
2024-08-08,Chennai,13.0827,80.2707,81.6,50.7,72.9,16.3,9.5,4.38,8,0.7,8,2024
2024-08-08,Kolkata,22.5726,88.3639,49.6,24.9,22.5,6.9,4.3,1.42,8,0.7,8,2024
2024-08-08,Bengaluru,12.9716,77.5946,45.1,34.0,48.8,8.5,6.1,3.47,8,0.7,8,2024
2024-08-08,Hyderabad,17.385,78.4867,105.6,64.9,103.8,29.5,8.1,5.09,8,0.7,8,2024
2024-08-08,Puducherry,11.9416,79.8083,41.5,30.7,32.7,7.4,6.2,2.33,8,0.7,8,2024
2024-08-08,Lucknow,26.8467,80.9462,291.3,170.5,258.0,77.3,26.6,15.88,8,0.7,8,2024
2024-08-08,Patna,25.5941,85.1376,83.5,53.2,60.4,21.1,5.6,6.1,8,0.7,8,2024
2024-08-08,Ahmedabad,23.0225,72.5714,63.8,34.1,61.7,13.5,7.8,2.48,8,0.7,8,2024
2024-08-09,Delhi,28.6139,77.209,133.0,79.7,110.0,34.8,15.1,7.2,8,0.7,8,2024
2024-08-09,Mumbai,19.076,72.8777,123.7,64.6,107.6,30.0,15.3,5.6,8,0.7,8,2024
2024-08-09,Chennai,13.0827,80.2707,10.0,1.0,3.7,0.0,2.9,0.0,8,0.7,8,2024
2024-08-09,Kolkata,22.5726,88.3639,148.3,83.5,145.5,36.0,13.9,7.94,8,0.7,8,2024
2024-08-09,Bengaluru,12.9716,77.5946,39.8,26.8,32.0,7.6,3.8,0.9,8,0.7,8,2024
2024-08-09,Hyderabad,17.385,78.4867,77.3,48.1,51.1,23.7,9.4,2.01,8,0.7,8,2024
2024-08-09,Puducherry,11.9416,79.8083,12.3,11.6,17.2,5.6,0.0,2.44,8,0.7,8,2024
2024-08-09,Lucknow,26.8467,80.9462,104.9,64.1,96.4,32.6,10.7,5.66,8,0.7,8,2024
2024-08-09,Patna,25.5941,85.1376,162.6,91.6,127.8,40.8,13.4,8.48,8,0.7,8,2024
2024-08-09,Ahmedabad,23.0225,72.5714,118.7,71.8,98.4,33.8,12.8,4.75,8,0.7,8,2024
2024-08-10,Delhi,28.6139,77.209,361.5,215.8,314.7,87.3,33.1,19.43,8,0.7,8,2024
2024-08-10,Mumbai,19.076,72.8777,141.2,88.4,131.5,40.3,13.6,7.48,8,0.7,8,2024
2024-08-10,Chennai,13.0827,80.2707,42.7,24.9,42.0,0.0,3.0,2.3,8,0.7,8,2024
2024-08-10,Kolkata,22.5726,88.3639,122.1,71.0,114.6,27.7,9.8,7.29,8,0.7,8,2024
2024-08-10,Bengaluru,12.9716,77.5946,101.3,57.8,90.6,28.7,10.2,5.6,8,0.7,8,2024
2024-08-10,Hyderabad,17.385,78.4867,100.6,58.8,94.7,21.3,10.8,4.96,8,0.7,8,2024
2024-08-10,Puducherry,11.9416,79.8083,45.3,20.9,41.8,11.5,2.9,0.67,8,0.7,8,2024
2024-08-10,Lucknow,26.8467,80.9462,47.1,27.0,44.8,19.2,4.6,0.73,8,0.7,8,2024
2024-08-10,Patna,25.5941,85.1376,153.5,98.4,132.7,42.8,15.7,8.32,8,0.7,8,2024
2024-08-10,Ahmedabad,23.0225,72.5714,195.6,108.2,183.2,48.5,17.7,9.68,8,0.7,8,2024
2024-08-11,Delhi,28.6139,77.209,331.3,205.5,282.2,79.7,35.0,16.54,8,0.7,8,2024
2024-08-11,Mumbai,19.076,72.8777,97.3,50.5,81.6,18.9,6.4,3.61,8,0.7,8,2024
2024-08-11,Chennai,13.0827,80.2707,39.8,20.1,29.1,14.0,2.2,3.42,8,0.7,8,2024
2024-08-11,Kolkata,22.5726,88.3639,101.8,63.3,95.4,21.9,9.5,4.59,8,0.7,8,2024
2024-08-11,Bengaluru,12.9716,77.5946,81.2,48.1,67.1,20.8,8.8,5.91,8,0.7,8,2024
2024-08-11,Hyderabad,17.385,78.4867,86.4,51.9,81.2,17.8,5.2,4.01,8,0.7,8,2024
2024-08-11,Puducherry,11.9416,79.8083,73.9,50.5,51.5,21.1,3.0,4.15,8,0.7,8,2024
2024-08-11,Lucknow,26.8467,80.9462,180.0,99.4,170.0,52.0,17.9,9.14,8,0.7,8,2024
2024-08-11,Patna,25.5941,85.1376,271.5,157.3,235.5,64.5,27.2,13.61,8,0.7,8,2024
2024-08-11,Ahmedabad,23.0225,72.5714,87.1,50.8,74.1,19.8,7.2,3.59,8,0.7,8,2024
2024-08-12,Delhi,28.6139,77.209,35.9,20.4,16.7,12.0,2.5,1.68,8,0.7,8,2024
2024-08-12,Mumbai,19.076,72.8777,83.1,48.6,84.9,15.4,5.1,4.27,8,0.7,8,2024
2024-08-12,Chennai,13.0827,80.2707,50.6,32.2,51.3,8.2,6.3,1.51,8,0.7,8,2024
2024-08-12,Kolkata,22.5726,88.3639,129.7,71.6,117.8,32.3,10.8,5.13,8,0.7,8,2024
2024-08-12,Bengaluru,12.9716,77.5946,92.5,53.2,91.3,21.0,11.9,3.68,8,0.7,8,2024
2024-08-12,Hyderabad,17.385,78.4867,135.5,82.2,125.1,29.9,15.0,7.54,8,0.7,8,2024
2024-08-12,Puducherry,11.9416,79.8083,46.0,16.9,32.5,7.0,5.5,1.83,8,0.7,8,2024
2024-08-12,Lucknow,26.8467,80.9462,125.0,72.2,124.3,31.4,12.9,5.63,8,0.7,8,2024
2024-08-12,Patna,25.5941,85.1376,165.9,94.7,152.1,36.9,18.1,7.56,8,0.7,8,2024
2024-08-12,Ahmedabad,23.0225,72.5714,154.7,102.4,139.2,43.9,17.0,6.3,8,0.7,8,2024
2024-08-13,Delhi,28.6139,77.209,204.9,125.4,189.2,51.9,20.8,10.25,8,0.7,8,2024
2024-08-13,Mumbai,19.076,72.8777,103.3,55.9,91.1,20.0,9.3,4.57,8,0.7,8,2024
2024-08-13,Chennai,13.0827,80.2707,46.6,22.7,44.1,10.4,3.8,0.92,8,0.7,8,2024
2024-08-13,Kolkata,22.5726,88.3639,111.1,72.4,109.3,29.3,10.5,6.11,8,0.7,8,2024
2024-08-13,Bengaluru,12.9716,77.5946,50.0,28.5,39.1,16.1,6.6,2.47,8,0.7,8,2024
2024-08-13,Hyderabad,17.385,78.4867,144.6,88.8,133.0,37.1,11.9,6.34,8,0.7,8,2024
2024-08-13,Puducherry,11.9416,79.8083,51.4,30.6,51.0,10.2,5.3,2.66,8,0.7,8,2024
2024-08-13,Lucknow,26.8467,80.9462,162.3,97.5,134.8,31.5,14.3,7.58,8,0.7,8,2024
2024-08-13,Patna,25.5941,85.1376,85.5,51.0,85.7,24.3,9.5,5.26,8,0.7,8,2024
2024-08-13,Ahmedabad,23.0225,72.5714,70.4,40.0,68.3,15.7,6.2,5.38,8,0.7,8,2024
2024-08-14,Delhi,28.6139,77.209,203.6,131.0,168.7,48.4,21.2,10.27,8,0.7,8,2024
2024-08-14,Mumbai,19.076,72.8777,15.8,8.3,34.0,4.9,2.8,0.15,8,0.7,8,2024
2024-08-14,Chennai,13.0827,80.2707,69.1,41.4,71.1,21.6,7.7,3.53,8,0.7,8,2024
2024-08-14,Kolkata,22.5726,88.3639,42.0,16.6,38.5,14.0,6.9,1.21,8,0.7,8,2024
2024-08-14,Bengaluru,12.9716,77.5946,24.7,19.5,15.7,0.0,1.5,0.72,8,0.7,8,2024
2024-08-14,Hyderabad,17.385,78.4867,130.2,82.4,111.3,38.1,13.3,7.57,8,0.7,8,2024
2024-08-14,Puducherry,11.9416,79.8083,79.0,46.1,75.7,18.1,9.8,4.04,8,0.7,8,2024
2024-08-14,Lucknow,26.8467,80.9462,216.4,137.5,199.1,53.7,21.5,7.86,8,0.7,8,2024
2024-08-14,Patna,25.5941,85.1376,118.1,75.5,114.0,26.6,12.1,5.72,8,0.7,8,2024
2024-08-14,Ahmedabad,23.0225,72.5714,143.0,96.8,134.4,33.1,14.1,8.55,8,0.7,8,2024
2024-08-15,Delhi,28.6139,77.209,83.3,46.9,80.6,26.0,9.5,3.56,8,0.7,8,2024
2024-08-15,Mumbai,19.076,72.8777,119.5,73.8,110.4,29.5,12.1,5.07,8,0.7,8,2024
2024-08-15,Chennai,13.0827,80.2707,125.0,75.8,116.9,30.4,14.2,4.95,8,0.7,8,2024
2024-08-15,Kolkata,22.5726,88.3639,38.7,23.1,51.3,14.5,2.3,2.45,8,0.7,8,2024
2024-08-15,Bengaluru,12.9716,77.5946,50.9,32.7,49.8,16.4,2.0,1.28,8,0.7,8,2024
2024-08-15,Hyderabad,17.385,78.4867,81.4,43.7,64.4,21.4,6.3,6.33,8,0.7,8,2024
2024-08-15,Puducherry,11.9416,79.8083,41.8,23.7,40.0,4.4,5.2,2.43,8,0.7,8,2024
2024-08-15,Lucknow,26.8467,80.9462,131.3,80.1,121.6,38.6,18.1,5.5,8,0.7,8,2024
2024-08-15,Patna,25.5941,85.1376,77.2,46.8,52.8,21.9,7.9,4.23,8,0.7,8,2024
2024-08-15,Ahmedabad,23.0225,72.5714,98.3,60.3,92.2,25.4,7.1,5.09,8,0.7,8,2024
2024-08-16,Delhi,28.6139,77.209,344.3,207.8,311.0,92.3,32.9,18.1,8,0.7,8,2024
2024-08-16,Mumbai,19.076,72.8777,76.8,51.5,75.5,17.6,7.1,4.82,8,0.7,8,2024
2024-08-16,Chennai,13.0827,80.2707,16.6,7.8,19.9,2.9,1.9,0.0,8,0.7,8,2024
2024-08-16,Kolkata,22.5726,88.3639,83.3,53.4,69.0,15.6,10.5,4.68,8,0.7,8,2024
2024-08-16,Bengaluru,12.9716,77.5946,37.3,23.1,25.1,8.7,4.1,1.06,8,0.7,8,2024
2024-08-16,Hyderabad,17.385,78.4867,110.0,70.5,101.1,29.2,8.1,6.86,8,0.7,8,2024
2024-08-16,Puducherry,11.9416,79.8083,50.7,25.7,46.8,15.7,6.1,1.45,8,0.7,8,2024
2024-08-16,Lucknow,26.8467,80.9462,203.2,121.6,186.9,47.6,22.4,10.34,8,0.7,8,2024
2024-08-16,Patna,25.5941,85.1376,251.2,143.0,214.9,61.8,28.1,14.52,8,0.7,8,2024
2024-08-16,Ahmedabad,23.0225,72.5714,72.0,43.5,66.0,20.9,9.0,2.49,8,0.7,8,2024
2024-08-17,Delhi,28.6139,77.209,201.2,110.7,187.6,48.9,17.7,10.39,8,0.7,8,2024
2024-08-17,Mumbai,19.076,72.8777,83.2,56.2,67.7,29.7,10.0,5.45,8,0.7,8,2024
2024-08-17,Chennai,13.0827,80.2707,37.3,31.3,23.9,8.5,6.3,2.37,8,0.7,8,2024
2024-08-17,Kolkata,22.5726,88.3639,64.0,44.1,60.3,14.3,3.3,3.63,8,0.7,8,2024
2024-08-17,Bengaluru,12.9716,77.5946,65.1,39.8,45.9,14.6,7.5,5.13,8,0.7,8,2024
2024-08-17,Hyderabad,17.385,78.4867,76.8,53.3,75.4,20.1,5.7,2.87,8,0.7,8,2024
2024-08-17,Puducherry,11.9416,79.8083,64.9,36.3,53.5,15.5,6.2,4.15,8,0.7,8,2024
2024-08-17,Lucknow,26.8467,80.9462,121.1,76.7,112.5,23.6,12.7,3.39,8,0.7,8,2024
2024-08-17,Patna,25.5941,85.1376,105.3,65.5,94.7,19.3,8.3,2.66,8,0.7,8,2024
2024-08-17,Ahmedabad,23.0225,72.5714,51.6,33.9,42.0,13.6,5.2,2.61,8,0.7,8,2024
2024-08-18,Delhi,28.6139,77.209,277.9,165.7,257.4,59.6,30.0,12.6,8,0.7,8,2024
2024-08-18,Mumbai,19.076,72.8777,55.1,29.5,58.3,10.2,4.2,1.79,8,0.7,8,2024
2024-08-18,Chennai,13.0827,80.2707,69.4,45.4,76.1,26.9,8.2,3.84,8,0.7,8,2024
2024-08-18,Kolkata,22.5726,88.3639,65.1,48.6,60.3,15.1,7.3,2.62,8,0.7,8,2024
2024-08-18,Bengaluru,12.9716,77.5946,10.0,8.9,19.7,4.7,1.0,0.51,8,0.7,8,2024
2024-08-18,Hyderabad,17.385,78.4867,90.0,54.7,80.5,22.6,12.1,4.97,8,0.7,8,2024
2024-08-18,Puducherry,11.9416,79.8083,54.6,36.1,54.4,17.4,3.9,2.25,8,0.7,8,2024
2024-08-18,Lucknow,26.8467,80.9462,101.1,64.5,96.7,20.2,10.9,6.43,8,0.7,8,2024
2024-08-18,Patna,25.5941,85.1376,151.5,92.5,142.2,32.6,15.5,8.85,8,0.7,8,2024
2024-08-18,Ahmedabad,23.0225,72.5714,85.3,55.3,77.0,18.6,8.3,3.74,8,0.7,8,2024
2024-08-19,Delhi,28.6139,77.209,124.9,73.7,113.0,30.6,12.0,6.47,8,0.7,8,2024
2024-08-19,Mumbai,19.076,72.8777,119.3,65.9,105.4,21.9,11.6,6.12,8,0.7,8,2024
2024-08-19,Chennai,13.0827,80.2707,77.2,47.1,73.9,19.6,6.4,2.74,8,0.7,8,2024
2024-08-19,Kolkata,22.5726,88.3639,112.8,63.8,100.6,26.2,12.1,5.69,8,0.7,8,2024
2024-08-19,Bengaluru,12.9716,77.5946,83.4,52.3,73.6,20.4,9.3,6.62,8,0.7,8,2024
2024-08-19,Hyderabad,17.385,78.4867,49.4,29.8,34.9,12.3,3.6,2.35,8,0.7,8,2024
2024-08-19,Puducherry,11.9416,79.8083,55.6,30.9,35.8,19.6,7.2,2.65,8,0.7,8,2024
2024-08-19,Lucknow,26.8467,80.9462,95.8,57.9,89.1,27.0,11.3,5.84,8,0.7,8,2024
2024-08-19,Patna,25.5941,85.1376,46.1,26.1,49.4,7.8,7.0,4.12,8,0.7,8,2024
2024-08-19,Ahmedabad,23.0225,72.5714,165.6,102.7,145.5,42.5,13.9,7.5,8,0.7,8,2024
2024-08-20,Delhi,28.6139,77.209,139.1,83.8,122.1,35.8,15.7,6.25,8,0.7,8,2024
2024-08-20,Mumbai,19.076,72.8777,103.9,60.3,95.0,28.7,12.2,5.87,8,0.7,8,2024
2024-08-20,Chennai,13.0827,80.2707,73.3,36.9,57.3,15.0,8.0,2.37,8,0.7,8,2024
2024-08-20,Kolkata,22.5726,88.3639,142.9,87.1,113.1,31.4,16.4,7.84,8,0.7,8,2024
2024-08-20,Bengaluru,12.9716,77.5946,44.5,21.5,20.4,17.0,4.5,4.11,8,0.7,8,2024
2024-08-20,Hyderabad,17.385,78.4867,77.3,47.8,76.7,25.9,8.7,3.87,8,0.7,8,2024
2024-08-20,Puducherry,11.9416,79.8083,53.1,26.6,44.7,13.5,8.1,2.22,8,0.7,8,2024
2024-08-20,Lucknow,26.8467,80.9462,223.1,133.5,210.7,58.5,23.5,12.13,8,0.7,8,2024
2024-08-20,Patna,25.5941,85.1376,226.3,141.1,220.7,63.0,23.6,10.87,8,0.7,8,2024
2024-08-20,Ahmedabad,23.0225,72.5714,128.5,67.5,122.3,27.9,15.1,8.41,8,0.7,8,2024
2024-08-21,Delhi,28.6139,77.209,79.9,47.7,63.4,13.1,7.8,4.63,8,0.7,8,2024
2024-08-21,Mumbai,19.076,72.8777,128.2,77.7,102.1,32.5,9.8,4.98,8,0.7,8,2024
2024-08-21,Chennai,13.0827,80.2707,38.1,28.1,38.7,10.8,2.1,1.52,8,0.7,8,2024
2024-08-21,Kolkata,22.5726,88.3639,57.5,41.3,69.3,16.6,7.2,2.72,8,0.7,8,2024
2024-08-21,Bengaluru,12.9716,77.5946,21.4,8.6,15.5,3.8,0.9,1.12,8,0.7,8,2024
2024-08-21,Hyderabad,17.385,78.4867,54.2,43.4,37.9,17.1,4.9,3.17,8,0.7,8,2024
2024-08-21,Puducherry,11.9416,79.8083,62.7,38.4,47.4,14.3,6.6,3.24,8,0.7,8,2024
2024-08-21,Lucknow,26.8467,80.9462,87.5,59.0,58.8,20.9,6.9,4.56,8,0.7,8,2024
2024-08-21,Patna,25.5941,85.1376,239.2,136.5,234.1,60.6,24.7,10.52,8,0.7,8,2024
2024-08-21,Ahmedabad,23.0225,72.5714,109.9,70.8,100.6,28.0,10.9,4.12,8,0.7,8,2024
2024-08-22,Delhi,28.6139,77.209,85.3,57.0,83.8,25.4,6.9,4.11,8,0.7,8,2024
2024-08-22,Mumbai,19.076,72.8777,147.3,82.2,141.6,34.5,13.0,7.33,8,0.7,8,2024
2024-08-22,Chennai,13.0827,80.2707,35.1,11.6,32.2,10.9,5.9,2.36,8,0.7,8,2024
2024-08-22,Kolkata,22.5726,88.3639,224.3,141.4,207.8,57.9,24.9,9.0,8,0.7,8,2024
2024-08-22,Bengaluru,12.9716,77.5946,55.6,24.1,55.3,10.9,11.6,2.26,8,0.7,8,2024
2024-08-22,Hyderabad,17.385,78.4867,87.7,50.6,75.0,16.9,6.2,2.21,8,0.7,8,2024
2024-08-22,Puducherry,11.9416,79.8083,63.4,35.9,72.5,10.9,9.3,4.74,8,0.7,8,2024
2024-08-22,Lucknow,26.8467,80.9462,237.0,143.4,210.6,64.4,22.1,12.12,8,0.7,8,2024
2024-08-22,Patna,25.5941,85.1376,164.9,94.5,150.6,44.2,14.6,8.71,8,0.7,8,2024
2024-08-22,Ahmedabad,23.0225,72.5714,11.7,1.8,6.9,4.4,2.9,0.67,8,0.7,8,2024
2024-08-23,Delhi,28.6139,77.209,241.3,144.0,220.4,61.7,23.1,11.71,8,0.7,8,2024
2024-08-23,Mumbai,19.076,72.8777,122.0,82.3,119.5,26.0,9.9,5.56,8,0.7,8,2024
2024-08-23,Chennai,13.0827,80.2707,65.5,39.5,68.9,21.6,6.6,3.05,8,0.7,8,2024
2024-08-23,Kolkata,22.5726,88.3639,151.8,96.4,141.0,36.2,14.0,6.48,8,0.7,8,2024
2024-08-23,Bengaluru,12.9716,77.5946,75.8,48.6,74.1,23.6,10.5,2.42,8,0.7,8,2024
2024-08-23,Hyderabad,17.385,78.4867,98.2,61.1,87.8,21.2,12.7,4.32,8,0.7,8,2024
2024-08-23,Puducherry,11.9416,79.8083,10.0,6.1,7.1,9.9,2.0,0.19,8,0.7,8,2024
2024-08-23,Lucknow,26.8467,80.9462,141.2,83.7,144.8,38.0,11.3,6.82,8,0.7,8,2024
2024-08-23,Patna,25.5941,85.1376,166.3,94.2,135.4,44.0,15.0,9.56,8,0.7,8,2024
2024-08-23,Ahmedabad,23.0225,72.5714,112.4,65.1,81.8,33.0,11.8,5.17,8,0.7,8,2024
2024-08-24,Delhi,28.6139,77.209,124.8,82.9,103.8,29.7,13.6,7.69,8,0.7,8,2024
2024-08-24,Mumbai,19.076,72.8777,89.3,49.9,79.5,25.9,11.2,3.09,8,0.7,8,2024
2024-08-24,Chennai,13.0827,80.2707,65.9,32.4,66.4,18.2,4.7,4.83,8,0.7,8,2024
2024-08-24,Kolkata,22.5726,88.3639,142.8,86.8,127.1,35.7,13.5,6.4,8,0.7,8,2024
2024-08-24,Bengaluru,12.9716,77.5946,106.9,61.7,92.0,26.2,13.5,6.48,8,0.7,8,2024
2024-08-24,Hyderabad,17.385,78.4867,70.2,48.3,64.0,14.2,6.1,4.88,8,0.7,8,2024
2024-08-24,Puducherry,11.9416,79.8083,94.2,58.1,80.2,23.1,7.9,4.09,8,0.7,8,2024
2024-08-24,Lucknow,26.8467,80.9462,107.5,64.1,97.7,26.3,10.3,6.14,8,0.7,8,2024
2024-08-24,Patna,25.5941,85.1376,152.0,90.4,135.4,44.2,14.2,8.2,8,0.7,8,2024
2024-08-24,Ahmedabad,23.0225,72.5714,78.3,48.7,74.8,23.9,7.1,2.8,8,0.7,8,2024
2024-08-25,Delhi,28.6139,77.209,133.3,84.8,136.6,36.7,10.8,7.47,8,0.7,8,2024
2024-08-25,Mumbai,19.076,72.8777,60.2,34.4,55.7,16.5,6.2,2.41,8,0.7,8,2024
2024-08-25,Chennai,13.0827,80.2707,89.5,51.1,90.6,16.9,9.4,3.25,8,0.7,8,2024
2024-08-25,Kolkata,22.5726,88.3639,84.3,48.0,88.0,26.3,10.2,4.25,8,0.7,8,2024
2024-08-25,Bengaluru,12.9716,77.5946,75.6,51.7,73.7,19.0,10.5,4.59,8,0.7,8,2024
2024-08-25,Hyderabad,17.385,78.4867,92.5,53.2,78.9,21.8,10.2,5.46,8,0.7,8,2024
2024-08-25,Puducherry,11.9416,79.8083,23.6,4.4,13.6,4.3,4.8,0.9,8,0.7,8,2024
2024-08-25,Lucknow,26.8467,80.9462,170.6,104.4,145.4,48.5,15.7,10.09,8,0.7,8,2024
2024-08-25,Patna,25.5941,85.1376,159.2,93.8,134.4,40.6,20.4,8.37,8,0.7,8,2024
2024-08-25,Ahmedabad,23.0225,72.5714,124.2,71.2,116.5,31.7,12.3,6.7,8,0.7,8,2024
2024-08-26,Delhi,28.6139,77.209,50.7,29.9,36.1,12.8,3.6,1.88,8,0.7,8,2024
2024-08-26,Mumbai,19.076,72.8777,44.7,32.4,34.8,8.7,7.5,2.8,8,0.7,8,2024
2024-08-26,Chennai,13.0827,80.2707,12.1,14.2,24.1,9.2,2.5,0.0,8,0.7,8,2024
2024-08-26,Kolkata,22.5726,88.3639,123.5,66.9,104.2,26.4,11.1,6.34,8,0.7,8,2024
2024-08-26,Bengaluru,12.9716,77.5946,56.7,31.6,48.7,20.2,10.0,2.38,8,0.7,8,2024
2024-08-26,Hyderabad,17.385,78.4867,95.8,53.3,92.4,22.0,8.2,6.79,8,0.7,8,2024
2024-08-26,Puducherry,11.9416,79.8083,25.4,3.0,28.7,4.9,1.2,4.0,8,0.7,8,2024
2024-08-26,Lucknow,26.8467,80.9462,201.5,120.6,175.7,52.2,16.7,9.56,8,0.7,8,2024
2024-08-26,Patna,25.5941,85.1376,165.4,100.3,147.7,38.6,18.4,6.62,8,0.7,8,2024
2024-08-26,Ahmedabad,23.0225,72.5714,99.5,57.1,97.6,23.0,10.8,5.31,8,0.7,8,2024
2024-08-27,Delhi,28.6139,77.209,49.2,29.2,30.3,13.7,3.5,3.65,8,0.7,8,2024
2024-08-27,Mumbai,19.076,72.8777,90.8,50.6,91.3,19.2,10.9,5.01,8,0.7,8,2024
2024-08-27,Chennai,13.0827,80.2707,53.9,25.7,58.4,15.5,3.8,2.94,8,0.7,8,2024
2024-08-27,Kolkata,22.5726,88.3639,176.3,106.3,160.6,48.2,20.7,8.7,8,0.7,8,2024
2024-08-27,Bengaluru,12.9716,77.5946,29.9,11.4,21.4,3.7,0.0,3.34,8,0.7,8,2024
2024-08-27,Hyderabad,17.385,78.4867,102.5,58.9,92.0,18.5,12.6,3.18,8,0.7,8,2024
2024-08-27,Puducherry,11.9416,79.8083,62.7,28.4,53.1,20.6,3.0,2.99,8,0.7,8,2024
2024-08-27,Lucknow,26.8467,80.9462,194.8,119.2,175.9,50.7,18.3,11.67,8,0.7,8,2024
2024-08-27,Patna,25.5941,85.1376,55.3,39.0,51.3,16.3,7.1,3.32,8,0.7,8,2024
2024-08-27,Ahmedabad,23.0225,72.5714,75.5,43.9,56.3,17.7,8.2,4.38,8,0.7,8,2024
2024-08-28,Delhi,28.6139,77.209,227.3,127.6,200.1,54.2,20.1,10.53,8,0.7,8,2024
2024-08-28,Mumbai,19.076,72.8777,98.1,65.9,80.7,20.0,8.6,5.24,8,0.7,8,2024
2024-08-28,Chennai,13.0827,80.2707,93.6,55.7,72.7,18.5,9.7,5.68,8,0.7,8,2024
2024-08-28,Kolkata,22.5726,88.3639,216.8,124.2,196.2,50.1,19.9,9.86,8,0.7,8,2024
2024-08-28,Bengaluru,12.9716,77.5946,60.0,31.6,73.8,13.2,8.0,2.34,8,0.7,8,2024
2024-08-28,Hyderabad,17.385,78.4867,162.2,99.0,152.7,38.2,18.2,8.44,8,0.7,8,2024
2024-08-28,Puducherry,11.9416,79.8083,44.9,21.5,38.5,9.9,6.2,2.01,8,0.7,8,2024
2024-08-28,Lucknow,26.8467,80.9462,29.1,20.7,36.5,0.6,6.5,2.85,8,0.7,8,2024
2024-08-28,Patna,25.5941,85.1376,123.8,68.7,119.8,25.5,11.0,4.87,8,0.7,8,2024
2024-08-28,Ahmedabad,23.0225,72.5714,112.3,74.7,104.1,32.1,10.5,5.71,8,0.7,8,2024
2024-08-29,Delhi,28.6139,77.209,97.9,58.3,82.1,23.8,9.3,4.58,8,0.7,8,2024
2024-08-29,Mumbai,19.076,72.8777,182.3,118.2,175.4,52.8,21.1,9.09,8,0.7,8,2024
2024-08-29,Chennai,13.0827,80.2707,59.9,37.1,52.2,10.8,6.6,1.43,8,0.7,8,2024
2024-08-29,Kolkata,22.5726,88.3639,132.9,74.8,119.0,34.0,12.6,5.0,8,0.7,8,2024
2024-08-29,Bengaluru,12.9716,77.5946,34.4,22.9,26.5,10.8,3.5,1.52,8,0.7,8,2024
2024-08-29,Hyderabad,17.385,78.4867,96.2,54.3,89.8,22.4,14.7,3.68,8,0.7,8,2024
2024-08-29,Puducherry,11.9416,79.8083,45.4,25.7,30.0,14.3,3.7,0.0,8,0.7,8,2024
2024-08-29,Lucknow,26.8467,80.9462,199.2,116.3,178.4,52.5,19.2,9.59,8,0.7,8,2024
2024-08-29,Patna,25.5941,85.1376,340.5,193.5,296.2,80.8,37.6,16.38,8,0.7,8,2024
2024-08-29,Ahmedabad,23.0225,72.5714,122.8,71.3,115.3,30.6,12.8,7.43,8,0.7,8,2024
2024-08-30,Delhi,28.6139,77.209,231.2,135.0,210.6,67.5,24.2,11.71,8,0.7,8,2024
2024-08-30,Mumbai,19.076,72.8777,43.2,29.5,45.9,12.1,4.5,4.99,8,0.7,8,2024
2024-08-30,Chennai,13.0827,80.2707,84.4,56.8,76.5,20.6,9.7,4.09,8,0.7,8,2024
2024-08-30,Kolkata,22.5726,88.3639,123.5,76.4,107.0,31.8,12.5,7.14,8,0.7,8,2024
2024-08-30,Bengaluru,12.9716,77.5946,51.7,21.0,44.0,14.5,7.1,1.89,8,0.7,8,2024
2024-08-30,Hyderabad,17.385,78.4867,103.0,67.5,98.7,22.6,8.9,5.59,8,0.7,8,2024
2024-08-30,Puducherry,11.9416,79.8083,85.0,51.1,75.2,15.8,7.8,3.53,8,0.7,8,2024
2024-08-30,Lucknow,26.8467,80.9462,155.8,85.9,137.6,34.9,17.5,6.93,8,0.7,8,2024
2024-08-30,Patna,25.5941,85.1376,127.9,78.2,111.5,41.4,14.7,6.41,8,0.7,8,2024
2024-08-30,Ahmedabad,23.0225,72.5714,128.6,65.4,125.6,34.2,12.7,7.0,8,0.7,8,2024
2024-08-31,Delhi,28.6139,77.209,251.0,148.5,228.9,66.9,26.0,12.3,8,0.7,8,2024
2024-08-31,Mumbai,19.076,72.8777,109.9,72.9,105.2,22.8,12.2,5.95,8,0.7,8,2024
2024-08-31,Chennai,13.0827,80.2707,92.1,55.4,79.9,17.6,7.8,5.81,8,0.7,8,2024
2024-08-31,Kolkata,22.5726,88.3639,135.9,81.0,132.7,38.3,12.1,8.0,8,0.7,8,2024
2024-08-31,Bengaluru,12.9716,77.5946,20.2,14.4,20.9,9.6,2.8,0.77,8,0.7,8,2024
2024-08-31,Hyderabad,17.385,78.4867,78.2,60.4,71.0,21.9,3.8,3.08,8,0.7,8,2024
2024-08-31,Puducherry,11.9416,79.8083,62.9,29.7,61.0,12.8,4.2,2.42,8,0.7,8,2024
2024-08-31,Lucknow,26.8467,80.9462,253.3,153.6,220.7,66.4,27.0,12.28,8,0.7,8,2024
2024-08-31,Patna,25.5941,85.1376,235.1,146.1,218.4,56.1,21.2,10.06,8,0.7,8,2024
2024-08-31,Ahmedabad,23.0225,72.5714,82.5,47.7,72.0,20.4,11.7,3.79,8,0.7,8,2024
2024-09-01,Delhi,28.6139,77.209,192.1,106.2,190.7,42.8,17.8,10.3,9,0.7,9,2024
2024-09-01,Mumbai,19.076,72.8777,107.8,72.9,102.8,26.6,12.9,6.55,9,0.7,9,2024
2024-09-01,Chennai,13.0827,80.2707,46.5,32.7,40.1,11.2,4.9,1.94,9,0.7,9,2024
2024-09-01,Kolkata,22.5726,88.3639,104.3,67.5,81.6,21.8,11.8,5.14,9,0.7,9,2024
2024-09-01,Bengaluru,12.9716,77.5946,99.7,61.6,79.1,25.2,11.0,5.22,9,0.7,9,2024
2024-09-01,Hyderabad,17.385,78.4867,67.6,39.2,56.4,11.6,3.8,3.77,9,0.7,9,2024
2024-09-01,Puducherry,11.9416,79.8083,35.1,23.9,26.8,3.5,2.7,3.85,9,0.7,9,2024
2024-09-01,Lucknow,26.8467,80.9462,147.8,91.9,134.4,31.3,17.7,7.14,9,0.7,9,2024
2024-09-01,Patna,25.5941,85.1376,76.3,43.2,67.0,22.1,6.3,6.44,9,0.7,9,2024
2024-09-01,Ahmedabad,23.0225,72.5714,69.8,44.9,47.0,17.0,7.7,2.37,9,0.7,9,2024
2024-09-02,Delhi,28.6139,77.209,315.9,191.7,281.8,80.7,30.4,17.05,9,0.7,9,2024
2024-09-02,Mumbai,19.076,72.8777,138.6,85.0,129.6,28.7,16.8,6.83,9,0.7,9,2024
2024-09-02,Chennai,13.0827,80.2707,88.6,56.9,87.8,18.0,7.0,6.68,9,0.7,9,2024
2024-09-02,Kolkata,22.5726,88.3639,50.0,24.5,45.3,12.7,3.9,3.12,9,0.7,9,2024
2024-09-02,Bengaluru,12.9716,77.5946,97.1,58.2,85.2,24.2,8.7,3.16,9,0.7,9,2024
2024-09-02,Hyderabad,17.385,78.4867,94.5,60.5,83.8,14.6,8.3,5.63,9,0.7,9,2024
2024-09-02,Puducherry,11.9416,79.8083,23.7,17.7,17.8,5.8,1.0,0.05,9,0.7,9,2024
2024-09-02,Lucknow,26.8467,80.9462,247.2,152.4,227.6,65.4,25.7,13.3,9,0.7,9,2024
2024-09-02,Patna,25.5941,85.1376,121.5,79.8,119.7,31.9,11.6,4.85,9,0.7,9,2024
2024-09-02,Ahmedabad,23.0225,72.5714,122.3,81.8,100.8,34.6,11.3,5.73,9,0.7,9,2024
2024-09-03,Delhi,28.6139,77.209,102.0,57.4,97.0,28.6,10.7,4.6,9,0.7,9,2024
2024-09-03,Mumbai,19.076,72.8777,53.9,32.6,45.6,14.3,4.7,2.4,9,0.7,9,2024
2024-09-03,Chennai,13.0827,80.2707,67.0,42.0,70.1,15.4,7.8,5.15,9,0.7,9,2024
2024-09-03,Kolkata,22.5726,88.3639,154.6,98.6,134.2,35.8,15.1,7.68,9,0.7,9,2024
2024-09-03,Bengaluru,12.9716,77.5946,102.1,57.6,91.2,29.8,10.6,5.09,9,0.7,9,2024
2024-09-03,Hyderabad,17.385,78.4867,92.3,49.7,73.9,16.7,9.6,5.53,9,0.7,9,2024
2024-09-03,Puducherry,11.9416,79.8083,67.8,46.4,72.7,17.5,6.7,4.87,9,0.7,9,2024
2024-09-03,Lucknow,26.8467,80.9462,108.4,59.1,94.8,25.3,10.9,4.57,9,0.7,9,2024
2024-09-03,Patna,25.5941,85.1376,193.9,113.5,184.3,43.7,19.1,9.36,9,0.7,9,2024
2024-09-03,Ahmedabad,23.0225,72.5714,122.4,78.1,112.3,30.1,13.6,6.96,9,0.7,9,2024
2024-09-04,Delhi,28.6139,77.209,217.5,132.4,200.9,47.8,21.0,11.25,9,0.7,9,2024
2024-09-04,Mumbai,19.076,72.8777,86.3,50.3,80.7,23.2,9.6,3.52,9,0.7,9,2024
2024-09-04,Chennai,13.0827,80.2707,27.6,20.6,18.9,3.7,1.0,2.53,9,0.7,9,2024
2024-09-04,Kolkata,22.5726,88.3639,136.6,83.7,128.5,34.0,15.7,5.63,9,0.7,9,2024
2024-09-04,Bengaluru,12.9716,77.5946,37.4,16.7,37.0,11.4,2.8,1.64,9,0.7,9,2024
2024-09-04,Hyderabad,17.385,78.4867,128.4,73.6,117.9,29.4,15.0,7.05,9,0.7,9,2024
2024-09-04,Puducherry,11.9416,79.8083,24.5,13.4,5.4,9.7,6.5,0.0,9,0.7,9,2024
2024-09-04,Lucknow,26.8467,80.9462,61.2,37.6,54.9,13.7,2.6,3.38,9,0.7,9,2024
2024-09-04,Patna,25.5941,85.1376,230.1,152.3,217.5,52.3,23.0,12.1,9,0.7,9,2024
2024-09-04,Ahmedabad,23.0225,72.5714,81.0,52.5,78.5,25.2,9.7,4.34,9,0.7,9,2024
2024-09-05,Delhi,28.6139,77.209,145.0,80.5,132.3,34.6,13.9,8.37,9,0.7,9,2024
2024-09-05,Mumbai,19.076,72.8777,152.8,85.5,135.8,36.5,15.9,5.37,9,0.7,9,2024
2024-09-05,Chennai,13.0827,80.2707,26.5,15.3,30.1,6.9,4.0,1.52,9,0.7,9,2024
2024-09-05,Kolkata,22.5726,88.3639,189.8,121.3,164.7,51.0,20.0,11.99,9,0.7,9,2024
2024-09-05,Bengaluru,12.9716,77.5946,46.1,27.1,33.2,7.6,5.4,2.51,9,0.7,9,2024
2024-09-05,Hyderabad,17.385,78.4867,103.0,64.4,90.8,24.8,8.4,4.45,9,0.7,9,2024
2024-09-05,Puducherry,11.9416,79.8083,51.4,31.8,51.9,15.3,8.3,1.6,9,0.7,9,2024
2024-09-05,Lucknow,26.8467,80.9462,138.9,78.9,135.2,32.7,16.2,8.4,9,0.7,9,2024
2024-09-05,Patna,25.5941,85.1376,196.9,119.6,177.5,48.0,18.8,9.7,9,0.7,9,2024
2024-09-05,Ahmedabad,23.0225,72.5714,194.1,111.3,176.3,51.4,18.8,10.12,9,0.7,9,2024
2024-09-06,Delhi,28.6139,77.209,75.6,52.0,77.1,18.5,5.8,4.57,9,0.7,9,2024
2024-09-06,Mumbai,19.076,72.8777,52.1,26.2,46.5,19.1,6.5,1.96,9,0.7,9,2024
2024-09-06,Chennai,13.0827,80.2707,20.9,12.7,20.8,4.9,5.7,0.91,9,0.7,9,2024
2024-09-06,Kolkata,22.5726,88.3639,11.9,5.1,14.3,4.5,0.8,0.25,9,0.7,9,2024
2024-09-06,Bengaluru,12.9716,77.5946,10.0,6.4,6.3,3.5,2.0,1.74,9,0.7,9,2024
2024-09-06,Hyderabad,17.385,78.4867,50.6,23.9,40.9,9.7,3.4,3.97,9,0.7,9,2024
2024-09-06,Puducherry,11.9416,79.8083,55.5,43.2,49.9,9.2,3.9,3.8,9,0.7,9,2024
2024-09-06,Lucknow,26.8467,80.9462,80.3,51.0,69.4,16.4,10.8,3.43,9,0.7,9,2024
2024-09-06,Patna,25.5941,85.1376,110.1,65.7,95.0,36.4,13.1,4.91,9,0.7,9,2024
2024-09-06,Ahmedabad,23.0225,72.5714,90.6,44.3,82.6,19.7,9.2,2.56,9,0.7,9,2024
2024-09-07,Delhi,28.6139,77.209,193.9,124.8,174.9,45.4,19.3,9.63,9,0.7,9,2024
2024-09-07,Mumbai,19.076,72.8777,185.7,109.8,157.5,46.5,19.0,9.85,9,0.7,9,2024
2024-09-07,Chennai,13.0827,80.2707,81.9,58.9,68.9,17.7,4.5,4.76,9,0.7,9,2024
2024-09-07,Kolkata,22.5726,88.3639,81.6,53.4,69.5,27.3,5.3,5.1,9,0.7,9,2024
2024-09-07,Bengaluru,12.9716,77.5946,97.1,60.9,78.5,26.4,10.0,3.02,9,0.7,9,2024
2024-09-07,Hyderabad,17.385,78.4867,138.5,81.4,136.5,34.4,15.8,6.07,9,0.7,9,2024
2024-09-07,Puducherry,11.9416,79.8083,56.8,34.8,48.5,10.7,0.0,1.99,9,0.7,9,2024
2024-09-07,Lucknow,26.8467,80.9462,199.5,112.7,170.0,44.1,20.4,9.08,9,0.7,9,2024
2024-09-07,Patna,25.5941,85.1376,253.4,155.7,229.7,64.6,23.8,11.91,9,0.7,9,2024
2024-09-07,Ahmedabad,23.0225,72.5714,144.0,91.0,135.2,34.1,13.6,6.27,9,0.7,9,2024
2024-09-08,Delhi,28.6139,77.209,257.5,144.7,214.1,56.4,21.5,14.23,9,0.7,9,2024
2024-09-08,Mumbai,19.076,72.8777,129.5,71.7,115.7,38.2,14.0,8.59,9,0.7,9,2024
2024-09-08,Chennai,13.0827,80.2707,60.1,32.8,45.4,15.1,7.9,3.1,9,0.7,9,2024
2024-09-08,Kolkata,22.5726,88.3639,108.1,71.1,101.5,26.6,9.3,5.15,9,0.7,9,2024
2024-09-08,Bengaluru,12.9716,77.5946,84.2,46.6,65.9,19.1,8.3,5.57,9,0.7,9,2024
2024-09-08,Hyderabad,17.385,78.4867,43.4,27.2,36.8,9.9,7.4,2.25,9,0.7,9,2024
2024-09-08,Puducherry,11.9416,79.8083,34.2,25.0,37.3,4.5,1.0,2.12,9,0.7,9,2024
2024-09-08,Lucknow,26.8467,80.9462,151.9,88.8,145.2,35.6,16.0,8.77,9,0.7,9,2024
2024-09-08,Patna,25.5941,85.1376,144.3,77.4,126.6,36.8,16.4,6.69,9,0.7,9,2024
2024-09-08,Ahmedabad,23.0225,72.5714,189.5,107.2,171.9,46.4,21.6,8.0,9,0.7,9,2024
2024-09-09,Delhi,28.6139,77.209,230.1,136.8,219.3,54.2,23.8,10.67,9,0.7,9,2024
2024-09-09,Mumbai,19.076,72.8777,105.5,61.5,91.9,18.4,11.4,4.19,9,0.7,9,2024
2024-09-09,Chennai,13.0827,80.2707,35.1,13.3,23.1,10.8,4.4,2.42,9,0.7,9,2024
2024-09-09,Kolkata,22.5726,88.3639,74.7,45.9,62.3,22.5,8.3,3.08,9,0.7,9,2024
2024-09-09,Bengaluru,12.9716,77.5946,101.2,63.3,80.0,18.6,7.4,6.71,9,0.7,9,2024
2024-09-09,Hyderabad,17.385,78.4867,48.5,38.5,35.1,7.4,6.6,3.35,9,0.7,9,2024
2024-09-09,Puducherry,11.9416,79.8083,63.6,41.5,50.8,19.2,6.8,2.81,9,0.7,9,2024
2024-09-09,Lucknow,26.8467,80.9462,160.2,101.4,147.3,31.4,17.8,8.82,9,0.7,9,2024
2024-09-09,Patna,25.5941,85.1376,141.5,85.5,128.3,27.5,13.3,6.71,9,0.7,9,2024
2024-09-09,Ahmedabad,23.0225,72.5714,104.9,60.3,99.7,23.0,12.3,5.86,9,0.7,9,2024
2024-09-10,Delhi,28.6139,77.209,304.8,191.5,288.2,71.5,31.2,14.52,9,0.7,9,2024
2024-09-10,Mumbai,19.076,72.8777,229.2,140.6,217.6,59.0,17.6,10.68,9,0.7,9,2024
2024-09-10,Chennai,13.0827,80.2707,45.9,25.6,44.2,13.5,0.0,2.06,9,0.7,9,2024
2024-09-10,Kolkata,22.5726,88.3639,101.7,67.9,96.3,24.7,10.6,3.4,9,0.7,9,2024
2024-09-10,Bengaluru,12.9716,77.5946,89.8,51.9,74.4,27.7,9.5,3.82,9,0.7,9,2024
2024-09-10,Hyderabad,17.385,78.4867,62.8,39.5,58.8,15.8,3.9,2.08,9,0.7,9,2024
2024-09-10,Puducherry,11.9416,79.8083,37.5,21.5,33.4,8.7,3.5,3.76,9,0.7,9,2024
2024-09-10,Lucknow,26.8467,80.9462,209.2,131.5,192.0,52.6,21.7,10.69,9,0.7,9,2024
2024-09-10,Patna,25.5941,85.1376,224.6,129.9,207.9,56.8,18.8,11.32,9,0.7,9,2024
2024-09-10,Ahmedabad,23.0225,72.5714,53.2,29.2,46.6,7.3,5.2,2.73,9,0.7,9,2024
2024-09-11,Delhi,28.6139,77.209,256.4,151.6,233.0,63.7,24.8,11.15,9,0.7,9,2024
2024-09-11,Mumbai,19.076,72.8777,93.5,59.8,76.7,22.5,9.2,5.78,9,0.7,9,2024
2024-09-11,Chennai,13.0827,80.2707,63.8,39.7,57.4,14.0,4.1,2.9,9,0.7,9,2024
2024-09-11,Kolkata,22.5726,88.3639,145.7,88.0,143.0,40.2,17.1,5.25,9,0.7,9,2024
2024-09-11,Bengaluru,12.9716,77.5946,117.4,71.8,108.9,32.9,11.8,4.8,9,0.7,9,2024
2024-09-11,Hyderabad,17.385,78.4867,134.7,77.0,113.3,32.7,12.7,6.74,9,0.7,9,2024
2024-09-11,Puducherry,11.9416,79.8083,50.5,37.0,49.1,9.2,3.6,2.14,9,0.7,9,2024
2024-09-11,Lucknow,26.8467,80.9462,129.0,74.8,107.3,33.4,12.0,5.5,9,0.7,9,2024
2024-09-11,Patna,25.5941,85.1376,202.0,125.4,179.8,57.6,24.6,10.6,9,0.7,9,2024
2024-09-11,Ahmedabad,23.0225,72.5714,90.9,55.9,72.0,19.2,5.7,3.92,9,0.7,9,2024
2024-09-12,Delhi,28.6139,77.209,97.4,61.6,81.7,25.5,11.2,6.04,9,0.7,9,2024
2024-09-12,Mumbai,19.076,72.8777,83.9,51.9,78.3,26.1,10.0,5.5,9,0.7,9,2024
2024-09-12,Chennai,13.0827,80.2707,21.4,9.5,27.5,7.7,1.9,0.6,9,0.7,9,2024
2024-09-12,Kolkata,22.5726,88.3639,165.4,89.3,155.2,41.7,15.6,8.77,9,0.7,9,2024
2024-09-12,Bengaluru,12.9716,77.5946,58.4,35.2,52.2,17.6,6.2,1.01,9,0.7,9,2024
2024-09-12,Hyderabad,17.385,78.4867,35.3,15.8,35.4,11.1,6.9,0.75,9,0.7,9,2024
2024-09-12,Puducherry,11.9416,79.8083,78.7,37.5,71.0,20.7,8.4,3.63,9,0.7,9,2024
2024-09-12,Lucknow,26.8467,80.9462,161.7,90.8,152.5,41.4,16.9,7.81,9,0.7,9,2024
2024-09-12,Patna,25.5941,85.1376,145.0,89.6,143.2,30.7,11.6,7.52,9,0.7,9,2024
2024-09-12,Ahmedabad,23.0225,72.5714,97.1,58.9,87.2,26.8,9.1,3.65,9,0.7,9,2024
2024-09-13,Delhi,28.6139,77.209,132.8,78.9,109.5,33.1,13.4,6.28,9,0.7,9,2024
2024-09-13,Mumbai,19.076,72.8777,106.4,55.8,88.1,22.0,12.4,7.63,9,0.7,9,2024
2024-09-13,Chennai,13.0827,80.2707,41.0,23.4,31.4,11.1,2.9,2.33,9,0.7,9,2024
2024-09-13,Kolkata,22.5726,88.3639,159.3,89.5,145.5,32.6,15.4,7.64,9,0.7,9,2024
2024-09-13,Bengaluru,12.9716,77.5946,63.1,36.3,52.8,14.7,6.8,3.42,9,0.7,9,2024
2024-09-13,Hyderabad,17.385,78.4867,88.0,49.9,87.8,28.1,6.2,4.56,9,0.7,9,2024
2024-09-13,Puducherry,11.9416,79.8083,43.1,30.5,38.7,11.0,5.3,1.86,9,0.7,9,2024
2024-09-13,Lucknow,26.8467,80.9462,263.0,160.3,244.2,64.9,26.1,13.96,9,0.7,9,2024
2024-09-13,Patna,25.5941,85.1376,217.8,124.4,197.0,56.3,21.5,11.27,9,0.7,9,2024
2024-09-13,Ahmedabad,23.0225,72.5714,108.0,53.6,86.7,30.9,10.3,5.59,9,0.7,9,2024
2024-09-14,Delhi,28.6139,77.209,195.7,113.3,172.4,50.2,20.4,11.97,9,0.7,9,2024
2024-09-14,Mumbai,19.076,72.8777,78.9,55.7,64.1,21.7,8.2,3.82,9,0.7,9,2024
2024-09-14,Chennai,13.0827,80.2707,62.9,34.6,63.8,12.4,6.9,3.9,9,0.7,9,2024
2024-09-14,Kolkata,22.5726,88.3639,195.2,122.0,180.3,46.2,17.9,8.62,9,0.7,9,2024
2024-09-14,Bengaluru,12.9716,77.5946,33.0,19.8,23.9,13.0,2.1,1.74,9,0.7,9,2024
2024-09-14,Hyderabad,17.385,78.4867,74.7,37.8,75.9,21.5,9.1,4.33,9,0.7,9,2024
2024-09-14,Puducherry,11.9416,79.8083,37.3,18.7,37.2,15.5,4.5,2.84,9,0.7,9,2024
2024-09-14,Lucknow,26.8467,80.9462,119.8,77.4,104.5,30.9,11.2,6.88,9,0.7,9,2024
2024-09-14,Patna,25.5941,85.1376,231.2,131.3,218.7,67.3,22.4,11.43,9,0.7,9,2024
2024-09-14,Ahmedabad,23.0225,72.5714,167.8,101.0,151.0,49.5,14.1,7.6,9,0.7,9,2024
2024-09-15,Delhi,28.6139,77.209,229.4,129.5,203.5,55.8,24.9,12.16,9,0.7,9,2024
2024-09-15,Mumbai,19.076,72.8777,30.7,15.0,22.1,6.8,0.9,1.99,9,0.7,9,2024
2024-09-15,Chennai,13.0827,80.2707,45.6,30.3,41.0,7.5,7.3,3.7,9,0.7,9,2024
2024-09-15,Kolkata,22.5726,88.3639,140.5,83.1,118.0,39.4,15.7,6.21,9,0.7,9,2024
2024-09-15,Bengaluru,12.9716,77.5946,49.4,31.9,35.1,9.8,2.9,1.46,9,0.7,9,2024
2024-09-15,Hyderabad,17.385,78.4867,58.8,39.8,38.9,16.4,6.4,3.91,9,0.7,9,2024
2024-09-15,Puducherry,11.9416,79.8083,57.6,32.7,45.3,18.4,6.8,2.39,9,0.7,9,2024
2024-09-15,Lucknow,26.8467,80.9462,213.1,125.6,191.8,50.9,22.4,9.66,9,0.7,9,2024
2024-09-15,Patna,25.5941,85.1376,147.1,85.0,134.5,38.3,12.5,7.76,9,0.7,9,2024
2024-09-15,Ahmedabad,23.0225,72.5714,45.5,38.3,36.9,15.6,5.0,2.52,9,0.7,9,2024
2024-09-16,Delhi,28.6139,77.209,102.7,65.8,92.8,27.6,10.1,5.27,9,0.7,9,2024
2024-09-16,Mumbai,19.076,72.8777,62.5,36.7,52.9,12.8,6.5,3.49,9,0.7,9,2024
2024-09-16,Chennai,13.0827,80.2707,69.3,41.1,65.7,18.3,7.1,3.63,9,0.7,9,2024
2024-09-16,Kolkata,22.5726,88.3639,185.2,105.1,164.1,47.7,15.4,10.64,9,0.7,9,2024
2024-09-16,Bengaluru,12.9716,77.5946,77.6,51.3,78.8,21.0,3.3,4.03,9,0.7,9,2024
2024-09-16,Hyderabad,17.385,78.4867,91.4,49.4,67.9,24.7,6.6,6.63,9,0.7,9,2024
2024-09-16,Puducherry,11.9416,79.8083,57.8,41.4,52.3,17.5,5.9,3.9,9,0.7,9,2024
2024-09-16,Lucknow,26.8467,80.9462,21.5,17.3,24.7,4.8,1.3,0.78,9,0.7,9,2024
2024-09-16,Patna,25.5941,85.1376,187.8,118.8,164.7,40.1,23.7,10.06,9,0.7,9,2024
2024-09-16,Ahmedabad,23.0225,72.5714,94.4,62.6,92.4,25.6,8.5,5.39,9,0.7,9,2024
2024-09-17,Delhi,28.6139,77.209,283.2,161.3,256.7,72.0,28.9,14.21,9,0.7,9,2024
2024-09-17,Mumbai,19.076,72.8777,145.4,86.2,130.8,37.6,14.2,5.88,9,0.7,9,2024
2024-09-17,Chennai,13.0827,80.2707,68.4,42.2,58.6,16.6,0.5,4.63,9,0.7,9,2024
2024-09-17,Kolkata,22.5726,88.3639,171.1,96.0,148.6,48.6,14.8,9.03,9,0.7,9,2024
2024-09-17,Bengaluru,12.9716,77.5946,55.2,35.2,50.1,12.7,6.3,2.27,9,0.7,9,2024
2024-09-17,Hyderabad,17.385,78.4867,21.6,8.3,11.1,0.0,2.9,0.91,9,0.7,9,2024
2024-09-17,Puducherry,11.9416,79.8083,59.6,38.4,59.7,16.5,4.0,3.56,9,0.7,9,2024
2024-09-17,Lucknow,26.8467,80.9462,168.4,112.0,151.6,43.6,16.7,8.47,9,0.7,9,2024
2024-09-17,Patna,25.5941,85.1376,166.7,97.8,151.4,44.2,15.8,9.17,9,0.7,9,2024
2024-09-17,Ahmedabad,23.0225,72.5714,144.1,82.1,122.0,37.8,13.2,6.16,9,0.7,9,2024
2024-09-18,Delhi,28.6139,77.209,333.4,195.2,287.9,80.2,33.8,16.74,9,0.7,9,2024
2024-09-18,Mumbai,19.076,72.8777,173.5,100.3,158.0,47.9,16.0,9.38,9,0.7,9,2024
2024-09-18,Chennai,13.0827,80.2707,17.2,19.1,23.4,1.6,3.4,2.17,9,0.7,9,2024
2024-09-18,Kolkata,22.5726,88.3639,61.6,34.0,66.2,15.7,7.0,3.15,9,0.7,9,2024
2024-09-18,Bengaluru,12.9716,77.5946,96.7,60.6,87.9,15.8,11.0,5.56,9,0.7,9,2024
2024-09-18,Hyderabad,17.385,78.4867,40.6,18.5,40.7,10.9,0.1,1.21,9,0.7,9,2024
2024-09-18,Puducherry,11.9416,79.8083,58.8,38.7,48.2,14.1,4.1,4.26,9,0.7,9,2024
2024-09-18,Lucknow,26.8467,80.9462,165.3,95.8,139.5,36.3,20.2,8.09,9,0.7,9,2024
2024-09-18,Patna,25.5941,85.1376,140.0,82.9,121.0,34.6,14.1,7.02,9,0.7,9,2024
2024-09-18,Ahmedabad,23.0225,72.5714,55.2,37.6,45.3,11.2,4.1,1.71,9,0.7,9,2024
2024-09-19,Delhi,28.6139,77.209,217.4,134.9,189.9,47.0,19.7,10.42,9,0.7,9,2024
2024-09-19,Mumbai,19.076,72.8777,48.7,26.2,39.4,12.1,2.0,3.02,9,0.7,9,2024
2024-09-19,Chennai,13.0827,80.2707,104.5,69.8,89.4,28.8,11.6,5.18,9,0.7,9,2024
2024-09-19,Kolkata,22.5726,88.3639,134.9,84.4,128.5,30.5,15.0,8.41,9,0.7,9,2024
2024-09-19,Bengaluru,12.9716,77.5946,96.5,65.6,66.2,26.5,10.2,5.85,9,0.7,9,2024
2024-09-19,Hyderabad,17.385,78.4867,44.6,24.2,47.3,6.9,4.9,2.21,9,0.7,9,2024
2024-09-19,Puducherry,11.9416,79.8083,48.6,32.0,34.8,9.0,4.6,1.23,9,0.7,9,2024
2024-09-19,Lucknow,26.8467,80.9462,234.0,136.4,216.9,55.0,24.8,10.09,9,0.7,9,2024
2024-09-19,Patna,25.5941,85.1376,266.6,165.6,235.5,63.3,27.6,11.8,9,0.7,9,2024
2024-09-19,Ahmedabad,23.0225,72.5714,113.6,64.1,100.2,25.8,9.8,7.38,9,0.7,9,2024
2024-09-20,Delhi,28.6139,77.209,258.4,147.6,225.6,68.0,27.8,11.53,9,0.7,9,2024
2024-09-20,Mumbai,19.076,72.8777,125.9,76.9,97.8,29.9,12.3,6.34,9,0.7,9,2024
2024-09-20,Chennai,13.0827,80.2707,30.0,14.2,22.0,5.4,2.0,1.37,9,0.7,9,2024
2024-09-20,Kolkata,22.5726,88.3639,141.5,93.8,134.3,40.6,13.2,6.07,9,0.7,9,2024
2024-09-20,Bengaluru,12.9716,77.5946,94.0,56.3,90.4,20.0,10.7,4.52,9,0.7,9,2024
2024-09-20,Hyderabad,17.385,78.4867,67.9,38.9,65.0,20.1,6.1,3.74,9,0.7,9,2024
2024-09-20,Puducherry,11.9416,79.8083,59.3,39.3,61.3,22.1,5.0,4.43,9,0.7,9,2024
2024-09-20,Lucknow,26.8467,80.9462,161.6,91.5,140.2,42.3,17.6,7.06,9,0.7,9,2024
2024-09-20,Patna,25.5941,85.1376,114.5,66.0,96.1,21.1,7.0,5.34,9,0.7,9,2024
2024-09-20,Ahmedabad,23.0225,72.5714,123.3,77.3,100.1,25.4,11.3,6.17,9,0.7,9,2024
2024-09-21,Delhi,28.6139,77.209,276.7,169.6,246.1,70.6,26.0,13.91,9,0.7,9,2024
2024-09-21,Mumbai,19.076,72.8777,95.5,64.3,89.9,20.8,8.0,4.44,9,0.7,9,2024
2024-09-21,Chennai,13.0827,80.2707,23.9,13.2,20.4,7.8,3.6,1.29,9,0.7,9,2024
2024-09-21,Kolkata,22.5726,88.3639,44.5,20.6,35.2,13.7,5.7,1.98,9,0.7,9,2024
2024-09-21,Bengaluru,12.9716,77.5946,140.8,92.3,136.6,38.0,15.0,7.43,9,0.7,9,2024
2024-09-21,Hyderabad,17.385,78.4867,20.8,7.2,16.9,5.7,1.8,1.31,9,0.7,9,2024
2024-09-21,Puducherry,11.9416,79.8083,10.4,8.8,9.9,1.9,2.9,0.0,9,0.7,9,2024
2024-09-21,Lucknow,26.8467,80.9462,138.6,84.6,117.9,26.6,11.6,6.87,9,0.7,9,2024
2024-09-21,Patna,25.5941,85.1376,150.6,90.3,130.3,32.4,15.3,7.36,9,0.7,9,2024
2024-09-21,Ahmedabad,23.0225,72.5714,140.7,80.7,110.5,24.8,13.3,7.16,9,0.7,9,2024
2024-09-22,Delhi,28.6139,77.209,177.4,103.6,146.9,36.8,18.5,8.64,9,0.7,9,2024
2024-09-22,Mumbai,19.076,72.8777,83.5,42.4,67.4,21.1,8.9,4.01,9,0.7,9,2024
2024-09-22,Chennai,13.0827,80.2707,97.5,55.6,98.0,25.2,10.0,5.81,9,0.7,9,2024
2024-09-22,Kolkata,22.5726,88.3639,94.8,55.2,75.5,27.4,10.2,5.84,9,0.7,9,2024
2024-09-22,Bengaluru,12.9716,77.5946,76.1,51.2,62.5,23.0,6.8,3.81,9,0.7,9,2024
2024-09-22,Hyderabad,17.385,78.4867,109.5,77.3,105.1,31.0,9.9,5.63,9,0.7,9,2024
2024-09-22,Puducherry,11.9416,79.8083,50.6,37.4,44.4,18.0,2.5,3.93,9,0.7,9,2024
2024-09-22,Lucknow,26.8467,80.9462,98.0,63.1,81.3,27.0,7.9,5.94,9,0.7,9,2024
2024-09-22,Patna,25.5941,85.1376,227.2,133.3,209.1,60.6,20.9,10.33,9,0.7,9,2024
2024-09-22,Ahmedabad,23.0225,72.5714,63.8,32.2,48.8,19.6,7.5,1.49,9,0.7,9,2024
2024-09-23,Delhi,28.6139,77.209,155.2,87.3,146.6,37.0,12.4,7.93,9,0.7,9,2024
2024-09-23,Mumbai,19.076,72.8777,122.3,68.6,108.0,27.0,14.7,5.68,9,0.7,9,2024
2024-09-23,Chennai,13.0827,80.2707,45.0,26.7,38.8,14.0,6.9,3.47,9,0.7,9,2024
2024-09-23,Kolkata,22.5726,88.3639,106.9,65.7,108.1,32.8,8.9,5.94,9,0.7,9,2024
2024-09-23,Bengaluru,12.9716,77.5946,82.7,54.3,84.4,16.5,6.9,5.04,9,0.7,9,2024
2024-09-23,Hyderabad,17.385,78.4867,89.2,42.4,66.9,25.0,10.6,3.11,9,0.7,9,2024
2024-09-23,Puducherry,11.9416,79.8083,74.5,43.7,58.9,16.4,5.0,3.11,9,0.7,9,2024
2024-09-23,Lucknow,26.8467,80.9462,32.5,19.1,33.9,2.7,3.3,0.82,9,0.7,9,2024
2024-09-23,Patna,25.5941,85.1376,214.8,117.3,199.0,46.4,21.1,10.03,9,0.7,9,2024
2024-09-23,Ahmedabad,23.0225,72.5714,95.8,49.8,99.5,18.8,7.2,6.58,9,0.7,9,2024
2024-09-24,Delhi,28.6139,77.209,221.8,126.8,198.6,54.5,18.8,10.33,9,0.7,9,2024
2024-09-24,Mumbai,19.076,72.8777,96.9,64.5,85.7,23.8,8.1,5.94,9,0.7,9,2024
2024-09-24,Chennai,13.0827,80.2707,85.6,55.3,77.9,15.0,10.7,4.34,9,0.7,9,2024
2024-09-24,Kolkata,22.5726,88.3639,110.6,68.6,101.3,23.4,10.4,3.63,9,0.7,9,2024
2024-09-24,Bengaluru,12.9716,77.5946,72.6,50.2,51.0,18.7,8.6,4.45,9,0.7,9,2024
2024-09-24,Hyderabad,17.385,78.4867,57.9,29.2,47.4,19.2,2.4,1.68,9,0.7,9,2024
2024-09-24,Puducherry,11.9416,79.8083,43.3,21.1,38.6,16.5,1.9,2.02,9,0.7,9,2024
2024-09-24,Lucknow,26.8467,80.9462,153.5,90.4,125.5,35.8,14.1,8.31,9,0.7,9,2024
2024-09-24,Patna,25.5941,85.1376,197.4,110.7,174.6,47.3,23.6,10.16,9,0.7,9,2024
2024-09-24,Ahmedabad,23.0225,72.5714,63.5,34.2,54.1,17.3,7.3,3.38,9,0.7,9,2024
2024-09-25,Delhi,28.6139,77.209,179.2,106.8,160.2,37.7,17.8,8.38,9,0.7,9,2024
2024-09-25,Mumbai,19.076,72.8777,31.9,31.2,31.2,8.0,2.4,2.33,9,0.7,9,2024
2024-09-25,Chennai,13.0827,80.2707,33.9,18.8,22.9,11.4,1.7,2.8,9,0.7,9,2024
2024-09-25,Kolkata,22.5726,88.3639,121.0,76.5,112.1,34.5,10.2,6.96,9,0.7,9,2024
2024-09-25,Bengaluru,12.9716,77.5946,14.1,8.7,8.3,0.0,0.0,0.06,9,0.7,9,2024
2024-09-25,Hyderabad,17.385,78.4867,77.1,43.6,70.0,16.0,6.8,3.57,9,0.7,9,2024
2024-09-25,Puducherry,11.9416,79.8083,56.1,37.9,57.3,15.0,6.5,3.12,9,0.7,9,2024
2024-09-25,Lucknow,26.8467,80.9462,133.5,84.6,112.8,25.2,11.3,8.08,9,0.7,9,2024
2024-09-25,Patna,25.5941,85.1376,147.3,89.8,130.4,39.1,14.9,7.3,9,0.7,9,2024
2024-09-25,Ahmedabad,23.0225,72.5714,139.6,81.4,128.6,34.2,13.7,6.16,9,0.7,9,2024
2024-09-26,Delhi,28.6139,77.209,178.7,104.5,169.9,37.9,19.6,7.19,9,0.7,9,2024
2024-09-26,Mumbai,19.076,72.8777,119.5,67.5,112.1,29.4,9.1,7.33,9,0.7,9,2024
2024-09-26,Chennai,13.0827,80.2707,82.4,52.0,69.0,23.8,5.7,1.89,9,0.7,9,2024
2024-09-26,Kolkata,22.5726,88.3639,47.9,24.1,37.1,10.2,4.0,1.75,9,0.7,9,2024
2024-09-26,Bengaluru,12.9716,77.5946,10.0,7.0,6.9,0.0,3.8,0.26,9,0.7,9,2024
2024-09-26,Hyderabad,17.385,78.4867,86.0,55.6,65.5,21.4,10.2,4.21,9,0.7,9,2024
2024-09-26,Puducherry,11.9416,79.8083,26.4,13.4,25.3,0.0,0.0,3.29,9,0.7,9,2024
2024-09-26,Lucknow,26.8467,80.9462,185.5,118.7,173.9,48.0,17.9,9.66,9,0.7,9,2024
2024-09-26,Patna,25.5941,85.1376,269.5,165.8,243.9,66.7,27.9,12.94,9,0.7,9,2024
2024-09-26,Ahmedabad,23.0225,72.5714,134.4,77.2,118.1,29.5,12.6,6.04,9,0.7,9,2024
2024-09-27,Delhi,28.6139,77.209,331.4,194.4,301.3,79.1,33.2,16.86,9,0.7,9,2024
2024-09-27,Mumbai,19.076,72.8777,24.0,7.4,14.0,0.8,2.6,1.44,9,0.7,9,2024
2024-09-27,Chennai,13.0827,80.2707,36.4,22.5,29.4,8.7,2.4,2.31,9,0.7,9,2024
2024-09-27,Kolkata,22.5726,88.3639,207.7,128.5,198.1,46.3,19.4,10.95,9,0.7,9,2024
2024-09-27,Bengaluru,12.9716,77.5946,115.2,72.4,95.5,27.1,12.2,5.6,9,0.7,9,2024
2024-09-27,Hyderabad,17.385,78.4867,56.0,32.1,50.3,9.7,7.6,2.36,9,0.7,9,2024
2024-09-27,Puducherry,11.9416,79.8083,51.0,35.8,44.9,16.7,3.0,2.98,9,0.7,9,2024
2024-09-27,Lucknow,26.8467,80.9462,208.6,121.0,186.3,51.5,21.3,10.9,9,0.7,9,2024
2024-09-27,Patna,25.5941,85.1376,104.2,62.2,106.5,30.3,12.0,5.02,9,0.7,9,2024
2024-09-27,Ahmedabad,23.0225,72.5714,207.8,129.8,187.3,52.8,19.9,10.78,9,0.7,9,2024
2024-09-28,Delhi,28.6139,77.209,243.4,149.6,217.6,55.0,24.8,12.88,9,0.7,9,2024
2024-09-28,Mumbai,19.076,72.8777,58.9,34.9,63.7,9.9,5.3,4.43,9,0.7,9,2024
2024-09-28,Chennai,13.0827,80.2707,66.9,37.5,60.2,20.0,6.3,3.94,9,0.7,9,2024
2024-09-28,Kolkata,22.5726,88.3639,137.7,84.2,129.2,33.2,11.9,7.36,9,0.7,9,2024
2024-09-28,Bengaluru,12.9716,77.5946,66.0,37.4,63.6,21.6,6.3,3.31,9,0.7,9,2024
2024-09-28,Hyderabad,17.385,78.4867,42.6,24.4,40.1,10.6,3.5,2.86,9,0.7,9,2024
2024-09-28,Puducherry,11.9416,79.8083,53.7,45.2,50.0,2.4,3.1,3.22,9,0.7,9,2024
2024-09-28,Lucknow,26.8467,80.9462,112.2,64.4,91.1,26.1,11.6,6.0,9,0.7,9,2024
2024-09-28,Patna,25.5941,85.1376,96.6,62.0,77.4,25.9,10.3,3.9,9,0.7,9,2024
2024-09-28,Ahmedabad,23.0225,72.5714,64.6,40.7,53.7,15.4,7.8,3.71,9,0.7,9,2024
2024-09-29,Delhi,28.6139,77.209,122.7,73.4,103.0,34.2,15.3,5.29,9,0.7,9,2024
2024-09-29,Mumbai,19.076,72.8777,96.8,62.7,87.3,26.4,9.8,3.78,9,0.7,9,2024
2024-09-29,Chennai,13.0827,80.2707,66.0,45.2,61.9,23.0,3.1,3.68,9,0.7,9,2024
2024-09-29,Kolkata,22.5726,88.3639,93.6,51.8,94.9,22.4,8.7,5.02,9,0.7,9,2024
2024-09-29,Bengaluru,12.9716,77.5946,10.0,12.8,24.2,6.2,1.8,0.28,9,0.7,9,2024
2024-09-29,Hyderabad,17.385,78.4867,46.4,33.8,49.1,13.4,5.3,2.62,9,0.7,9,2024
2024-09-29,Puducherry,11.9416,79.8083,42.0,37.7,35.5,8.8,6.4,2.07,9,0.7,9,2024
2024-09-29,Lucknow,26.8467,80.9462,152.8,98.8,142.9,41.1,12.4,8.04,9,0.7,9,2024
2024-09-29,Patna,25.5941,85.1376,97.6,56.3,89.2,24.3,11.1,5.65,9,0.7,9,2024
2024-09-29,Ahmedabad,23.0225,72.5714,150.1,83.3,154.0,37.4,17.4,4.99,9,0.7,9,2024
2024-09-30,Delhi,28.6139,77.209,174.8,97.6,150.4,43.9,16.8,10.05,9,0.7,9,2024
2024-09-30,Mumbai,19.076,72.8777,168.8,96.4,148.0,38.1,19.2,8.6,9,0.7,9,2024
2024-09-30,Chennai,13.0827,80.2707,63.8,39.8,54.9,12.5,6.5,2.92,9,0.7,9,2024
2024-09-30,Kolkata,22.5726,88.3639,143.4,77.9,130.6,33.1,14.6,8.08,9,0.7,9,2024
2024-09-30,Bengaluru,12.9716,77.5946,53.3,38.0,34.0,19.5,7.8,1.78,9,0.7,9,2024
2024-09-30,Hyderabad,17.385,78.4867,53.3,24.5,55.3,12.0,4.5,1.54,9,0.7,9,2024
2024-09-30,Puducherry,11.9416,79.8083,88.7,48.4,80.0,23.0,8.1,3.83,9,0.7,9,2024
2024-09-30,Lucknow,26.8467,80.9462,130.0,80.8,114.2,39.0,11.4,7.25,9,0.7,9,2024
2024-09-30,Patna,25.5941,85.1376,45.1,23.2,34.1,6.9,5.1,2.14,9,0.7,9,2024
2024-09-30,Ahmedabad,23.0225,72.5714,10.0,16.0,10.4,2.5,3.6,1.49,9,0.7,9,2024
2024-10-01,Delhi,28.6139,77.209,256.1,143.9,235.0,60.2,28.1,12.03,10,1.0,10,2024
2024-10-01,Mumbai,19.076,72.8777,121.9,66.4,99.6,30.0,11.8,5.62,10,1.0,10,2024
2024-10-01,Chennai,13.0827,80.2707,141.3,87.8,127.3,24.3,15.8,10.06,10,1.0,10,2024
2024-10-01,Kolkata,22.5726,88.3639,170.6,98.3,154.8,36.9,18.0,10.03,10,1.0,10,2024
2024-10-01,Bengaluru,12.9716,77.5946,79.9,44.7,71.3,18.0,5.0,3.61,10,1.0,10,2024
2024-10-01,Hyderabad,17.385,78.4867,99.5,66.5,98.8,30.5,11.6,5.18,10,1.0,10,2024
2024-10-01,Puducherry,11.9416,79.8083,57.5,41.1,54.5,9.4,3.9,1.61,10,1.0,10,2024
2024-10-01,Lucknow,26.8467,80.9462,86.6,53.9,68.0,18.6,8.7,4.14,10,1.0,10,2024
2024-10-01,Patna,25.5941,85.1376,190.1,121.7,158.9,41.6,19.9,8.88,10,1.0,10,2024
2024-10-01,Ahmedabad,23.0225,72.5714,130.1,72.7,119.8,33.4,13.2,5.92,10,1.0,10,2024
2024-10-02,Delhi,28.6139,77.209,219.9,131.1,205.6,61.2,24.2,11.5,10,1.0,10,2024
2024-10-02,Mumbai,19.076,72.8777,179.3,101.7,155.7,46.9,17.7,9.3,10,1.0,10,2024
2024-10-02,Chennai,13.0827,80.2707,114.5,72.8,94.3,28.7,9.6,4.95,10,1.0,10,2024
2024-10-02,Kolkata,22.5726,88.3639,94.5,57.4,70.8,25.2,12.2,5.26,10,1.0,10,2024
2024-10-02,Bengaluru,12.9716,77.5946,101.6,68.6,94.1,21.9,10.4,7.04,10,1.0,10,2024
2024-10-02,Hyderabad,17.385,78.4867,81.8,42.2,78.5,19.6,7.1,2.83,10,1.0,10,2024
2024-10-02,Puducherry,11.9416,79.8083,36.0,14.3,45.3,9.0,0.0,2.98,10,1.0,10,2024
2024-10-02,Lucknow,26.8467,80.9462,300.3,186.3,266.9,74.0,30.3,16.42,10,1.0,10,2024
2024-10-02,Patna,25.5941,85.1376,201.2,116.9,186.6,55.1,20.0,10.73,10,1.0,10,2024
2024-10-02,Ahmedabad,23.0225,72.5714,165.1,97.8,142.0,36.7,15.3,7.28,10,1.0,10,2024
2024-10-03,Delhi,28.6139,77.209,302.7,187.7,274.1,72.0,32.0,15.43,10,1.0,10,2024
2024-10-03,Mumbai,19.076,72.8777,159.8,93.3,152.9,44.5,15.6,8.71,10,1.0,10,2024
2024-10-03,Chennai,13.0827,80.2707,117.5,68.2,105.1,29.7,9.6,6.32,10,1.0,10,2024
2024-10-03,Kolkata,22.5726,88.3639,231.1,137.9,210.7,63.4,22.3,11.92,10,1.0,10,2024
2024-10-03,Bengaluru,12.9716,77.5946,82.9,46.8,77.3,21.7,9.4,4.22,10,1.0,10,2024
2024-10-03,Hyderabad,17.385,78.4867,136.3,90.1,131.1,35.4,14.6,6.52,10,1.0,10,2024
2024-10-03,Puducherry,11.9416,79.8083,71.8,45.5,65.3,21.1,9.7,3.49,10,1.0,10,2024
2024-10-03,Lucknow,26.8467,80.9462,89.4,63.8,75.2,23.1,10.4,5.88,10,1.0,10,2024
2024-10-03,Patna,25.5941,85.1376,366.4,218.0,339.3,92.4,42.1,19.42,10,1.0,10,2024
2024-10-03,Ahmedabad,23.0225,72.5714,152.0,87.2,115.8,40.7,17.2,8.35,10,1.0,10,2024
2024-10-04,Delhi,28.6139,77.209,91.7,48.7,86.4,30.1,9.1,5.68,10,1.0,10,2024
2024-10-04,Mumbai,19.076,72.8777,98.6,60.2,86.5,29.4,8.8,6.61,10,1.0,10,2024
2024-10-04,Chennai,13.0827,80.2707,82.3,44.0,65.8,18.1,9.0,3.51,10,1.0,10,2024
2024-10-04,Kolkata,22.5726,88.3639,139.0,87.8,99.4,33.0,11.2,6.08,10,1.0,10,2024
2024-10-04,Bengaluru,12.9716,77.5946,107.3,63.4,94.2,31.6,10.7,7.17,10,1.0,10,2024
2024-10-04,Hyderabad,17.385,78.4867,144.9,82.1,145.9,37.3,18.2,6.98,10,1.0,10,2024
2024-10-04,Puducherry,11.9416,79.8083,80.4,50.4,71.0,25.2,11.9,1.73,10,1.0,10,2024
2024-10-04,Lucknow,26.8467,80.9462,273.0,159.3,225.0,70.3,28.3,14.33,10,1.0,10,2024
2024-10-04,Patna,25.5941,85.1376,266.0,164.0,234.6,67.6,28.0,14.65,10,1.0,10,2024
2024-10-04,Ahmedabad,23.0225,72.5714,162.0,96.1,145.4,35.7,17.7,6.64,10,1.0,10,2024
2024-10-05,Delhi,28.6139,77.209,311.3,187.2,267.8,71.8,29.4,15.22,10,1.0,10,2024
2024-10-05,Mumbai,19.076,72.8777,199.2,119.0,183.7,54.9,22.1,9.95,10,1.0,10,2024
2024-10-05,Chennai,13.0827,80.2707,72.4,45.9,59.7,25.4,9.0,3.83,10,1.0,10,2024
2024-10-05,Kolkata,22.5726,88.3639,205.6,124.3,182.1,53.4,20.1,12.22,10,1.0,10,2024
2024-10-05,Bengaluru,12.9716,77.5946,79.2,50.1,65.0,16.6,4.3,4.37,10,1.0,10,2024
2024-10-05,Hyderabad,17.385,78.4867,101.4,66.3,94.6,25.9,7.3,5.65,10,1.0,10,2024
2024-10-05,Puducherry,11.9416,79.8083,61.8,29.9,59.1,10.4,2.0,4.39,10,1.0,10,2024
2024-10-05,Lucknow,26.8467,80.9462,183.6,101.4,157.5,43.0,20.6,7.52,10,1.0,10,2024
2024-10-05,Patna,25.5941,85.1376,146.3,92.7,128.1,37.5,13.6,9.34,10,1.0,10,2024
2024-10-05,Ahmedabad,23.0225,72.5714,102.0,62.6,103.8,24.0,8.7,5.87,10,1.0,10,2024
2024-10-06,Delhi,28.6139,77.209,360.3,212.2,336.0,90.3,37.0,19.5,10,1.0,10,2024
2024-10-06,Mumbai,19.076,72.8777,170.8,102.5,148.3,53.5,15.5,8.86,10,1.0,10,2024
2024-10-06,Chennai,13.0827,80.2707,102.7,64.4,109.5,25.9,10.1,6.69,10,1.0,10,2024
2024-10-06,Kolkata,22.5726,88.3639,173.2,108.3,157.4,47.0,18.8,8.26,10,1.0,10,2024
2024-10-06,Bengaluru,12.9716,77.5946,44.7,18.5,25.5,10.8,0.0,2.08,10,1.0,10,2024
2024-10-06,Hyderabad,17.385,78.4867,124.7,79.1,116.3,34.8,13.3,5.91,10,1.0,10,2024
2024-10-06,Puducherry,11.9416,79.8083,72.9,39.5,67.4,11.9,9.4,2.69,10,1.0,10,2024
2024-10-06,Lucknow,26.8467,80.9462,230.0,139.6,216.3,50.8,22.3,12.05,10,1.0,10,2024
2024-10-06,Patna,25.5941,85.1376,362.6,217.4,321.6,98.8,37.9,19.5,10,1.0,10,2024
2024-10-06,Ahmedabad,23.0225,72.5714,105.6,66.0,86.4,21.2,11.7,5.93,10,1.0,10,2024
2024-10-07,Delhi,28.6139,77.209,241.4,152.0,214.3,59.3,24.1,11.83,10,1.0,10,2024
2024-10-07,Mumbai,19.076,72.8777,191.1,109.5,166.0,43.0,22.9,9.23,10,1.0,10,2024
2024-10-07,Chennai,13.0827,80.2707,70.8,41.0,70.5,20.4,5.9,3.14,10,1.0,10,2024
2024-10-07,Kolkata,22.5726,88.3639,107.2,65.0,106.7,24.5,12.0,4.78,10,1.0,10,2024
2024-10-07,Bengaluru,12.9716,77.5946,67.1,43.7,79.2,18.9,5.9,3.01,10,1.0,10,2024
2024-10-07,Hyderabad,17.385,78.4867,186.8,113.6,162.0,46.5,19.1,9.81,10,1.0,10,2024
2024-10-07,Puducherry,11.9416,79.8083,105.2,69.5,96.3,26.1,11.3,4.65,10,1.0,10,2024
2024-10-07,Lucknow,26.8467,80.9462,283.7,169.2,259.3,77.8,29.5,14.42,10,1.0,10,2024
2024-10-07,Patna,25.5941,85.1376,203.8,121.9,174.3,53.1,16.1,11.16,10,1.0,10,2024
2024-10-07,Ahmedabad,23.0225,72.5714,192.9,116.2,169.3,48.2,15.7,10.47,10,1.0,10,2024
2024-10-08,Delhi,28.6139,77.209,266.9,167.7,243.3,67.7,27.5,12.37,10,1.0,10,2024
2024-10-08,Mumbai,19.076,72.8777,122.0,73.9,107.4,28.2,11.6,6.14,10,1.0,10,2024
2024-10-08,Chennai,13.0827,80.2707,148.0,87.2,127.8,36.4,17.8,8.97,10,1.0,10,2024
2024-10-08,Kolkata,22.5726,88.3639,277.5,166.8,254.9,65.2,27.0,12.76,10,1.0,10,2024
2024-10-08,Bengaluru,12.9716,77.5946,114.2,68.7,104.6,25.2,13.1,3.3,10,1.0,10,2024
2024-10-08,Hyderabad,17.385,78.4867,111.2,66.2,83.9,29.3,10.8,6.12,10,1.0,10,2024
2024-10-08,Puducherry,11.9416,79.8083,115.0,70.6,111.3,34.3,12.5,4.88,10,1.0,10,2024
2024-10-08,Lucknow,26.8467,80.9462,113.4,69.9,98.9,33.5,10.4,5.66,10,1.0,10,2024
2024-10-08,Patna,25.5941,85.1376,158.9,93.6,135.5,36.3,15.8,7.34,10,1.0,10,2024
2024-10-08,Ahmedabad,23.0225,72.5714,278.3,171.2,259.1,69.1,28.0,13.49,10,1.0,10,2024
2024-10-09,Delhi,28.6139,77.209,490.0,293.5,436.2,119.5,49.7,25.92,10,1.0,10,2024
2024-10-09,Mumbai,19.076,72.8777,183.5,106.3,158.9,50.9,22.6,9.03,10,1.0,10,2024
2024-10-09,Chennai,13.0827,80.2707,120.2,64.8,101.4,26.0,12.8,5.83,10,1.0,10,2024
2024-10-09,Kolkata,22.5726,88.3639,191.9,121.2,167.5,48.4,16.5,10.76,10,1.0,10,2024
2024-10-09,Bengaluru,12.9716,77.5946,132.9,81.5,120.6,31.2,10.5,6.95,10,1.0,10,2024
2024-10-09,Hyderabad,17.385,78.4867,146.5,98.0,128.7,37.7,16.9,8.47,10,1.0,10,2024
2024-10-09,Puducherry,11.9416,79.8083,62.6,36.2,52.1,12.0,9.2,3.19,10,1.0,10,2024
2024-10-09,Lucknow,26.8467,80.9462,215.2,130.4,194.1,52.9,20.0,12.33,10,1.0,10,2024
2024-10-09,Patna,25.5941,85.1376,200.1,115.4,179.4,58.7,18.4,10.71,10,1.0,10,2024
2024-10-09,Ahmedabad,23.0225,72.5714,148.9,90.6,141.4,30.3,13.1,8.35,10,1.0,10,2024
2024-10-10,Delhi,28.6139,77.209,287.8,173.7,264.7,68.4,30.9,15.21,10,1.0,10,2024
2024-10-10,Mumbai,19.076,72.8777,149.5,92.0,143.9,35.0,16.3,9.22,10,1.0,10,2024
2024-10-10,Chennai,13.0827,80.2707,106.0,62.5,113.9,27.4,13.4,4.88,10,1.0,10,2024
2024-10-10,Kolkata,22.5726,88.3639,233.4,137.3,212.6,55.9,27.1,11.45,10,1.0,10,2024
2024-10-10,Bengaluru,12.9716,77.5946,66.8,40.6,64.4,16.6,5.1,4.38,10,1.0,10,2024
2024-10-10,Hyderabad,17.385,78.4867,164.1,90.2,140.7,40.4,15.3,8.73,10,1.0,10,2024
2024-10-10,Puducherry,11.9416,79.8083,111.8,65.2,113.2,22.1,12.1,5.0,10,1.0,10,2024
2024-10-10,Lucknow,26.8467,80.9462,251.0,141.8,215.6,64.7,23.8,12.23,10,1.0,10,2024
2024-10-10,Patna,25.5941,85.1376,368.5,221.8,338.9,89.1,34.2,18.34,10,1.0,10,2024
2024-10-10,Ahmedabad,23.0225,72.5714,92.9,52.2,85.5,22.8,10.0,5.25,10,1.0,10,2024
2024-10-11,Delhi,28.6139,77.209,184.3,105.9,148.4,44.6,19.9,10.71,10,1.0,10,2024
2024-10-11,Mumbai,19.076,72.8777,147.6,95.4,135.9,37.3,13.5,4.99,10,1.0,10,2024
2024-10-11,Chennai,13.0827,80.2707,120.6,72.1,119.6,26.4,16.9,5.78,10,1.0,10,2024
2024-10-11,Kolkata,22.5726,88.3639,145.4,86.2,132.2,36.1,13.5,5.47,10,1.0,10,2024
2024-10-11,Bengaluru,12.9716,77.5946,75.9,50.9,61.3,12.1,5.5,3.71,10,1.0,10,2024
2024-10-11,Hyderabad,17.385,78.4867,93.4,54.6,77.7,27.4,10.3,6.89,10,1.0,10,2024
2024-10-11,Puducherry,11.9416,79.8083,67.4,39.0,70.1,18.4,4.9,3.93,10,1.0,10,2024
2024-10-11,Lucknow,26.8467,80.9462,245.8,138.5,216.0,62.2,27.5,12.99,10,1.0,10,2024
2024-10-11,Patna,25.5941,85.1376,200.5,116.8,186.8,40.4,18.4,11.43,10,1.0,10,2024
2024-10-11,Ahmedabad,23.0225,72.5714,173.4,100.2,146.4,46.7,17.5,8.45,10,1.0,10,2024
2024-10-12,Delhi,28.6139,77.209,309.9,186.8,279.6,72.2,28.9,16.24,10,1.0,10,2024
2024-10-12,Mumbai,19.076,72.8777,162.4,99.4,141.5,43.7,15.5,9.42,10,1.0,10,2024
2024-10-12,Chennai,13.0827,80.2707,71.3,40.2,63.0,21.2,7.1,3.6,10,1.0,10,2024
2024-10-12,Kolkata,22.5726,88.3639,160.4,97.6,143.8,37.0,16.3,8.17,10,1.0,10,2024
2024-10-12,Bengaluru,12.9716,77.5946,170.5,99.2,146.7,43.7,15.1,7.45,10,1.0,10,2024
2024-10-12,Hyderabad,17.385,78.4867,69.7,37.9,56.7,12.3,6.5,1.12,10,1.0,10,2024
2024-10-12,Puducherry,11.9416,79.8083,84.8,48.1,73.0,23.5,9.2,3.61,10,1.0,10,2024
2024-10-12,Lucknow,26.8467,80.9462,249.4,157.4,216.4,65.4,22.7,13.65,10,1.0,10,2024
2024-10-12,Patna,25.5941,85.1376,190.2,110.4,180.4,50.4,17.7,9.64,10,1.0,10,2024
2024-10-12,Ahmedabad,23.0225,72.5714,128.1,68.9,116.8,30.6,10.9,7.71,10,1.0,10,2024
2024-10-13,Delhi,28.6139,77.209,207.0,124.9,194.9,50.7,19.2,10.65,10,1.0,10,2024
2024-10-13,Mumbai,19.076,72.8777,158.2,99.3,157.3,37.7,16.2,6.64,10,1.0,10,2024
2024-10-13,Chennai,13.0827,80.2707,106.7,64.9,94.6,24.2,10.0,5.57,10,1.0,10,2024
2024-10-13,Kolkata,22.5726,88.3639,131.7,77.5,118.7,26.8,11.1,5.92,10,1.0,10,2024
2024-10-13,Bengaluru,12.9716,77.5946,147.0,84.0,131.9,32.6,13.1,5.91,10,1.0,10,2024
2024-10-13,Hyderabad,17.385,78.4867,143.5,79.5,136.4,37.7,14.2,8.12,10,1.0,10,2024
2024-10-13,Puducherry,11.9416,79.8083,137.1,84.6,114.4,40.2,14.1,8.97,10,1.0,10,2024
2024-10-13,Lucknow,26.8467,80.9462,187.1,118.7,168.4,57.4,18.1,12.36,10,1.0,10,2024
2024-10-13,Patna,25.5941,85.1376,270.8,166.7,257.3,64.5,29.0,13.25,10,1.0,10,2024
2024-10-13,Ahmedabad,23.0225,72.5714,166.8,100.5,154.7,43.8,15.5,8.46,10,1.0,10,2024
2024-10-14,Delhi,28.6139,77.209,93.3,60.9,97.5,24.1,6.1,5.41,10,1.0,10,2024
2024-10-14,Mumbai,19.076,72.8777,109.4,66.6,103.9,29.5,13.1,5.62,10,1.0,10,2024
2024-10-14,Chennai,13.0827,80.2707,94.3,60.3,84.3,20.8,10.3,3.59,10,1.0,10,2024
2024-10-14,Kolkata,22.5726,88.3639,176.0,98.7,154.0,41.9,15.6,9.9,10,1.0,10,2024
2024-10-14,Bengaluru,12.9716,77.5946,130.5,84.9,115.9,30.9,14.7,6.65,10,1.0,10,2024
2024-10-14,Hyderabad,17.385,78.4867,124.3,61.9,117.9,33.6,12.4,7.03,10,1.0,10,2024
2024-10-14,Puducherry,11.9416,79.8083,87.0,48.7,76.5,17.7,11.6,5.33,10,1.0,10,2024
2024-10-14,Lucknow,26.8467,80.9462,167.1,103.4,152.6,39.0,17.0,9.21,10,1.0,10,2024
2024-10-14,Patna,25.5941,85.1376,305.8,195.1,276.0,75.5,31.7,15.11,10,1.0,10,2024
2024-10-14,Ahmedabad,23.0225,72.5714,133.7,75.6,92.9,36.4,10.1,5.81,10,1.0,10,2024
2024-10-15,Delhi,28.6139,77.209,303.4,180.4,290.3,69.8,34.8,16.55,10,1.0,10,2024
2024-10-15,Mumbai,19.076,72.8777,176.4,113.0,162.0,37.3,18.7,7.34,10,1.0,10,2024
2024-10-15,Chennai,13.0827,80.2707,76.8,45.7,61.8,23.0,7.3,4.25,10,1.0,10,2024
2024-10-15,Kolkata,22.5726,88.3639,179.5,108.3,154.5,40.2,17.6,8.01,10,1.0,10,2024
2024-10-15,Bengaluru,12.9716,77.5946,141.8,78.2,146.3,36.7,14.3,6.55,10,1.0,10,2024
2024-10-15,Hyderabad,17.385,78.4867,143.0,84.8,131.1,39.1,15.6,8.39,10,1.0,10,2024
2024-10-15,Puducherry,11.9416,79.8083,85.8,46.7,60.6,22.3,9.0,6.22,10,1.0,10,2024
2024-10-15,Lucknow,26.8467,80.9462,212.5,129.4,197.5,55.2,22.9,9.81,10,1.0,10,2024
2024-10-15,Patna,25.5941,85.1376,171.7,101.6,137.1,42.8,15.9,8.91,10,1.0,10,2024
2024-10-15,Ahmedabad,23.0225,72.5714,148.1,83.8,143.8,37.4,16.5,7.59,10,1.0,10,2024
2024-10-16,Delhi,28.6139,77.209,317.1,183.5,295.6,82.8,31.7,16.14,10,1.0,10,2024
2024-10-16,Mumbai,19.076,72.8777,180.1,106.2,149.4,43.6,18.3,8.97,10,1.0,10,2024
2024-10-16,Chennai,13.0827,80.2707,122.9,68.9,103.9,26.5,13.1,4.62,10,1.0,10,2024
2024-10-16,Kolkata,22.5726,88.3639,217.2,125.7,189.3,61.4,24.2,10.98,10,1.0,10,2024
2024-10-16,Bengaluru,12.9716,77.5946,60.7,46.5,53.1,16.2,7.9,1.07,10,1.0,10,2024
2024-10-16,Hyderabad,17.385,78.4867,97.6,58.2,88.9,19.2,10.4,4.91,10,1.0,10,2024
2024-10-16,Puducherry,11.9416,79.8083,108.3,70.0,95.3,26.3,12.9,5.7,10,1.0,10,2024
2024-10-16,Lucknow,26.8467,80.9462,130.9,89.0,109.9,42.6,13.9,5.91,10,1.0,10,2024
2024-10-16,Patna,25.5941,85.1376,74.3,48.5,54.5,20.0,11.3,2.58,10,1.0,10,2024
2024-10-16,Ahmedabad,23.0225,72.5714,193.2,111.9,182.9,48.6,19.3,10.87,10,1.0,10,2024
2024-10-17,Delhi,28.6139,77.209,330.0,194.0,311.3,76.4,33.6,15.68,10,1.0,10,2024
2024-10-17,Mumbai,19.076,72.8777,80.5,42.6,72.1,21.5,10.2,5.5,10,1.0,10,2024
2024-10-17,Chennai,13.0827,80.2707,96.9,55.9,95.5,21.8,6.5,5.78,10,1.0,10,2024
2024-10-17,Kolkata,22.5726,88.3639,246.2,143.6,237.3,63.9,25.5,11.79,10,1.0,10,2024
2024-10-17,Bengaluru,12.9716,77.5946,130.5,70.7,114.7,29.7,10.4,7.39,10,1.0,10,2024
2024-10-17,Hyderabad,17.385,78.4867,131.9,83.2,116.5,36.9,13.3,6.12,10,1.0,10,2024
2024-10-17,Puducherry,11.9416,79.8083,62.2,27.4,65.3,19.8,12.1,2.78,10,1.0,10,2024
2024-10-17,Lucknow,26.8467,80.9462,176.7,97.5,166.7,47.1,20.8,7.92,10,1.0,10,2024
2024-10-17,Patna,25.5941,85.1376,290.1,171.4,271.8,74.7,25.9,14.37,10,1.0,10,2024
2024-10-17,Ahmedabad,23.0225,72.5714,72.3,37.6,56.2,15.5,6.7,3.78,10,1.0,10,2024
2024-10-18,Delhi,28.6139,77.209,289.2,173.4,262.9,67.3,29.1,15.89,10,1.0,10,2024
2024-10-18,Mumbai,19.076,72.8777,133.4,82.5,123.3,36.8,13.9,7.52,10,1.0,10,2024
2024-10-18,Chennai,13.0827,80.2707,102.7,64.9,96.0,21.6,7.9,4.78,10,1.0,10,2024
2024-10-18,Kolkata,22.5726,88.3639,257.6,153.7,234.3,56.5,26.1,12.97,10,1.0,10,2024
2024-10-18,Bengaluru,12.9716,77.5946,19.8,13.3,4.6,2.0,4.0,1.15,10,1.0,10,2024
2024-10-18,Hyderabad,17.385,78.4867,104.3,59.9,90.5,26.7,8.0,6.34,10,1.0,10,2024
2024-10-18,Puducherry,11.9416,79.8083,52.0,22.6,54.7,11.3,5.3,3.25,10,1.0,10,2024
2024-10-18,Lucknow,26.8467,80.9462,173.2,104.6,161.1,49.9,16.3,8.2,10,1.0,10,2024
2024-10-18,Patna,25.5941,85.1376,279.4,168.7,250.4,76.2,24.6,12.55,10,1.0,10,2024
2024-10-18,Ahmedabad,23.0225,72.5714,84.8,56.9,80.4,15.7,8.2,4.21,10,1.0,10,2024
2024-10-19,Delhi,28.6139,77.209,103.3,62.9,83.5,28.7,8.0,5.38,10,1.0,10,2024
2024-10-19,Mumbai,19.076,72.8777,191.8,120.0,176.7,47.6,16.2,9.15,10,1.0,10,2024
2024-10-19,Chennai,13.0827,80.2707,84.3,49.1,63.6,22.8,6.1,5.76,10,1.0,10,2024
2024-10-19,Kolkata,22.5726,88.3639,187.4,117.3,176.3,55.2,19.1,8.98,10,1.0,10,2024
2024-10-19,Bengaluru,12.9716,77.5946,88.9,60.8,69.4,18.7,9.4,4.29,10,1.0,10,2024
2024-10-19,Hyderabad,17.385,78.4867,153.9,85.6,138.0,37.7,13.2,8.57,10,1.0,10,2024
2024-10-19,Puducherry,11.9416,79.8083,73.2,43.2,59.3,16.8,5.3,4.52,10,1.0,10,2024
2024-10-19,Lucknow,26.8467,80.9462,287.1,180.7,261.9,70.4,27.8,14.85,10,1.0,10,2024
2024-10-19,Patna,25.5941,85.1376,254.1,151.6,226.6,68.2,24.5,14.05,10,1.0,10,2024
2024-10-19,Ahmedabad,23.0225,72.5714,168.2,99.1,145.1,41.4,17.8,8.03,10,1.0,10,2024
2024-10-20,Delhi,28.6139,77.209,348.0,206.7,312.2,81.9,35.9,17.13,10,1.0,10,2024
2024-10-20,Mumbai,19.076,72.8777,203.2,125.4,183.6,55.7,21.1,11.17,10,1.0,10,2024
2024-10-20,Chennai,13.0827,80.2707,68.4,43.3,65.6,10.9,9.9,2.26,10,1.0,10,2024
2024-10-20,Kolkata,22.5726,88.3639,115.1,54.8,107.4,22.2,10.5,6.59,10,1.0,10,2024
2024-10-20,Bengaluru,12.9716,77.5946,105.8,60.4,82.5,26.0,12.3,5.99,10,1.0,10,2024
2024-10-20,Hyderabad,17.385,78.4867,182.5,106.2,153.7,46.9,18.7,9.12,10,1.0,10,2024
2024-10-20,Puducherry,11.9416,79.8083,60.1,22.8,46.0,17.3,6.6,3.97,10,1.0,10,2024
2024-10-20,Lucknow,26.8467,80.9462,242.4,149.1,224.3,60.7,24.3,9.21,10,1.0,10,2024
2024-10-20,Patna,25.5941,85.1376,194.0,113.3,173.7,44.8,21.3,8.82,10,1.0,10,2024
2024-10-20,Ahmedabad,23.0225,72.5714,209.6,121.0,183.8,49.7,20.0,11.66,10,1.0,10,2024
2024-10-21,Delhi,28.6139,77.209,253.8,150.8,222.5,62.4,25.8,12.47,10,1.0,10,2024
2024-10-21,Mumbai,19.076,72.8777,134.0,85.5,122.8,28.9,13.2,6.16,10,1.0,10,2024
2024-10-21,Chennai,13.0827,80.2707,103.0,62.3,101.7,22.8,9.9,4.09,10,1.0,10,2024
2024-10-21,Kolkata,22.5726,88.3639,177.9,99.1,162.7,44.3,18.1,9.68,10,1.0,10,2024
2024-10-21,Bengaluru,12.9716,77.5946,106.7,57.6,91.6,26.4,10.0,5.13,10,1.0,10,2024
2024-10-21,Hyderabad,17.385,78.4867,176.8,106.6,162.2,36.2,19.2,11.69,10,1.0,10,2024
2024-10-21,Puducherry,11.9416,79.8083,101.9,58.9,110.0,25.6,10.8,4.83,10,1.0,10,2024
2024-10-21,Lucknow,26.8467,80.9462,200.9,109.3,187.1,49.0,19.7,10.32,10,1.0,10,2024
2024-10-21,Patna,25.5941,85.1376,211.0,127.9,199.5,54.4,20.8,10.43,10,1.0,10,2024
2024-10-21,Ahmedabad,23.0225,72.5714,169.0,97.2,153.8,45.0,17.1,8.03,10,1.0,10,2024
2024-10-22,Delhi,28.6139,77.209,257.0,157.5,222.5,61.0,22.5,12.88,10,1.0,10,2024
2024-10-22,Mumbai,19.076,72.8777,174.5,111.4,169.4,40.9,18.0,8.32,10,1.0,10,2024
2024-10-22,Chennai,13.0827,80.2707,131.2,85.2,119.4,30.3,6.2,5.13,10,1.0,10,2024
2024-10-22,Kolkata,22.5726,88.3639,87.4,45.2,93.7,16.7,6.6,3.45,10,1.0,10,2024
2024-10-22,Bengaluru,12.9716,77.5946,178.0,106.5,168.2,45.2,13.8,10.43,10,1.0,10,2024
2024-10-22,Hyderabad,17.385,78.4867,134.0,79.8,134.7,32.1,13.1,6.35,10,1.0,10,2024
2024-10-22,Puducherry,11.9416,79.8083,96.5,62.0,89.1,19.9,8.9,3.77,10,1.0,10,2024
2024-10-22,Lucknow,26.8467,80.9462,295.4,169.4,278.6,79.0,27.7,14.35,10,1.0,10,2024
2024-10-22,Patna,25.5941,85.1376,190.1,116.2,182.4,52.3,18.1,10.76,10,1.0,10,2024
2024-10-22,Ahmedabad,23.0225,72.5714,212.7,126.7,191.4,59.3,23.4,11.86,10,1.0,10,2024
2024-10-23,Delhi,28.6139,77.209,486.8,294.8,440.7,127.1,52.7,23.73,10,1.0,10,2024
2024-10-23,Mumbai,19.076,72.8777,131.9,74.0,121.5,36.5,11.3,7.73,10,1.0,10,2024
2024-10-23,Chennai,13.0827,80.2707,78.7,44.5,79.9,17.2,5.1,4.68,10,1.0,10,2024
2024-10-23,Kolkata,22.5726,88.3639,173.4,110.0,162.7,36.4,20.0,10.57,10,1.0,10,2024
2024-10-23,Bengaluru,12.9716,77.5946,131.0,84.0,115.9,30.8,13.5,7.47,10,1.0,10,2024
2024-10-23,Hyderabad,17.385,78.4867,151.3,88.6,131.9,31.9,16.4,7.18,10,1.0,10,2024
2024-10-23,Puducherry,11.9416,79.8083,69.0,50.0,66.9,18.5,8.6,4.87,10,1.0,10,2024
2024-10-23,Lucknow,26.8467,80.9462,114.9,66.1,101.6,24.8,11.0,4.19,10,1.0,10,2024
2024-10-23,Patna,25.5941,85.1376,304.6,180.2,275.7,76.4,31.6,12.77,10,1.0,10,2024
2024-10-23,Ahmedabad,23.0225,72.5714,180.3,106.8,165.5,40.4,18.9,10.31,10,1.0,10,2024
2024-10-24,Delhi,28.6139,77.209,295.2,173.5,260.3,76.1,30.7,15.12,10,1.0,10,2024
2024-10-24,Mumbai,19.076,72.8777,138.5,84.1,124.1,33.1,15.4,7.24,10,1.0,10,2024
2024-10-24,Chennai,13.0827,80.2707,122.3,79.0,112.3,33.0,10.3,6.04,10,1.0,10,2024
2024-10-24,Kolkata,22.5726,88.3639,197.1,110.3,180.8,45.4,18.0,9.33,10,1.0,10,2024
2024-10-24,Bengaluru,12.9716,77.5946,99.1,52.8,96.0,25.5,13.8,5.26,10,1.0,10,2024
2024-10-24,Hyderabad,17.385,78.4867,140.0,79.7,116.5,37.5,11.8,7.64,10,1.0,10,2024
2024-10-24,Puducherry,11.9416,79.8083,109.1,70.2,102.8,28.4,10.1,5.34,10,1.0,10,2024
2024-10-24,Lucknow,26.8467,80.9462,183.2,103.3,165.2,50.2,15.7,10.56,10,1.0,10,2024
2024-10-24,Patna,25.5941,85.1376,325.2,197.1,295.9,80.6,32.6,15.8,10,1.0,10,2024
2024-10-24,Ahmedabad,23.0225,72.5714,161.4,97.5,160.3,42.6,15.7,7.97,10,1.0,10,2024
2024-10-25,Delhi,28.6139,77.209,222.9,131.0,207.9,53.7,21.1,10.55,10,1.0,10,2024
2024-10-25,Mumbai,19.076,72.8777,110.8,72.1,100.9,26.6,11.1,5.76,10,1.0,10,2024
2024-10-25,Chennai,13.0827,80.2707,71.3,35.8,74.9,21.8,7.9,4.48,10,1.0,10,2024
2024-10-25,Kolkata,22.5726,88.3639,275.7,162.7,239.2,71.6,24.6,13.82,10,1.0,10,2024
2024-10-25,Bengaluru,12.9716,77.5946,91.0,58.0,78.0,27.5,7.6,5.26,10,1.0,10,2024
2024-10-25,Hyderabad,17.385,78.4867,96.7,60.8,78.9,24.1,12.3,4.95,10,1.0,10,2024
2024-10-25,Puducherry,11.9416,79.8083,98.7,59.1,84.8,25.4,11.1,3.03,10,1.0,10,2024
2024-10-25,Lucknow,26.8467,80.9462,253.9,147.6,219.0,65.6,28.1,12.91,10,1.0,10,2024
2024-10-25,Patna,25.5941,85.1376,145.1,83.7,127.2,37.1,14.4,7.75,10,1.0,10,2024
2024-10-25,Ahmedabad,23.0225,72.5714,205.0,124.7,191.7,50.2,27.1,10.8,10,1.0,10,2024
2024-10-26,Delhi,28.6139,77.209,334.7,209.6,301.9,81.1,36.1,18.1,10,1.0,10,2024
2024-10-26,Mumbai,19.076,72.8777,146.1,96.5,130.8,40.3,17.6,7.4,10,1.0,10,2024
2024-10-26,Chennai,13.0827,80.2707,101.4,66.0,88.3,22.1,12.8,5.38,10,1.0,10,2024
2024-10-26,Kolkata,22.5726,88.3639,154.7,93.3,143.3,32.4,16.9,8.14,10,1.0,10,2024
2024-10-26,Bengaluru,12.9716,77.5946,149.7,88.7,145.7,37.2,15.2,7.77,10,1.0,10,2024
2024-10-26,Hyderabad,17.385,78.4867,193.3,109.8,177.9,48.5,19.3,10.25,10,1.0,10,2024
2024-10-26,Puducherry,11.9416,79.8083,97.1,60.9,97.3,23.3,9.6,3.85,10,1.0,10,2024
2024-10-26,Lucknow,26.8467,80.9462,348.9,208.4,311.6,89.7,37.1,16.75,10,1.0,10,2024
2024-10-26,Patna,25.5941,85.1376,323.1,192.3,302.2,78.6,33.8,16.2,10,1.0,10,2024
2024-10-26,Ahmedabad,23.0225,72.5714,109.3,58.5,92.4,31.3,7.0,5.8,10,1.0,10,2024
2024-10-27,Delhi,28.6139,77.209,299.8,171.5,263.4,71.8,30.1,16.46,10,1.0,10,2024
2024-10-27,Mumbai,19.076,72.8777,183.0,108.0,158.1,39.5,17.5,8.25,10,1.0,10,2024
2024-10-27,Chennai,13.0827,80.2707,89.1,53.5,76.4,20.5,7.5,3.94,10,1.0,10,2024
2024-10-27,Kolkata,22.5726,88.3639,251.8,153.7,230.9,67.0,27.0,14.01,10,1.0,10,2024
2024-10-27,Bengaluru,12.9716,77.5946,117.7,71.6,101.2,26.1,13.5,5.77,10,1.0,10,2024
2024-10-27,Hyderabad,17.385,78.4867,72.4,33.0,82.3,14.2,5.9,4.85,10,1.0,10,2024
2024-10-27,Puducherry,11.9416,79.8083,50.8,33.1,60.3,21.2,4.2,2.53,10,1.0,10,2024
2024-10-27,Lucknow,26.8467,80.9462,194.2,116.4,185.2,43.0,20.7,9.51,10,1.0,10,2024
2024-10-27,Patna,25.5941,85.1376,335.8,208.1,299.0,83.5,35.4,17.77,10,1.0,10,2024
2024-10-27,Ahmedabad,23.0225,72.5714,48.7,33.7,57.0,13.2,6.8,3.71,10,1.0,10,2024
2024-10-28,Delhi,28.6139,77.209,297.7,182.7,268.0,74.2,28.4,15.06,10,1.0,10,2024
2024-10-28,Mumbai,19.076,72.8777,215.5,124.8,198.9,55.2,24.5,12.44,10,1.0,10,2024
2024-10-28,Chennai,13.0827,80.2707,66.9,37.3,56.1,14.8,5.9,3.69,10,1.0,10,2024
2024-10-28,Kolkata,22.5726,88.3639,137.4,78.9,117.3,36.3,13.6,6.63,10,1.0,10,2024
2024-10-28,Bengaluru,12.9716,77.5946,74.7,36.8,80.3,17.5,12.9,4.51,10,1.0,10,2024
2024-10-28,Hyderabad,17.385,78.4867,184.0,115.4,166.9,43.6,16.4,10.32,10,1.0,10,2024
2024-10-28,Puducherry,11.9416,79.8083,80.3,51.3,78.8,21.5,7.1,5.03,10,1.0,10,2024
2024-10-28,Lucknow,26.8467,80.9462,207.1,124.7,192.1,51.5,17.1,11.4,10,1.0,10,2024
2024-10-28,Patna,25.5941,85.1376,327.8,187.5,286.7,90.0,33.2,16.39,10,1.0,10,2024
2024-10-28,Ahmedabad,23.0225,72.5714,140.8,79.3,125.2,39.1,14.0,7.65,10,1.0,10,2024
2024-10-29,Delhi,28.6139,77.209,421.3,249.9,381.6,109.3,40.3,21.24,10,1.0,10,2024
2024-10-29,Mumbai,19.076,72.8777,214.9,127.2,202.0,53.2,25.1,9.1,10,1.0,10,2024
2024-10-29,Chennai,13.0827,80.2707,91.6,47.6,76.8,20.1,8.6,3.39,10,1.0,10,2024
2024-10-29,Kolkata,22.5726,88.3639,176.4,108.1,146.5,41.6,22.7,9.15,10,1.0,10,2024
2024-10-29,Bengaluru,12.9716,77.5946,45.5,20.3,42.8,11.8,3.4,4.47,10,1.0,10,2024
2024-10-29,Hyderabad,17.385,78.4867,211.7,125.7,197.5,56.6,23.3,9.94,10,1.0,10,2024
2024-10-29,Puducherry,11.9416,79.8083,113.8,67.9,105.8,28.5,11.1,5.97,10,1.0,10,2024
2024-10-29,Lucknow,26.8467,80.9462,142.9,75.9,126.9,32.2,15.4,7.58,10,1.0,10,2024
2024-10-29,Patna,25.5941,85.1376,240.9,151.9,216.8,54.4,23.6,13.22,10,1.0,10,2024
2024-10-29,Ahmedabad,23.0225,72.5714,75.2,44.6,72.3,29.4,9.9,3.89,10,1.0,10,2024
2024-10-30,Delhi,28.6139,77.209,321.7,183.5,281.1,83.0,32.5,16.37,10,1.0,10,2024
2024-10-30,Mumbai,19.076,72.8777,141.4,84.8,128.1,31.1,13.7,5.83,10,1.0,10,2024
2024-10-30,Chennai,13.0827,80.2707,74.5,50.7,65.6,21.0,7.7,3.34,10,1.0,10,2024
2024-10-30,Kolkata,22.5726,88.3639,129.6,75.8,118.1,34.7,13.2,7.13,10,1.0,10,2024
2024-10-30,Bengaluru,12.9716,77.5946,54.4,37.0,39.9,17.5,6.4,0.85,10,1.0,10,2024
2024-10-30,Hyderabad,17.385,78.4867,145.8,92.5,141.3,33.4,14.9,7.98,10,1.0,10,2024
2024-10-30,Puducherry,11.9416,79.8083,89.7,55.9,77.3,26.4,11.0,4.33,10,1.0,10,2024
2024-10-30,Lucknow,26.8467,80.9462,169.1,97.8,163.1,46.1,16.9,8.26,10,1.0,10,2024
2024-10-30,Patna,25.5941,85.1376,116.2,69.3,95.1,29.7,14.0,4.83,10,1.0,10,2024
2024-10-30,Ahmedabad,23.0225,72.5714,170.7,107.4,155.4,40.6,17.1,9.49,10,1.0,10,2024
2024-10-31,Delhi,28.6139,77.209,301.0,180.6,280.1,77.3,27.7,15.68,10,1.0,10,2024
2024-10-31,Mumbai,19.076,72.8777,178.0,100.6,142.1,40.3,17.6,9.91,10,1.0,10,2024
2024-10-31,Chennai,13.0827,80.2707,67.7,43.4,37.8,17.6,6.0,5.48,10,1.0,10,2024
2024-10-31,Kolkata,22.5726,88.3639,85.4,51.2,61.7,19.2,5.1,6.57,10,1.0,10,2024
2024-10-31,Bengaluru,12.9716,77.5946,89.3,52.5,80.0,17.8,11.0,5.11,10,1.0,10,2024
2024-10-31,Hyderabad,17.385,78.4867,152.1,85.2,146.0,42.1,14.7,8.5,10,1.0,10,2024
2024-10-31,Puducherry,11.9416,79.8083,80.5,40.3,71.0,18.2,8.2,5.05,10,1.0,10,2024
2024-10-31,Lucknow,26.8467,80.9462,113.3,65.8,95.4,25.2,9.7,5.73,10,1.0,10,2024
2024-10-31,Patna,25.5941,85.1376,276.6,167.7,250.4,71.6,32.4,13.97,10,1.0,10,2024
2024-10-31,Ahmedabad,23.0225,72.5714,206.0,128.4,199.6,53.7,18.9,10.6,10,1.0,10,2024
2024-11-01,Delhi,28.6139,77.209,412.1,251.3,363.9,108.1,41.2,21.44,11,1.4,11,2024
2024-11-01,Mumbai,19.076,72.8777,208.4,125.7,189.4,54.8,24.8,8.4,11,1.4,11,2024
2024-11-01,Chennai,13.0827,80.2707,139.5,83.9,124.1,25.4,15.1,6.85,11,1.4,11,2024
2024-11-01,Kolkata,22.5726,88.3639,210.3,126.4,186.9,45.6,21.2,11.1,11,1.4,11,2024
2024-11-01,Bengaluru,12.9716,77.5946,123.5,75.4,112.0,35.1,12.1,6.98,11,1.4,11,2024
2024-11-01,Hyderabad,17.385,78.4867,157.0,104.0,137.8,36.5,15.5,7.12,11,1.4,11,2024
2024-11-01,Puducherry,11.9416,79.8083,80.0,51.6,47.5,17.1,5.3,4.14,11,1.4,11,2024
2024-11-01,Lucknow,26.8467,80.9462,165.7,102.2,154.4,34.9,17.0,8.8,11,1.4,11,2024
2024-11-01,Patna,25.5941,85.1376,401.8,233.7,348.7,106.5,38.5,19.56,11,1.4,11,2024
2024-11-01,Ahmedabad,23.0225,72.5714,252.5,145.7,225.1,66.7,22.4,12.12,11,1.4,11,2024
2024-11-02,Delhi,28.6139,77.209,301.9,177.3,281.2,81.1,30.7,15.63,11,1.4,11,2024
2024-11-02,Mumbai,19.076,72.8777,216.2,126.4,196.5,48.9,19.7,10.72,11,1.4,11,2024
2024-11-02,Chennai,13.0827,80.2707,99.5,53.3,83.9,29.5,13.1,4.94,11,1.4,11,2024
2024-11-02,Kolkata,22.5726,88.3639,281.1,165.8,236.5,66.7,27.5,14.2,11,1.4,11,2024
2024-11-02,Bengaluru,12.9716,77.5946,137.0,80.8,118.7,35.6,11.0,7.65,11,1.4,11,2024
2024-11-02,Hyderabad,17.385,78.4867,147.5,98.8,130.2,35.0,13.6,6.9,11,1.4,11,2024
2024-11-02,Puducherry,11.9416,79.8083,117.1,70.0,113.3,31.1,11.8,6.23,11,1.4,11,2024
2024-11-02,Lucknow,26.8467,80.9462,385.8,234.8,349.5,98.1,36.3,21.86,11,1.4,11,2024
2024-11-02,Patna,25.5941,85.1376,373.0,226.9,335.5,84.1,36.8,18.73,11,1.4,11,2024
2024-11-02,Ahmedabad,23.0225,72.5714,187.0,108.0,165.6,49.8,21.2,9.52,11,1.4,11,2024
2024-11-03,Delhi,28.6139,77.209,346.6,206.1,312.7,87.5,35.5,16.89,11,1.4,11,2024
2024-11-03,Mumbai,19.076,72.8777,217.2,132.6,192.3,47.4,20.0,12.43,11,1.4,11,2024
2024-11-03,Chennai,13.0827,80.2707,83.7,56.8,61.5,17.8,7.6,5.97,11,1.4,11,2024
2024-11-03,Kolkata,22.5726,88.3639,253.3,150.9,220.5,65.4,24.3,12.44,11,1.4,11,2024
2024-11-03,Bengaluru,12.9716,77.5946,129.2,81.1,122.4,28.7,11.7,5.73,11,1.4,11,2024
2024-11-03,Hyderabad,17.385,78.4867,174.4,109.2,158.5,34.8,19.0,7.37,11,1.4,11,2024
2024-11-03,Puducherry,11.9416,79.8083,90.7,55.4,81.0,26.2,7.8,3.57,11,1.4,11,2024
2024-11-03,Lucknow,26.8467,80.9462,287.7,177.5,264.0,72.3,31.4,15.53,11,1.4,11,2024
2024-11-03,Patna,25.5941,85.1376,391.2,228.8,358.3,97.0,38.3,18.88,11,1.4,11,2024
2024-11-03,Ahmedabad,23.0225,72.5714,216.3,126.7,196.0,53.4,22.1,11.37,11,1.4,11,2024
2024-11-04,Delhi,28.6139,77.209,368.5,217.4,315.6,95.2,37.0,18.25,11,1.4,11,2024
2024-11-04,Mumbai,19.076,72.8777,242.9,139.3,219.1,56.9,25.6,9.92,11,1.4,11,2024
2024-11-04,Chennai,13.0827,80.2707,146.1,91.5,124.1,36.8,12.8,7.73,11,1.4,11,2024
2024-11-04,Kolkata,22.5726,88.3639,293.0,170.8,253.3,77.6,33.2,15.14,11,1.4,11,2024
2024-11-04,Bengaluru,12.9716,77.5946,157.1,92.6,142.8,40.7,15.3,9.2,11,1.4,11,2024
2024-11-04,Hyderabad,17.385,78.4867,174.2,106.0,155.5,43.3,19.9,8.86,11,1.4,11,2024
2024-11-04,Puducherry,11.9416,79.8083,108.4,66.0,94.6,21.5,14.0,6.49,11,1.4,11,2024
2024-11-04,Lucknow,26.8467,80.9462,389.2,228.2,361.8,105.2,41.0,21.11,11,1.4,11,2024
2024-11-04,Patna,25.5941,85.1376,391.8,230.8,356.7,93.9,38.0,19.91,11,1.4,11,2024
2024-11-04,Ahmedabad,23.0225,72.5714,232.2,141.6,194.6,57.4,24.3,12.36,11,1.4,11,2024
2024-11-05,Delhi,28.6139,77.209,457.1,275.5,408.4,116.3,45.1,23.76,11,1.4,11,2024
2024-11-05,Mumbai,19.076,72.8777,213.1,127.6,185.6,57.8,22.4,12.76,11,1.4,11,2024
2024-11-05,Chennai,13.0827,80.2707,139.2,86.6,113.6,36.0,13.3,7.79,11,1.4,11,2024
2024-11-05,Kolkata,22.5726,88.3639,268.7,166.1,258.9,64.0,28.8,14.12,11,1.4,11,2024
2024-11-05,Bengaluru,12.9716,77.5946,199.4,123.2,184.3,53.3,21.8,11.42,11,1.4,11,2024
2024-11-05,Hyderabad,17.385,78.4867,139.3,81.6,139.3,27.0,13.8,7.11,11,1.4,11,2024
2024-11-05,Puducherry,11.9416,79.8083,101.5,68.8,95.2,23.8,8.9,5.36,11,1.4,11,2024
2024-11-05,Lucknow,26.8467,80.9462,383.8,231.0,344.3,93.2,39.1,19.51,11,1.4,11,2024
2024-11-05,Patna,25.5941,85.1376,285.3,176.3,270.4,71.5,29.1,13.16,11,1.4,11,2024
2024-11-05,Ahmedabad,23.0225,72.5714,257.2,156.6,228.9,61.3,29.4,13.24,11,1.4,11,2024
2024-11-06,Delhi,28.6139,77.209,318.6,195.4,288.6,79.9,33.8,13.32,11,1.4,11,2024
2024-11-06,Mumbai,19.076,72.8777,123.7,81.1,110.3,29.2,9.7,6.38,11,1.4,11,2024
2024-11-06,Chennai,13.0827,80.2707,133.9,87.5,123.5,32.3,14.2,7.8,11,1.4,11,2024
2024-11-06,Kolkata,22.5726,88.3639,296.6,181.1,269.1,71.8,27.6,13.64,11,1.4,11,2024
2024-11-06,Bengaluru,12.9716,77.5946,151.8,93.6,145.4,40.2,17.3,7.46,11,1.4,11,2024
2024-11-06,Hyderabad,17.385,78.4867,195.0,112.0,175.0,41.4,19.6,10.97,11,1.4,11,2024
2024-11-06,Puducherry,11.9416,79.8083,106.4,67.4,97.9,24.3,10.3,6.5,11,1.4,11,2024
2024-11-06,Lucknow,26.8467,80.9462,354.6,209.7,308.0,89.5,34.3,17.55,11,1.4,11,2024
2024-11-06,Patna,25.5941,85.1376,234.2,145.7,210.0,58.8,21.8,11.43,11,1.4,11,2024
2024-11-06,Ahmedabad,23.0225,72.5714,229.5,134.6,204.8,62.9,19.4,11.66,11,1.4,11,2024
2024-11-07,Delhi,28.6139,77.209,329.2,204.2,294.8,78.1,32.5,16.81,11,1.4,11,2024
2024-11-07,Mumbai,19.076,72.8777,307.0,173.7,266.7,82.0,27.7,15.36,11,1.4,11,2024
2024-11-07,Chennai,13.0827,80.2707,113.9,65.1,101.1,27.1,13.5,7.02,11,1.4,11,2024
2024-11-07,Kolkata,22.5726,88.3639,273.3,162.8,248.0,71.5,29.3,14.04,11,1.4,11,2024
2024-11-07,Bengaluru,12.9716,77.5946,185.8,108.4,176.3,49.3,17.4,9.52,11,1.4,11,2024
2024-11-07,Hyderabad,17.385,78.4867,178.6,106.4,159.5,38.6,16.5,8.69,11,1.4,11,2024
2024-11-07,Puducherry,11.9416,79.8083,93.5,51.8,92.6,23.0,13.7,4.9,11,1.4,11,2024
2024-11-07,Lucknow,26.8467,80.9462,375.6,224.3,332.7,95.0,40.2,18.69,11,1.4,11,2024
2024-11-07,Patna,25.5941,85.1376,367.3,221.7,329.8,91.6,34.7,18.35,11,1.4,11,2024
2024-11-07,Ahmedabad,23.0225,72.5714,253.4,153.5,229.5,66.3,25.7,12.68,11,1.4,11,2024
2024-11-08,Delhi,28.6139,77.209,450.8,271.2,403.8,114.6,45.0,22.26,11,1.4,11,2024
2024-11-08,Mumbai,19.076,72.8777,202.2,122.2,173.2,51.9,23.9,9.13,11,1.4,11,2024
2024-11-08,Chennai,13.0827,80.2707,113.4,81.9,95.5,33.5,10.9,5.73,11,1.4,11,2024
2024-11-08,Kolkata,22.5726,88.3639,245.4,149.4,208.2,62.1,23.7,10.41,11,1.4,11,2024
2024-11-08,Bengaluru,12.9716,77.5946,173.6,93.6,173.4,45.9,14.6,10.02,11,1.4,11,2024
2024-11-08,Hyderabad,17.385,78.4867,141.7,81.5,113.1,32.0,12.7,7.9,11,1.4,11,2024
2024-11-08,Puducherry,11.9416,79.8083,128.3,70.8,117.6,24.7,13.4,8.58,11,1.4,11,2024
2024-11-08,Lucknow,26.8467,80.9462,192.3,110.3,178.9,51.5,17.3,11.09,11,1.4,11,2024
2024-11-08,Patna,25.5941,85.1376,278.9,175.7,254.8,74.8,28.6,14.6,11,1.4,11,2024
2024-11-08,Ahmedabad,23.0225,72.5714,256.0,159.3,230.1,60.4,25.4,12.13,11,1.4,11,2024
2024-11-09,Delhi,28.6139,77.209,343.8,214.6,314.4,88.3,36.5,17.81,11,1.4,11,2024
2024-11-09,Mumbai,19.076,72.8777,270.7,151.9,235.6,64.9,24.3,13.65,11,1.4,11,2024
2024-11-09,Chennai,13.0827,80.2707,130.0,87.9,124.2,30.5,14.0,4.67,11,1.4,11,2024
2024-11-09,Kolkata,22.5726,88.3639,259.1,155.9,226.0,64.0,24.5,12.02,11,1.4,11,2024
2024-11-09,Bengaluru,12.9716,77.5946,160.2,101.3,148.3,38.3,14.7,7.6,11,1.4,11,2024
2024-11-09,Hyderabad,17.385,78.4867,160.3,91.8,152.7,39.3,17.6,6.62,11,1.4,11,2024
2024-11-09,Puducherry,11.9416,79.8083,91.2,59.0,89.1,18.0,9.7,4.89,11,1.4,11,2024
2024-11-09,Lucknow,26.8467,80.9462,262.0,159.0,223.2,61.8,27.4,13.13,11,1.4,11,2024
2024-11-09,Patna,25.5941,85.1376,341.7,204.1,311.8,87.8,35.8,17.21,11,1.4,11,2024
2024-11-09,Ahmedabad,23.0225,72.5714,206.5,121.1,177.4,50.0,19.4,11.93,11,1.4,11,2024
2024-11-10,Delhi,28.6139,77.209,308.2,190.1,275.2,76.2,31.6,13.99,11,1.4,11,2024
2024-11-10,Mumbai,19.076,72.8777,164.0,92.2,144.6,37.4,19.0,7.62,11,1.4,11,2024
2024-11-10,Chennai,13.0827,80.2707,66.5,38.2,66.3,23.1,6.2,2.81,11,1.4,11,2024
2024-11-10,Kolkata,22.5726,88.3639,251.3,152.9,217.1,61.8,25.0,12.61,11,1.4,11,2024
2024-11-10,Bengaluru,12.9716,77.5946,135.7,76.7,124.8,33.7,13.5,5.7,11,1.4,11,2024
2024-11-10,Hyderabad,17.385,78.4867,190.4,109.5,184.3,42.9,20.6,7.61,11,1.4,11,2024
2024-11-10,Puducherry,11.9416,79.8083,59.8,33.1,35.7,17.9,5.9,4.39,11,1.4,11,2024
2024-11-10,Lucknow,26.8467,80.9462,297.1,179.5,265.2,70.8,28.9,13.65,11,1.4,11,2024
2024-11-10,Patna,25.5941,85.1376,363.1,216.3,326.0,102.1,35.5,18.47,11,1.4,11,2024
2024-11-10,Ahmedabad,23.0225,72.5714,221.6,138.7,201.3,54.3,26.7,10.22,11,1.4,11,2024
2024-11-11,Delhi,28.6139,77.209,376.5,230.5,332.3,97.2,36.7,19.83,11,1.4,11,2024
2024-11-11,Mumbai,19.076,72.8777,235.1,140.6,203.6,57.2,23.5,12.64,11,1.4,11,2024
2024-11-11,Chennai,13.0827,80.2707,134.0,83.1,123.4,36.9,13.0,6.86,11,1.4,11,2024
2024-11-11,Kolkata,22.5726,88.3639,253.4,149.9,236.2,67.3,27.8,11.91,11,1.4,11,2024
2024-11-11,Bengaluru,12.9716,77.5946,150.5,95.8,147.5,31.6,15.0,7.34,11,1.4,11,2024
2024-11-11,Hyderabad,17.385,78.4867,223.7,123.2,193.0,61.7,21.4,9.88,11,1.4,11,2024
2024-11-11,Puducherry,11.9416,79.8083,135.2,74.0,129.9,27.6,10.6,6.96,11,1.4,11,2024
2024-11-11,Lucknow,26.8467,80.9462,252.9,153.1,242.0,62.6,28.5,12.97,11,1.4,11,2024
2024-11-11,Patna,25.5941,85.1376,402.9,230.0,367.7,102.7,39.6,22.04,11,1.4,11,2024
2024-11-11,Ahmedabad,23.0225,72.5714,201.8,113.0,187.9,44.8,20.3,11.43,11,1.4,11,2024
2024-11-12,Delhi,28.6139,77.209,431.9,257.9,385.9,113.0,40.8,22.37,11,1.4,11,2024
2024-11-12,Mumbai,19.076,72.8777,283.7,172.9,253.4,70.3,27.4,13.53,11,1.4,11,2024
2024-11-12,Chennai,13.0827,80.2707,128.9,80.7,128.9,24.4,8.0,8.08,11,1.4,11,2024
2024-11-12,Kolkata,22.5726,88.3639,254.9,153.5,233.4,63.0,29.4,13.24,11,1.4,11,2024
2024-11-12,Bengaluru,12.9716,77.5946,126.6,74.2,112.8,28.5,16.0,6.45,11,1.4,11,2024
2024-11-12,Hyderabad,17.385,78.4867,127.0,78.2,125.8,36.0,11.2,5.24,11,1.4,11,2024
2024-11-12,Puducherry,11.9416,79.8083,133.5,72.0,123.1,31.1,16.0,5.62,11,1.4,11,2024
2024-11-12,Lucknow,26.8467,80.9462,256.2,156.8,236.9,69.5,26.6,13.16,11,1.4,11,2024
2024-11-12,Patna,25.5941,85.1376,409.4,238.8,361.4,97.2,35.6,21.31,11,1.4,11,2024
2024-11-12,Ahmedabad,23.0225,72.5714,288.3,175.8,262.5,72.4,28.9,16.11,11,1.4,11,2024
2024-11-13,Delhi,28.6139,77.209,515.9,306.6,473.2,133.9,52.9,26.18,11,1.4,11,2024
2024-11-13,Mumbai,19.076,72.8777,210.1,118.6,176.5,55.7,18.8,9.12,11,1.4,11,2024
2024-11-13,Chennai,13.0827,80.2707,74.1,42.1,69.7,20.3,9.1,3.31,11,1.4,11,2024
2024-11-13,Kolkata,22.5726,88.3639,257.4,158.7,235.4,62.0,26.3,10.89,11,1.4,11,2024
2024-11-13,Bengaluru,12.9716,77.5946,140.0,80.9,138.1,31.1,14.2,6.57,11,1.4,11,2024
2024-11-13,Hyderabad,17.385,78.4867,148.5,91.0,130.3,44.5,10.9,8.06,11,1.4,11,2024
2024-11-13,Puducherry,11.9416,79.8083,103.3,61.7,95.4,29.8,10.9,6.17,11,1.4,11,2024
2024-11-13,Lucknow,26.8467,80.9462,311.0,181.4,279.2,82.4,30.3,14.47,11,1.4,11,2024
2024-11-13,Patna,25.5941,85.1376,379.4,229.3,335.3,93.9,37.6,18.98,11,1.4,11,2024
2024-11-13,Ahmedabad,23.0225,72.5714,253.1,149.8,233.4,61.1,28.6,14.34,11,1.4,11,2024
2024-11-14,Delhi,28.6139,77.209,323.5,188.0,299.0,81.9,33.5,15.52,11,1.4,11,2024
2024-11-14,Mumbai,19.076,72.8777,190.7,112.7,174.1,42.7,18.9,8.28,11,1.4,11,2024
2024-11-14,Chennai,13.0827,80.2707,113.1,67.4,105.8,30.6,12.8,4.17,11,1.4,11,2024
2024-11-14,Kolkata,22.5726,88.3639,315.2,185.9,279.1,79.9,30.8,16.12,11,1.4,11,2024
2024-11-14,Bengaluru,12.9716,77.5946,156.4,90.0,139.3,38.5,17.6,7.35,11,1.4,11,2024
2024-11-14,Hyderabad,17.385,78.4867,150.2,85.0,127.9,32.1,13.6,9.1,11,1.4,11,2024
2024-11-14,Puducherry,11.9416,79.8083,118.8,77.7,99.3,21.9,12.5,7.79,11,1.4,11,2024
2024-11-14,Lucknow,26.8467,80.9462,276.5,166.4,236.3,69.2,27.4,11.73,11,1.4,11,2024
2024-11-14,Patna,25.5941,85.1376,263.4,152.5,224.4,63.0,27.4,12.54,11,1.4,11,2024
2024-11-14,Ahmedabad,23.0225,72.5714,275.7,163.6,250.7,70.9,30.6,13.07,11,1.4,11,2024
2024-11-15,Delhi,28.6139,77.209,427.4,251.7,398.4,102.7,43.5,22.93,11,1.4,11,2024
2024-11-15,Mumbai,19.076,72.8777,148.1,91.8,125.3,46.3,11.0,5.89,11,1.4,11,2024
2024-11-15,Chennai,13.0827,80.2707,98.0,53.4,92.4,31.7,12.1,5.13,11,1.4,11,2024
2024-11-15,Kolkata,22.5726,88.3639,252.5,148.5,230.4,62.3,25.6,11.88,11,1.4,11,2024
2024-11-15,Bengaluru,12.9716,77.5946,103.9,62.5,93.5,23.6,8.9,5.75,11,1.4,11,2024
2024-11-15,Hyderabad,17.385,78.4867,183.9,119.7,176.6,41.2,18.0,7.83,11,1.4,11,2024
2024-11-15,Puducherry,11.9416,79.8083,68.2,51.9,73.2,14.5,9.3,4.8,11,1.4,11,2024
2024-11-15,Lucknow,26.8467,80.9462,183.2,114.2,160.9,47.3,24.3,10.75,11,1.4,11,2024
2024-11-15,Patna,25.5941,85.1376,327.0,203.3,278.9,83.8,33.8,17.06,11,1.4,11,2024
2024-11-15,Ahmedabad,23.0225,72.5714,201.1,122.6,187.8,41.0,19.5,9.15,11,1.4,11,2024
2024-11-16,Delhi,28.6139,77.209,445.0,273.9,395.6,106.9,44.7,21.1,11,1.4,11,2024
2024-11-16,Mumbai,19.076,72.8777,186.9,110.5,172.9,48.0,19.0,10.98,11,1.4,11,2024
2024-11-16,Chennai,13.0827,80.2707,132.7,77.5,117.1,30.1,11.2,5.25,11,1.4,11,2024
2024-11-16,Kolkata,22.5726,88.3639,308.7,181.6,280.4,76.0,30.8,16.59,11,1.4,11,2024
2024-11-16,Bengaluru,12.9716,77.5946,145.3,82.6,126.3,39.8,15.5,8.19,11,1.4,11,2024
2024-11-16,Hyderabad,17.385,78.4867,159.7,88.8,147.8,40.9,16.5,6.6,11,1.4,11,2024
2024-11-16,Puducherry,11.9416,79.8083,92.2,50.6,86.2,24.8,9.1,5.58,11,1.4,11,2024
2024-11-16,Lucknow,26.8467,80.9462,404.9,244.7,369.8,99.1,39.0,21.25,11,1.4,11,2024
2024-11-16,Patna,25.5941,85.1376,274.8,168.4,261.1,71.3,27.3,12.4,11,1.4,11,2024
2024-11-16,Ahmedabad,23.0225,72.5714,231.3,143.8,206.7,61.9,23.9,11.86,11,1.4,11,2024
2024-11-17,Delhi,28.6139,77.209,366.7,212.7,326.6,89.9,37.8,18.32,11,1.4,11,2024
2024-11-17,Mumbai,19.076,72.8777,239.3,145.0,211.3,56.6,22.7,12.13,11,1.4,11,2024
2024-11-17,Chennai,13.0827,80.2707,116.7,64.6,113.1,29.8,12.2,5.01,11,1.4,11,2024
2024-11-17,Kolkata,22.5726,88.3639,199.9,119.1,163.7,53.1,18.6,9.73,11,1.4,11,2024
2024-11-17,Bengaluru,12.9716,77.5946,152.8,90.6,128.2,44.2,12.2,5.4,11,1.4,11,2024
2024-11-17,Hyderabad,17.385,78.4867,198.6,111.9,188.8,51.2,20.4,9.36,11,1.4,11,2024
2024-11-17,Puducherry,11.9416,79.8083,88.5,51.2,72.6,27.0,7.4,4.93,11,1.4,11,2024
2024-11-17,Lucknow,26.8467,80.9462,373.3,219.6,339.0,89.7,37.0,18.21,11,1.4,11,2024
2024-11-17,Patna,25.5941,85.1376,287.3,173.2,248.9,75.5,26.6,13.1,11,1.4,11,2024
2024-11-17,Ahmedabad,23.0225,72.5714,212.6,125.7,194.2,53.5,18.0,11.62,11,1.4,11,2024
2024-11-18,Delhi,28.6139,77.209,369.8,223.1,350.4,97.6,37.4,17.12,11,1.4,11,2024
2024-11-18,Mumbai,19.076,72.8777,141.7,90.8,124.3,34.8,11.9,7.53,11,1.4,11,2024
2024-11-18,Chennai,13.0827,80.2707,154.5,100.3,135.5,41.2,15.3,8.61,11,1.4,11,2024
2024-11-18,Kolkata,22.5726,88.3639,251.8,147.0,237.2,63.3,24.5,12.77,11,1.4,11,2024
2024-11-18,Bengaluru,12.9716,77.5946,117.9,72.8,104.5,26.3,16.5,4.89,11,1.4,11,2024
2024-11-18,Hyderabad,17.385,78.4867,180.4,108.5,154.2,43.8,15.4,11.09,11,1.4,11,2024
2024-11-18,Puducherry,11.9416,79.8083,99.6,58.8,105.2,21.6,12.5,5.57,11,1.4,11,2024
2024-11-18,Lucknow,26.8467,80.9462,179.4,105.8,165.0,45.0,18.0,8.36,11,1.4,11,2024
2024-11-18,Patna,25.5941,85.1376,286.1,170.1,273.2,67.9,27.6,14.33,11,1.4,11,2024
2024-11-18,Ahmedabad,23.0225,72.5714,158.2,97.1,132.1,35.2,13.5,6.27,11,1.4,11,2024
2024-11-19,Delhi,28.6139,77.209,493.5,298.7,451.5,126.7,49.0,24.65,11,1.4,11,2024
2024-11-19,Mumbai,19.076,72.8777,236.5,150.1,202.8,69.2,21.0,11.36,11,1.4,11,2024
2024-11-19,Chennai,13.0827,80.2707,127.9,77.6,130.8,36.0,13.6,7.43,11,1.4,11,2024
2024-11-19,Kolkata,22.5726,88.3639,269.3,158.2,246.3,67.6,25.2,14.73,11,1.4,11,2024
2024-11-19,Bengaluru,12.9716,77.5946,138.4,77.4,116.9,36.7,15.9,7.4,11,1.4,11,2024
2024-11-19,Hyderabad,17.385,78.4867,185.0,106.9,167.2,44.9,18.1,9.14,11,1.4,11,2024
2024-11-19,Puducherry,11.9416,79.8083,91.8,58.8,74.5,17.8,7.6,5.47,11,1.4,11,2024
2024-11-19,Lucknow,26.8467,80.9462,330.0,189.1,301.8,82.3,32.2,16.26,11,1.4,11,2024
2024-11-19,Patna,25.5941,85.1376,242.6,146.4,208.2,59.2,23.6,12.9,11,1.4,11,2024
2024-11-19,Ahmedabad,23.0225,72.5714,225.8,139.0,193.7,56.0,23.6,12.53,11,1.4,11,2024
2024-11-20,Delhi,28.6139,77.209,300.9,176.3,274.9,81.7,30.7,13.94,11,1.4,11,2024
2024-11-20,Mumbai,19.076,72.8777,152.4,92.1,140.0,37.2,13.1,8.72,11,1.4,11,2024
2024-11-20,Chennai,13.0827,80.2707,117.3,73.0,91.4,34.1,10.4,7.21,11,1.4,11,2024
2024-11-20,Kolkata,22.5726,88.3639,282.6,162.4,256.3,77.3,27.1,15.79,11,1.4,11,2024
2024-11-20,Bengaluru,12.9716,77.5946,151.6,97.7,137.7,37.4,18.8,8.3,11,1.4,11,2024
2024-11-20,Hyderabad,17.385,78.4867,159.8,98.0,139.3,40.4,18.4,7.83,11,1.4,11,2024
2024-11-20,Puducherry,11.9416,79.8083,87.5,47.7,79.3,18.6,5.9,3.18,11,1.4,11,2024
2024-11-20,Lucknow,26.8467,80.9462,384.4,229.9,346.4,92.2,37.3,18.61,11,1.4,11,2024
2024-11-20,Patna,25.5941,85.1376,316.6,181.7,293.7,79.1,32.1,16.74,11,1.4,11,2024
2024-11-20,Ahmedabad,23.0225,72.5714,261.7,154.1,240.4,67.8,26.8,14.15,11,1.4,11,2024
2024-11-21,Delhi,28.6139,77.209,456.0,277.2,421.3,114.1,45.7,23.62,11,1.4,11,2024
2024-11-21,Mumbai,19.076,72.8777,188.9,115.7,165.5,38.1,20.1,7.9,11,1.4,11,2024
2024-11-21,Chennai,13.0827,80.2707,108.5,69.2,104.3,31.8,6.8,5.72,11,1.4,11,2024
2024-11-21,Kolkata,22.5726,88.3639,239.1,148.4,227.0,54.5,23.9,12.79,11,1.4,11,2024
2024-11-21,Bengaluru,12.9716,77.5946,129.9,86.7,113.7,31.3,10.8,6.65,11,1.4,11,2024
2024-11-21,Hyderabad,17.385,78.4867,62.4,36.2,66.3,10.0,3.0,4.24,11,1.4,11,2024
2024-11-21,Puducherry,11.9416,79.8083,130.0,71.2,130.9,34.2,15.1,5.71,11,1.4,11,2024
2024-11-21,Lucknow,26.8467,80.9462,404.8,241.5,361.8,103.1,39.7,18.72,11,1.4,11,2024
2024-11-21,Patna,25.5941,85.1376,345.2,205.5,304.5,91.3,39.3,16.34,11,1.4,11,2024
2024-11-21,Ahmedabad,23.0225,72.5714,232.9,137.7,227.9,60.2,25.1,12.83,11,1.4,11,2024
2024-11-22,Delhi,28.6139,77.209,402.4,240.5,374.3,103.7,38.5,19.4,11,1.4,11,2024
2024-11-22,Mumbai,19.076,72.8777,180.4,114.0,174.1,53.7,16.6,9.16,11,1.4,11,2024
2024-11-22,Chennai,13.0827,80.2707,116.0,68.7,111.8,28.8,14.2,5.28,11,1.4,11,2024
2024-11-22,Kolkata,22.5726,88.3639,289.1,171.2,245.5,68.2,29.2,16.38,11,1.4,11,2024
2024-11-22,Bengaluru,12.9716,77.5946,126.2,74.9,117.5,29.2,11.7,6.38,11,1.4,11,2024
2024-11-22,Hyderabad,17.385,78.4867,152.7,82.7,132.2,40.6,16.6,8.97,11,1.4,11,2024
2024-11-22,Puducherry,11.9416,79.8083,130.1,73.6,111.1,29.7,12.7,5.88,11,1.4,11,2024
2024-11-22,Lucknow,26.8467,80.9462,296.7,173.7,273.3,70.4,27.7,15.36,11,1.4,11,2024
2024-11-22,Patna,25.5941,85.1376,386.6,230.8,354.9,99.8,42.5,20.06,11,1.4,11,2024
2024-11-22,Ahmedabad,23.0225,72.5714,300.8,180.8,281.9,80.9,29.8,14.35,11,1.4,11,2024
2024-11-23,Delhi,28.6139,77.209,351.0,212.7,306.7,85.9,37.5,18.22,11,1.4,11,2024
2024-11-23,Mumbai,19.076,72.8777,101.9,54.5,109.0,30.2,9.0,3.61,11,1.4,11,2024
2024-11-23,Chennai,13.0827,80.2707,94.8,59.4,101.1,31.4,6.3,4.44,11,1.4,11,2024
2024-11-23,Kolkata,22.5726,88.3639,209.1,126.1,177.5,50.1,19.2,10.98,11,1.4,11,2024
2024-11-23,Bengaluru,12.9716,77.5946,124.6,72.9,116.2,37.7,16.7,6.69,11,1.4,11,2024
2024-11-23,Hyderabad,17.385,78.4867,164.9,105.5,157.7,44.8,13.3,9.45,11,1.4,11,2024
2024-11-23,Puducherry,11.9416,79.8083,112.2,62.9,95.6,30.4,6.2,5.48,11,1.4,11,2024
2024-11-23,Lucknow,26.8467,80.9462,265.4,155.5,235.2,60.4,28.6,11.14,11,1.4,11,2024
2024-11-23,Patna,25.5941,85.1376,347.9,204.5,329.0,87.1,30.5,17.94,11,1.4,11,2024
2024-11-23,Ahmedabad,23.0225,72.5714,174.8,109.8,162.3,49.6,17.9,9.56,11,1.4,11,2024
2024-11-24,Delhi,28.6139,77.209,395.4,234.3,364.4,93.9,39.5,19.2,11,1.4,11,2024
2024-11-24,Mumbai,19.076,72.8777,229.7,133.1,203.5,57.6,25.9,10.95,11,1.4,11,2024
2024-11-24,Chennai,13.0827,80.2707,116.0,62.9,96.5,30.7,11.7,5.85,11,1.4,11,2024
2024-11-24,Kolkata,22.5726,88.3639,339.1,195.1,323.7,89.5,33.3,17.35,11,1.4,11,2024
2024-11-24,Bengaluru,12.9716,77.5946,119.5,73.3,124.7,27.3,11.5,5.22,11,1.4,11,2024
2024-11-24,Hyderabad,17.385,78.4867,147.1,86.2,123.6,35.7,14.8,6.95,11,1.4,11,2024
2024-11-24,Puducherry,11.9416,79.8083,59.0,34.6,52.7,22.3,6.0,3.89,11,1.4,11,2024
2024-11-24,Lucknow,26.8467,80.9462,280.3,174.7,244.7,72.1,29.7,14.71,11,1.4,11,2024
2024-11-24,Patna,25.5941,85.1376,487.5,289.6,450.1,126.5,48.8,26.21,11,1.4,11,2024
2024-11-24,Ahmedabad,23.0225,72.5714,217.4,130.6,195.6,49.3,23.3,11.48,11,1.4,11,2024
2024-11-25,Delhi,28.6139,77.209,383.6,239.0,341.7,89.0,42.2,20.19,11,1.4,11,2024
2024-11-25,Mumbai,19.076,72.8777,221.0,130.9,201.6,50.2,21.6,10.15,11,1.4,11,2024
2024-11-25,Chennai,13.0827,80.2707,132.5,84.1,110.9,36.0,13.6,7.31,11,1.4,11,2024
2024-11-25,Kolkata,22.5726,88.3639,239.9,147.5,210.3,53.2,21.1,11.49,11,1.4,11,2024
2024-11-25,Bengaluru,12.9716,77.5946,91.6,62.7,81.8,26.6,10.7,4.59,11,1.4,11,2024
2024-11-25,Hyderabad,17.385,78.4867,291.8,189.7,273.8,69.3,32.0,12.84,11,1.4,11,2024
2024-11-25,Puducherry,11.9416,79.8083,132.9,67.0,117.1,38.1,14.1,5.17,11,1.4,11,2024
2024-11-25,Lucknow,26.8467,80.9462,319.1,193.4,288.8,78.1,33.6,17.1,11,1.4,11,2024
2024-11-25,Patna,25.5941,85.1376,325.2,202.7,291.4,79.3,35.2,17.58,11,1.4,11,2024
2024-11-25,Ahmedabad,23.0225,72.5714,196.1,113.8,190.6,48.6,19.6,9.55,11,1.4,11,2024
2024-11-26,Delhi,28.6139,77.209,497.7,309.3,448.5,134.1,48.7,24.6,11,1.4,11,2024
2024-11-26,Mumbai,19.076,72.8777,222.9,129.7,205.9,53.7,19.2,9.4,11,1.4,11,2024
2024-11-26,Chennai,13.0827,80.2707,117.9,72.8,95.2,30.2,12.2,5.73,11,1.4,11,2024
2024-11-26,Kolkata,22.5726,88.3639,205.7,124.6,184.0,55.4,18.0,10.4,11,1.4,11,2024
2024-11-26,Bengaluru,12.9716,77.5946,101.8,59.9,82.9,21.8,10.2,4.52,11,1.4,11,2024
2024-11-26,Hyderabad,17.385,78.4867,219.3,137.5,203.8,58.0,22.2,12.27,11,1.4,11,2024
2024-11-26,Puducherry,11.9416,79.8083,99.1,70.1,81.7,20.3,7.1,3.73,11,1.4,11,2024
2024-11-26,Lucknow,26.8467,80.9462,202.1,122.3,188.7,50.7,17.4,9.64,11,1.4,11,2024
2024-11-26,Patna,25.5941,85.1376,394.9,235.2,349.0,92.7,38.6,19.04,11,1.4,11,2024
2024-11-26,Ahmedabad,23.0225,72.5714,220.1,134.4,195.8,55.8,23.0,9.78,11,1.4,11,2024
2024-11-27,Delhi,28.6139,77.209,542.9,322.0,492.7,131.2,54.5,27.29,11,1.4,11,2024
2024-11-27,Mumbai,19.076,72.8777,262.4,156.3,246.6,66.8,29.9,11.34,11,1.4,11,2024
2024-11-27,Chennai,13.0827,80.2707,138.1,69.5,123.8,38.6,16.7,7.64,11,1.4,11,2024
2024-11-27,Kolkata,22.5726,88.3639,237.5,145.2,233.9,59.7,25.7,11.45,11,1.4,11,2024
2024-11-27,Bengaluru,12.9716,77.5946,172.1,107.8,150.0,46.1,18.9,9.34,11,1.4,11,2024
2024-11-27,Hyderabad,17.385,78.4867,166.6,106.1,142.5,41.7,16.9,9.5,11,1.4,11,2024
2024-11-27,Puducherry,11.9416,79.8083,85.7,52.6,73.2,21.9,9.4,3.01,11,1.4,11,2024
2024-11-27,Lucknow,26.8467,80.9462,390.2,236.3,344.3,96.2,42.0,19.93,11,1.4,11,2024
2024-11-27,Patna,25.5941,85.1376,268.5,157.2,246.6,70.1,27.6,13.13,11,1.4,11,2024
2024-11-27,Ahmedabad,23.0225,72.5714,260.4,154.7,227.5,71.4,27.0,12.24,11,1.4,11,2024
2024-11-28,Delhi,28.6139,77.209,402.7,241.8,359.6,101.6,38.4,21.01,11,1.4,11,2024
2024-11-28,Mumbai,19.076,72.8777,195.8,109.4,174.4,46.5,13.6,9.63,11,1.4,11,2024
2024-11-28,Chennai,13.0827,80.2707,151.9,90.6,142.4,38.0,14.3,6.86,11,1.4,11,2024
2024-11-28,Kolkata,22.5726,88.3639,187.9,117.4,175.0,45.9,14.7,9.87,11,1.4,11,2024
2024-11-28,Bengaluru,12.9716,77.5946,112.9,68.5,89.3,28.6,11.0,3.24,11,1.4,11,2024
2024-11-28,Hyderabad,17.385,78.4867,224.6,133.1,200.1,58.3,22.4,11.59,11,1.4,11,2024
2024-11-28,Puducherry,11.9416,79.8083,82.1,48.5,58.6,19.6,11.1,2.6,11,1.4,11,2024
2024-11-28,Lucknow,26.8467,80.9462,285.2,160.5,256.7,73.2,29.3,13.66,11,1.4,11,2024
2024-11-28,Patna,25.5941,85.1376,185.9,105.3,177.4,50.0,18.4,9.46,11,1.4,11,2024
2024-11-28,Ahmedabad,23.0225,72.5714,177.8,113.1,154.3,46.2,15.1,8.71,11,1.4,11,2024
2024-11-29,Delhi,28.6139,77.209,491.9,290.4,448.7,118.7,47.4,24.59,11,1.4,11,2024
2024-11-29,Mumbai,19.076,72.8777,234.9,139.4,216.4,63.3,21.9,10.22,11,1.4,11,2024
2024-11-29,Chennai,13.0827,80.2707,117.1,76.6,98.9,33.3,11.2,7.61,11,1.4,11,2024
2024-11-29,Kolkata,22.5726,88.3639,364.3,223.7,314.7,81.5,36.6,19.12,11,1.4,11,2024
2024-11-29,Bengaluru,12.9716,77.5946,155.0,89.4,127.6,42.5,19.2,7.08,11,1.4,11,2024
2024-11-29,Hyderabad,17.385,78.4867,196.9,131.2,175.7,48.5,20.8,9.56,11,1.4,11,2024
2024-11-29,Puducherry,11.9416,79.8083,131.8,77.1,118.4,27.2,12.7,5.58,11,1.4,11,2024
2024-11-29,Lucknow,26.8467,80.9462,330.5,190.0,305.3,79.1,36.6,17.9,11,1.4,11,2024
2024-11-29,Patna,25.5941,85.1376,373.5,216.4,331.1,89.8,35.8,20.25,11,1.4,11,2024
2024-11-29,Ahmedabad,23.0225,72.5714,217.1,127.0,189.4,52.1,22.8,9.23,11,1.4,11,2024
2024-11-30,Delhi,28.6139,77.209,399.9,242.1,346.0,94.3,39.9,21.44,11,1.4,11,2024
2024-11-30,Mumbai,19.076,72.8777,244.1,143.4,231.0,59.7,23.8,12.3,11,1.4,11,2024
2024-11-30,Chennai,13.0827,80.2707,147.0,85.2,129.1,31.8,15.4,8.28,11,1.4,11,2024
2024-11-30,Kolkata,22.5726,88.3639,301.7,174.2,268.5,80.4,30.6,15.12,11,1.4,11,2024
2024-11-30,Bengaluru,12.9716,77.5946,140.3,86.9,128.6,32.8,15.8,5.81,11,1.4,11,2024
2024-11-30,Hyderabad,17.385,78.4867,214.3,124.1,197.3,52.9,20.5,12.07,11,1.4,11,2024
2024-11-30,Puducherry,11.9416,79.8083,119.9,71.6,121.9,33.9,10.4,3.73,11,1.4,11,2024
2024-11-30,Lucknow,26.8467,80.9462,314.9,195.9,288.3,85.0,30.3,15.63,11,1.4,11,2024
2024-11-30,Patna,25.5941,85.1376,329.5,198.9,302.7,88.9,36.6,18.14,11,1.4,11,2024
2024-11-30,Ahmedabad,23.0225,72.5714,254.1,150.7,230.5,66.1,25.7,11.79,11,1.4,11,2024
2024-12-01,Delhi,28.6139,77.209,355.0,217.3,317.5,88.8,35.3,16.86,12,1.4,12,2024
2024-12-01,Mumbai,19.076,72.8777,189.1,111.2,164.7,43.0,18.7,10.07,12,1.4,12,2024
2024-12-01,Chennai,13.0827,80.2707,154.0,85.4,151.5,39.7,13.1,7.3,12,1.4,12,2024
2024-12-01,Kolkata,22.5726,88.3639,158.1,86.8,156.1,36.7,16.9,7.79,12,1.4,12,2024
2024-12-01,Bengaluru,12.9716,77.5946,140.5,86.1,109.8,40.4,13.9,6.52,12,1.4,12,2024
2024-12-01,Hyderabad,17.385,78.4867,184.4,107.0,167.6,45.4,19.9,9.01,12,1.4,12,2024
2024-12-01,Puducherry,11.9416,79.8083,84.4,52.5,73.8,13.8,8.8,3.68,12,1.4,12,2024
2024-12-01,Lucknow,26.8467,80.9462,330.5,194.0,287.8,87.3,34.7,16.52,12,1.4,12,2024
2024-12-01,Patna,25.5941,85.1376,366.6,224.0,329.9,86.8,37.3,19.33,12,1.4,12,2024
2024-12-01,Ahmedabad,23.0225,72.5714,250.7,150.7,230.2,61.8,27.2,13.88,12,1.4,12,2024
2024-12-02,Delhi,28.6139,77.209,288.3,178.6,277.4,74.2,30.8,13.77,12,1.4,12,2024
2024-12-02,Mumbai,19.076,72.8777,175.9,104.5,155.1,38.7,17.2,9.63,12,1.4,12,2024
2024-12-02,Chennai,13.0827,80.2707,93.5,57.0,85.3,22.2,10.3,5.08,12,1.4,12,2024
2024-12-02,Kolkata,22.5726,88.3639,233.4,145.3,214.5,64.6,23.2,11.35,12,1.4,12,2024
2024-12-02,Bengaluru,12.9716,77.5946,133.7,86.1,119.1,33.1,17.3,5.34,12,1.4,12,2024
2024-12-02,Hyderabad,17.385,78.4867,180.5,108.0,160.4,41.3,16.7,8.62,12,1.4,12,2024
2024-12-02,Puducherry,11.9416,79.8083,114.9,73.2,89.2,23.9,12.6,6.38,12,1.4,12,2024
2024-12-02,Lucknow,26.8467,80.9462,212.9,132.1,191.5,56.2,19.6,9.25,12,1.4,12,2024
2024-12-02,Patna,25.5941,85.1376,314.4,187.3,280.4,77.0,34.8,14.02,12,1.4,12,2024
2024-12-02,Ahmedabad,23.0225,72.5714,186.0,109.5,167.6,49.3,20.3,10.38,12,1.4,12,2024
2024-12-03,Delhi,28.6139,77.209,430.5,249.6,374.1,112.2,45.2,22.16,12,1.4,12,2024
2024-12-03,Mumbai,19.076,72.8777,163.2,96.3,143.7,36.7,16.8,10.32,12,1.4,12,2024
2024-12-03,Chennai,13.0827,80.2707,113.6,74.6,95.2,22.3,13.3,5.46,12,1.4,12,2024
2024-12-03,Kolkata,22.5726,88.3639,315.6,196.7,281.8,84.3,29.8,14.89,12,1.4,12,2024
2024-12-03,Bengaluru,12.9716,77.5946,172.2,95.6,155.0,48.0,19.9,8.18,12,1.4,12,2024
2024-12-03,Hyderabad,17.385,78.4867,203.3,116.4,177.6,51.7,21.1,9.12,12,1.4,12,2024
2024-12-03,Puducherry,11.9416,79.8083,142.2,75.9,128.4,36.3,10.7,8.43,12,1.4,12,2024
2024-12-03,Lucknow,26.8467,80.9462,259.9,156.4,236.5,59.2,23.8,14.56,12,1.4,12,2024
2024-12-03,Patna,25.5941,85.1376,331.4,185.4,295.8,82.7,33.6,14.57,12,1.4,12,2024
2024-12-03,Ahmedabad,23.0225,72.5714,222.7,129.5,202.2,57.7,23.1,12.54,12,1.4,12,2024
2024-12-04,Delhi,28.6139,77.209,567.2,334.7,507.4,144.8,56.5,25.64,12,1.4,12,2024
2024-12-04,Mumbai,19.076,72.8777,188.3,119.2,158.3,48.0,15.0,10.29,12,1.4,12,2024
2024-12-04,Chennai,13.0827,80.2707,132.0,76.4,115.5,27.0,15.2,5.8,12,1.4,12,2024
2024-12-04,Kolkata,22.5726,88.3639,277.0,161.4,266.9,75.5,31.8,16.04,12,1.4,12,2024
2024-12-04,Bengaluru,12.9716,77.5946,121.0,68.2,125.1,29.7,13.8,5.43,12,1.4,12,2024
2024-12-04,Hyderabad,17.385,78.4867,146.9,92.3,116.5,39.9,15.7,6.81,12,1.4,12,2024
2024-12-04,Puducherry,11.9416,79.8083,105.5,64.2,96.8,29.1,8.9,7.97,12,1.4,12,2024
2024-12-04,Lucknow,26.8467,80.9462,294.6,176.1,280.7,66.3,33.3,14.82,12,1.4,12,2024
2024-12-04,Patna,25.5941,85.1376,298.9,173.7,258.9,73.4,30.4,15.57,12,1.4,12,2024
2024-12-04,Ahmedabad,23.0225,72.5714,236.0,139.0,223.1,69.7,26.6,11.44,12,1.4,12,2024
2024-12-05,Delhi,28.6139,77.209,432.2,262.2,401.8,106.7,41.3,22.74,12,1.4,12,2024
2024-12-05,Mumbai,19.076,72.8777,212.3,121.8,196.7,60.4,19.8,9.72,12,1.4,12,2024
2024-12-05,Chennai,13.0827,80.2707,126.8,79.5,113.5,36.2,13.2,7.35,12,1.4,12,2024
2024-12-05,Kolkata,22.5726,88.3639,216.0,123.5,191.7,48.6,22.4,8.78,12,1.4,12,2024
2024-12-05,Bengaluru,12.9716,77.5946,126.4,74.4,105.4,30.4,12.6,7.59,12,1.4,12,2024
2024-12-05,Hyderabad,17.385,78.4867,131.6,80.7,122.9,32.8,12.2,5.44,12,1.4,12,2024
2024-12-05,Puducherry,11.9416,79.8083,143.0,86.2,126.2,44.2,14.7,9.69,12,1.4,12,2024
2024-12-05,Lucknow,26.8467,80.9462,215.9,128.4,183.3,53.5,21.3,10.34,12,1.4,12,2024
2024-12-05,Patna,25.5941,85.1376,339.8,201.8,304.9,81.9,36.9,15.88,12,1.4,12,2024
2024-12-05,Ahmedabad,23.0225,72.5714,233.6,134.2,203.6,55.5,23.1,11.86,12,1.4,12,2024
2024-12-06,Delhi,28.6139,77.209,303.5,180.0,265.2,71.7,32.6,13.78,12,1.4,12,2024
2024-12-06,Mumbai,19.076,72.8777,199.0,127.9,188.7,51.5,19.9,10.69,12,1.4,12,2024
2024-12-06,Chennai,13.0827,80.2707,135.2,88.2,120.6,37.8,12.9,8.65,12,1.4,12,2024
2024-12-06,Kolkata,22.5726,88.3639,243.9,138.2,220.1,64.0,27.6,11.2,12,1.4,12,2024
2024-12-06,Bengaluru,12.9716,77.5946,87.7,55.1,82.7,16.3,8.1,4.1,12,1.4,12,2024
2024-12-06,Hyderabad,17.385,78.4867,196.8,116.0,173.6,49.7,16.9,11.74,12,1.4,12,2024
2024-12-06,Puducherry,11.9416,79.8083,123.7,70.7,102.4,26.8,13.5,5.17,12,1.4,12,2024
2024-12-06,Lucknow,26.8467,80.9462,291.8,166.6,267.0,75.3,28.8,14.78,12,1.4,12,2024
2024-12-06,Patna,25.5941,85.1376,391.7,235.9,358.8,93.3,39.9,19.78,12,1.4,12,2024
2024-12-06,Ahmedabad,23.0225,72.5714,278.1,167.0,249.5,67.3,30.8,11.55,12,1.4,12,2024
2024-12-07,Delhi,28.6139,77.209,432.9,259.6,388.1,106.9,43.2,22.12,12,1.4,12,2024
2024-12-07,Mumbai,19.076,72.8777,164.2,99.2,150.6,37.2,17.4,8.57,12,1.4,12,2024
2024-12-07,Chennai,13.0827,80.2707,106.0,57.7,88.9,27.0,10.4,6.69,12,1.4,12,2024
2024-12-07,Kolkata,22.5726,88.3639,233.6,135.7,215.5,54.5,21.8,10.9,12,1.4,12,2024
2024-12-07,Bengaluru,12.9716,77.5946,50.1,32.9,52.6,16.2,8.8,4.01,12,1.4,12,2024
2024-12-07,Hyderabad,17.385,78.4867,156.3,99.3,139.9,37.4,14.1,7.55,12,1.4,12,2024
2024-12-07,Puducherry,11.9416,79.8083,111.6,74.9,106.3,24.8,9.1,6.15,12,1.4,12,2024
2024-12-07,Lucknow,26.8467,80.9462,366.7,226.2,327.9,93.6,38.4,16.98,12,1.4,12,2024
2024-12-07,Patna,25.5941,85.1376,355.4,217.8,323.9,88.5,40.8,19.7,12,1.4,12,2024
2024-12-07,Ahmedabad,23.0225,72.5714,224.4,133.7,207.6,55.9,25.0,9.95,12,1.4,12,2024
2024-12-08,Delhi,28.6139,77.209,372.7,227.0,343.5,87.3,35.4,16.96,12,1.4,12,2024
2024-12-08,Mumbai,19.076,72.8777,161.1,90.3,149.3,41.2,15.8,8.08,12,1.4,12,2024
2024-12-08,Chennai,13.0827,80.2707,155.9,88.3,124.9,41.8,14.8,6.78,12,1.4,12,2024
2024-12-08,Kolkata,22.5726,88.3639,279.7,158.0,244.9,60.4,28.5,15.56,12,1.4,12,2024
2024-12-08,Bengaluru,12.9716,77.5946,122.8,69.7,124.8,33.2,17.0,6.3,12,1.4,12,2024
2024-12-08,Hyderabad,17.385,78.4867,175.9,112.8,157.1,45.0,12.7,10.53,12,1.4,12,2024
2024-12-08,Puducherry,11.9416,79.8083,112.8,67.1,108.8,23.5,10.2,6.19,12,1.4,12,2024
2024-12-08,Lucknow,26.8467,80.9462,310.9,188.8,281.8,80.2,28.4,16.82,12,1.4,12,2024
2024-12-08,Patna,25.5941,85.1376,302.1,181.5,267.1,74.4,30.7,15.84,12,1.4,12,2024
2024-12-08,Ahmedabad,23.0225,72.5714,264.6,160.9,233.4,67.6,26.9,13.29,12,1.4,12,2024
2024-12-09,Delhi,28.6139,77.209,434.7,254.4,375.0,113.4,43.2,22.15,12,1.4,12,2024
2024-12-09,Mumbai,19.076,72.8777,161.3,103.1,148.0,39.6,16.7,6.32,12,1.4,12,2024
2024-12-09,Chennai,13.0827,80.2707,135.3,88.6,124.3,34.6,12.9,7.85,12,1.4,12,2024
2024-12-09,Kolkata,22.5726,88.3639,313.6,186.0,285.1,79.3,32.2,14.91,12,1.4,12,2024
2024-12-09,Bengaluru,12.9716,77.5946,174.3,107.4,166.5,39.1,15.3,10.77,12,1.4,12,2024
2024-12-09,Hyderabad,17.385,78.4867,208.1,120.8,194.2,50.2,17.4,8.3,12,1.4,12,2024
2024-12-09,Puducherry,11.9416,79.8083,104.6,70.6,106.3,31.2,12.1,5.55,12,1.4,12,2024
2024-12-09,Lucknow,26.8467,80.9462,382.9,219.7,352.5,91.2,36.5,19.84,12,1.4,12,2024
2024-12-09,Patna,25.5941,85.1376,401.0,237.6,366.1,102.5,39.5,20.2,12,1.4,12,2024
2024-12-09,Ahmedabad,23.0225,72.5714,317.6,189.2,283.9,80.0,31.4,16.67,12,1.4,12,2024
2024-12-10,Delhi,28.6139,77.209,509.5,304.5,451.7,135.3,51.2,23.77,12,1.4,12,2024
2024-12-10,Mumbai,19.076,72.8777,270.5,167.9,256.3,73.4,32.3,12.49,12,1.4,12,2024
2024-12-10,Chennai,13.0827,80.2707,106.1,61.2,91.3,27.0,9.6,4.12,12,1.4,12,2024
2024-12-10,Kolkata,22.5726,88.3639,208.3,123.5,196.6,49.8,22.4,9.09,12,1.4,12,2024
2024-12-10,Bengaluru,12.9716,77.5946,44.0,25.7,34.7,7.5,2.4,1.49,12,1.4,12,2024
2024-12-10,Hyderabad,17.385,78.4867,133.4,75.6,109.2,24.8,8.9,9.13,12,1.4,12,2024
2024-12-10,Puducherry,11.9416,79.8083,103.7,69.8,91.9,25.3,11.0,5.83,12,1.4,12,2024
2024-12-10,Lucknow,26.8467,80.9462,227.0,134.3,206.7,49.0,25.3,12.41,12,1.4,12,2024
2024-12-10,Patna,25.5941,85.1376,188.9,108.9,170.8,50.6,21.9,8.81,12,1.4,12,2024
2024-12-10,Ahmedabad,23.0225,72.5714,329.2,197.3,294.5,84.5,33.5,16.71,12,1.4,12,2024
2024-12-11,Delhi,28.6139,77.209,551.7,332.3,488.7,134.6,58.1,28.27,12,1.4,12,2024
2024-12-11,Mumbai,19.076,72.8777,133.7,72.2,120.5,35.9,12.0,5.0,12,1.4,12,2024
2024-12-11,Chennai,13.0827,80.2707,97.9,67.0,92.1,28.5,12.1,4.27,12,1.4,12,2024
2024-12-11,Kolkata,22.5726,88.3639,233.3,139.1,213.3,62.7,27.1,12.48,12,1.4,12,2024
2024-12-11,Bengaluru,12.9716,77.5946,164.6,108.4,146.5,45.9,17.6,8.84,12,1.4,12,2024
2024-12-11,Hyderabad,17.385,78.4867,160.5,89.3,147.2,41.5,14.9,7.93,12,1.4,12,2024
2024-12-11,Puducherry,11.9416,79.8083,87.4,48.1,74.8,16.5,7.6,5.08,12,1.4,12,2024
2024-12-11,Lucknow,26.8467,80.9462,402.6,251.9,359.1,105.5,40.9,19.89,12,1.4,12,2024
2024-12-11,Patna,25.5941,85.1376,364.2,224.0,323.8,89.0,35.6,17.58,12,1.4,12,2024
2024-12-11,Ahmedabad,23.0225,72.5714,277.9,162.9,245.4,70.7,28.3,13.49,12,1.4,12,2024
2024-12-12,Delhi,28.6139,77.209,526.7,312.9,472.7,124.0,52.1,25.01,12,1.4,12,2024
2024-12-12,Mumbai,19.076,72.8777,159.3,85.8,136.2,39.5,15.4,7.55,12,1.4,12,2024
2024-12-12,Chennai,13.0827,80.2707,117.9,68.2,105.8,29.0,12.3,5.69,12,1.4,12,2024
2024-12-12,Kolkata,22.5726,88.3639,230.3,142.1,212.1,57.4,25.4,11.6,12,1.4,12,2024
2024-12-12,Bengaluru,12.9716,77.5946,135.2,80.8,123.0,30.1,9.8,7.04,12,1.4,12,2024
2024-12-12,Hyderabad,17.385,78.4867,197.2,113.3,186.1,42.7,18.6,11.57,12,1.4,12,2024
2024-12-12,Puducherry,11.9416,79.8083,112.1,65.7,102.9,32.8,8.3,6.92,12,1.4,12,2024
2024-12-12,Lucknow,26.8467,80.9462,276.1,169.2,243.6,75.8,27.5,12.48,12,1.4,12,2024
2024-12-12,Patna,25.5941,85.1376,368.9,227.8,341.5,92.6,38.5,18.02,12,1.4,12,2024
2024-12-12,Ahmedabad,23.0225,72.5714,250.6,152.2,202.4,58.6,25.5,12.69,12,1.4,12,2024
2024-12-13,Delhi,28.6139,77.209,389.7,234.3,360.4,98.8,34.3,21.43,12,1.4,12,2024
2024-12-13,Mumbai,19.076,72.8777,119.7,76.6,95.2,35.6,11.4,6.37,12,1.4,12,2024
2024-12-13,Chennai,13.0827,80.2707,76.3,49.4,72.0,21.5,9.5,3.99,12,1.4,12,2024
2024-12-13,Kolkata,22.5726,88.3639,241.5,140.8,213.8,65.2,22.5,10.23,12,1.4,12,2024
2024-12-13,Bengaluru,12.9716,77.5946,110.4,69.3,96.9,30.0,7.0,2.54,12,1.4,12,2024
2024-12-13,Hyderabad,17.385,78.4867,177.2,111.3,145.8,46.4,20.1,8.86,12,1.4,12,2024
2024-12-13,Puducherry,11.9416,79.8083,123.0,74.8,108.6,34.0,16.1,5.59,12,1.4,12,2024
2024-12-13,Lucknow,26.8467,80.9462,302.3,176.4,273.3,74.9,32.5,16.53,12,1.4,12,2024
2024-12-13,Patna,25.5941,85.1376,391.2,240.0,346.4,94.0,40.0,19.58,12,1.4,12,2024
2024-12-13,Ahmedabad,23.0225,72.5714,314.0,178.8,287.6,80.9,29.9,14.73,12,1.4,12,2024
2024-12-14,Delhi,28.6139,77.209,364.9,210.7,340.1,102.0,35.8,17.61,12,1.4,12,2024
2024-12-14,Mumbai,19.076,72.8777,143.6,80.7,124.5,40.7,20.7,6.46,12,1.4,12,2024
2024-12-14,Chennai,13.0827,80.2707,103.4,56.2,96.7,27.2,10.5,4.73,12,1.4,12,2024
2024-12-14,Kolkata,22.5726,88.3639,320.0,195.8,293.8,81.5,31.6,15.28,12,1.4,12,2024
2024-12-14,Bengaluru,12.9716,77.5946,155.6,95.5,144.6,32.6,16.2,7.47,12,1.4,12,2024
2024-12-14,Hyderabad,17.385,78.4867,137.2,86.0,124.9,43.7,14.7,6.56,12,1.4,12,2024
2024-12-14,Puducherry,11.9416,79.8083,102.8,55.8,102.4,27.0,10.9,4.08,12,1.4,12,2024
2024-12-14,Lucknow,26.8467,80.9462,358.6,210.5,318.3,90.2,34.7,17.14,12,1.4,12,2024
2024-12-14,Patna,25.5941,85.1376,332.5,204.6,306.4,86.0,34.2,16.15,12,1.4,12,2024
2024-12-14,Ahmedabad,23.0225,72.5714,274.4,156.0,250.4,72.0,27.3,13.0,12,1.4,12,2024
2024-12-15,Delhi,28.6139,77.209,389.0,229.6,354.2,101.0,39.8,19.84,12,1.4,12,2024
2024-12-15,Mumbai,19.076,72.8777,226.4,140.2,197.5,50.4,23.2,12.24,12,1.4,12,2024
2024-12-15,Chennai,13.0827,80.2707,86.5,52.2,86.9,21.2,11.7,5.66,12,1.4,12,2024
2024-12-15,Kolkata,22.5726,88.3639,242.9,143.9,215.8,61.3,21.9,10.79,12,1.4,12,2024
2024-12-15,Bengaluru,12.9716,77.5946,71.9,43.0,81.0,10.0,6.8,3.38,12,1.4,12,2024
2024-12-15,Hyderabad,17.385,78.4867,162.7,103.9,139.3,32.9,15.2,7.47,12,1.4,12,2024
2024-12-15,Puducherry,11.9416,79.8083,60.4,37.5,44.9,14.8,5.3,1.95,12,1.4,12,2024
2024-12-15,Lucknow,26.8467,80.9462,365.9,218.1,329.7,93.8,37.2,18.44,12,1.4,12,2024
2024-12-15,Patna,25.5941,85.1376,278.3,161.4,251.7,65.7,29.4,13.79,12,1.4,12,2024
2024-12-15,Ahmedabad,23.0225,72.5714,253.2,147.0,218.8,70.0,25.0,13.57,12,1.4,12,2024
2024-12-16,Delhi,28.6139,77.209,279.0,166.0,261.5,63.5,32.5,14.15,12,1.4,12,2024
2024-12-16,Mumbai,19.076,72.8777,163.2,99.7,155.8,37.5,15.0,8.41,12,1.4,12,2024
2024-12-16,Chennai,13.0827,80.2707,137.6,81.6,127.1,37.8,14.1,6.19,12,1.4,12,2024
2024-12-16,Kolkata,22.5726,88.3639,251.0,159.4,228.6,67.7,24.1,12.81,12,1.4,12,2024
2024-12-16,Bengaluru,12.9716,77.5946,163.8,105.8,157.2,36.5,18.7,9.88,12,1.4,12,2024
2024-12-16,Hyderabad,17.385,78.4867,147.9,84.3,132.9,37.7,14.1,6.21,12,1.4,12,2024
2024-12-16,Puducherry,11.9416,79.8083,134.4,76.3,116.9,34.0,10.5,5.17,12,1.4,12,2024
2024-12-16,Lucknow,26.8467,80.9462,279.9,172.1,253.4,61.7,30.8,14.79,12,1.4,12,2024
2024-12-16,Patna,25.5941,85.1376,349.4,210.5,319.8,96.7,36.7,17.77,12,1.4,12,2024
2024-12-16,Ahmedabad,23.0225,72.5714,168.8,102.1,158.1,41.7,15.8,8.99,12,1.4,12,2024
2024-12-17,Delhi,28.6139,77.209,313.0,192.1,278.2,69.8,30.4,15.59,12,1.4,12,2024
2024-12-17,Mumbai,19.076,72.8777,218.1,133.0,186.0,55.0,20.7,10.54,12,1.4,12,2024
2024-12-17,Chennai,13.0827,80.2707,101.0,60.3,116.0,32.7,8.1,5.12,12,1.4,12,2024
2024-12-17,Kolkata,22.5726,88.3639,236.3,142.5,220.0,58.6,22.2,12.97,12,1.4,12,2024
2024-12-17,Bengaluru,12.9716,77.5946,103.0,62.7,80.8,21.6,11.8,4.47,12,1.4,12,2024
2024-12-17,Hyderabad,17.385,78.4867,102.3,57.8,85.4,20.5,11.3,3.57,12,1.4,12,2024
2024-12-17,Puducherry,11.9416,79.8083,93.2,56.6,81.1,21.7,7.9,3.44,12,1.4,12,2024
2024-12-17,Lucknow,26.8467,80.9462,266.6,163.2,236.5,67.3,28.9,13.93,12,1.4,12,2024
2024-12-17,Patna,25.5941,85.1376,246.7,150.3,230.4,59.3,21.5,11.89,12,1.4,12,2024
2024-12-17,Ahmedabad,23.0225,72.5714,232.5,142.5,205.1,50.0,20.7,11.98,12,1.4,12,2024
2024-12-18,Delhi,28.6139,77.209,551.3,330.7,506.7,133.6,53.8,25.22,12,1.4,12,2024
2024-12-18,Mumbai,19.076,72.8777,210.8,122.0,194.5,50.7,25.1,12.33,12,1.4,12,2024
2024-12-18,Chennai,13.0827,80.2707,68.4,44.0,55.6,19.7,4.2,4.86,12,1.4,12,2024
2024-12-18,Kolkata,22.5726,88.3639,303.5,175.0,271.7,76.5,31.8,15.16,12,1.4,12,2024
2024-12-18,Bengaluru,12.9716,77.5946,163.6,97.8,152.1,35.4,16.3,9.33,12,1.4,12,2024
2024-12-18,Hyderabad,17.385,78.4867,217.4,131.3,194.9,59.8,21.5,12.01,12,1.4,12,2024
2024-12-18,Puducherry,11.9416,79.8083,102.9,61.9,83.8,20.7,12.2,6.87,12,1.4,12,2024
2024-12-18,Lucknow,26.8467,80.9462,314.9,188.1,291.6,80.1,26.7,16.74,12,1.4,12,2024
2024-12-18,Patna,25.5941,85.1376,242.4,145.4,214.6,58.0,24.3,13.01,12,1.4,12,2024
2024-12-18,Ahmedabad,23.0225,72.5714,225.4,142.3,215.1,62.4,22.4,10.79,12,1.4,12,2024
2024-12-19,Delhi,28.6139,77.209,389.3,239.2,358.9,86.9,39.5,17.1,12,1.4,12,2024
2024-12-19,Mumbai,19.076,72.8777,195.2,114.5,169.0,52.2,18.2,9.75,12,1.4,12,2024
2024-12-19,Chennai,13.0827,80.2707,102.7,62.0,100.1,22.2,11.5,5.19,12,1.4,12,2024
2024-12-19,Kolkata,22.5726,88.3639,254.4,150.9,235.1,66.3,25.2,12.92,12,1.4,12,2024
2024-12-19,Bengaluru,12.9716,77.5946,162.3,100.1,143.6,45.2,18.0,10.23,12,1.4,12,2024
2024-12-19,Hyderabad,17.385,78.4867,113.1,71.4,111.0,32.3,10.8,4.29,12,1.4,12,2024
2024-12-19,Puducherry,11.9416,79.8083,135.8,79.1,119.9,42.2,11.0,7.61,12,1.4,12,2024
2024-12-19,Lucknow,26.8467,80.9462,259.0,151.5,234.4,67.5,27.8,14.03,12,1.4,12,2024
2024-12-19,Patna,25.5941,85.1376,286.5,166.2,255.1,73.0,28.2,10.69,12,1.4,12,2024
2024-12-19,Ahmedabad,23.0225,72.5714,141.8,83.9,134.5,31.8,15.6,5.59,12,1.4,12,2024
2024-12-20,Delhi,28.6139,77.209,412.4,248.8,374.9,99.1,38.1,21.35,12,1.4,12,2024
2024-12-20,Mumbai,19.076,72.8777,135.0,77.1,132.6,34.4,14.2,7.37,12,1.4,12,2024
2024-12-20,Chennai,13.0827,80.2707,140.7,84.3,119.4,45.9,13.5,7.37,12,1.4,12,2024
2024-12-20,Kolkata,22.5726,88.3639,274.0,161.7,243.2,74.5,25.9,14.11,12,1.4,12,2024
2024-12-20,Bengaluru,12.9716,77.5946,166.9,99.1,149.5,45.6,16.4,6.27,12,1.4,12,2024
2024-12-20,Hyderabad,17.385,78.4867,220.6,127.5,200.3,49.9,21.0,10.59,12,1.4,12,2024
2024-12-20,Puducherry,11.9416,79.8083,108.5,60.7,113.5,27.2,12.6,5.42,12,1.4,12,2024
2024-12-20,Lucknow,26.8467,80.9462,372.8,213.2,329.9,91.1,36.2,19.16,12,1.4,12,2024
2024-12-20,Patna,25.5941,85.1376,377.1,225.9,339.0,104.0,38.4,16.63,12,1.4,12,2024
2024-12-20,Ahmedabad,23.0225,72.5714,258.7,158.0,242.1,67.1,24.1,13.83,12,1.4,12,2024
2024-12-21,Delhi,28.6139,77.209,399.9,245.2,372.3,99.5,41.7,21.03,12,1.4,12,2024
2024-12-21,Mumbai,19.076,72.8777,202.3,131.2,190.4,48.2,20.8,10.98,12,1.4,12,2024
2024-12-21,Chennai,13.0827,80.2707,174.0,107.5,158.9,48.6,17.0,7.71,12,1.4,12,2024
2024-12-21,Kolkata,22.5726,88.3639,287.2,170.4,280.2,72.8,30.1,13.73,12,1.4,12,2024
2024-12-21,Bengaluru,12.9716,77.5946,177.9,106.6,159.1,44.1,15.2,8.64,12,1.4,12,2024
2024-12-21,Hyderabad,17.385,78.4867,187.1,104.5,176.6,45.7,19.2,7.12,12,1.4,12,2024
2024-12-21,Puducherry,11.9416,79.8083,109.5,60.5,95.7,21.1,9.2,5.31,12,1.4,12,2024
2024-12-21,Lucknow,26.8467,80.9462,290.3,178.6,246.3,72.4,28.8,14.06,12,1.4,12,2024
2024-12-21,Patna,25.5941,85.1376,272.1,168.8,261.3,61.2,25.4,12.6,12,1.4,12,2024
2024-12-21,Ahmedabad,23.0225,72.5714,211.3,133.1,194.4,52.2,21.2,10.25,12,1.4,12,2024
2024-12-22,Delhi,28.6139,77.209,451.1,275.0,410.7,104.0,45.1,22.37,12,1.4,12,2024
2024-12-22,Mumbai,19.076,72.8777,235.7,142.6,216.6,56.9,25.4,13.02,12,1.4,12,2024
2024-12-22,Chennai,13.0827,80.2707,85.3,44.7,82.9,20.6,10.6,4.51,12,1.4,12,2024
2024-12-22,Kolkata,22.5726,88.3639,286.6,168.2,260.7,73.0,27.3,15.33,12,1.4,12,2024
2024-12-22,Bengaluru,12.9716,77.5946,83.1,50.9,64.4,16.7,10.3,3.06,12,1.4,12,2024
2024-12-22,Hyderabad,17.385,78.4867,128.0,79.7,106.3,36.1,14.1,5.62,12,1.4,12,2024
2024-12-22,Puducherry,11.9416,79.8083,124.6,65.1,115.9,26.2,11.4,5.77,12,1.4,12,2024
2024-12-22,Lucknow,26.8467,80.9462,391.3,232.3,351.5,96.1,37.2,18.53,12,1.4,12,2024
2024-12-22,Patna,25.5941,85.1376,357.6,214.4,327.9,88.4,35.3,18.65,12,1.4,12,2024
2024-12-22,Ahmedabad,23.0225,72.5714,207.3,117.2,193.4,49.1,20.9,9.74,12,1.4,12,2024
2024-12-23,Delhi,28.6139,77.209,314.2,179.0,285.5,65.0,34.0,16.74,12,1.4,12,2024
2024-12-23,Mumbai,19.076,72.8777,159.6,103.7,160.1,38.8,16.8,8.12,12,1.4,12,2024
2024-12-23,Chennai,13.0827,80.2707,163.8,91.3,145.6,44.6,18.0,8.15,12,1.4,12,2024
2024-12-23,Kolkata,22.5726,88.3639,321.6,194.1,290.3,83.2,32.0,16.13,12,1.4,12,2024
2024-12-23,Bengaluru,12.9716,77.5946,116.4,84.5,101.0,32.0,15.5,4.48,12,1.4,12,2024
2024-12-23,Hyderabad,17.385,78.4867,189.4,113.8,184.8,43.7,17.4,9.42,12,1.4,12,2024
2024-12-23,Puducherry,11.9416,79.8083,95.1,54.8,101.8,24.3,7.9,4.36,12,1.4,12,2024
2024-12-23,Lucknow,26.8467,80.9462,334.3,202.3,296.3,77.1,33.3,16.64,12,1.4,12,2024
2024-12-23,Patna,25.5941,85.1376,290.8,180.9,266.3,73.2,28.4,16.27,12,1.4,12,2024
2024-12-23,Ahmedabad,23.0225,72.5714,172.0,100.7,151.2,44.2,18.5,7.26,12,1.4,12,2024
2024-12-24,Delhi,28.6139,77.209,337.2,204.6,298.2,82.7,34.1,15.88,12,1.4,12,2024
2024-12-24,Mumbai,19.076,72.8777,207.1,127.3,186.7,57.5,22.2,10.31,12,1.4,12,2024
2024-12-24,Chennai,13.0827,80.2707,118.0,79.6,100.9,28.4,11.0,6.3,12,1.4,12,2024
2024-12-24,Kolkata,22.5726,88.3639,364.8,220.1,325.7,92.0,33.9,18.05,12,1.4,12,2024
2024-12-24,Bengaluru,12.9716,77.5946,191.1,118.0,181.8,51.8,17.7,11.47,12,1.4,12,2024
2024-12-24,Hyderabad,17.385,78.4867,105.8,65.1,78.7,19.6,12.5,4.6,12,1.4,12,2024
2024-12-24,Puducherry,11.9416,79.8083,129.9,67.1,116.2,27.6,12.3,8.04,12,1.4,12,2024
2024-12-24,Lucknow,26.8467,80.9462,424.5,257.3,369.3,101.3,42.8,20.42,12,1.4,12,2024
2024-12-24,Patna,25.5941,85.1376,382.1,237.6,336.0,91.9,35.8,18.85,12,1.4,12,2024
2024-12-24,Ahmedabad,23.0225,72.5714,226.4,135.9,210.9,58.2,22.5,11.36,12,1.4,12,2024
2024-12-25,Delhi,28.6139,77.209,398.8,239.0,353.5,94.9,40.2,19.44,12,1.4,12,2024
2024-12-25,Mumbai,19.076,72.8777,217.0,130.6,195.4,58.2,18.9,12.62,12,1.4,12,2024
2024-12-25,Chennai,13.0827,80.2707,71.4,50.1,65.9,15.8,4.2,2.97,12,1.4,12,2024
2024-12-25,Kolkata,22.5726,88.3639,243.8,147.3,231.0,61.2,25.0,12.54,12,1.4,12,2024
2024-12-25,Bengaluru,12.9716,77.5946,130.2,77.2,116.3,35.1,11.2,6.0,12,1.4,12,2024
2024-12-25,Hyderabad,17.385,78.4867,180.5,102.9,163.4,42.9,19.1,10.4,12,1.4,12,2024
2024-12-25,Puducherry,11.9416,79.8083,94.1,60.2,86.3,22.0,9.4,6.0,12,1.4,12,2024
2024-12-25,Lucknow,26.8467,80.9462,296.8,184.6,266.2,68.6,29.4,13.35,12,1.4,12,2024
2024-12-25,Patna,25.5941,85.1376,313.8,186.5,297.0,84.9,31.6,16.9,12,1.4,12,2024
2024-12-25,Ahmedabad,23.0225,72.5714,206.1,116.5,189.7,53.0,18.7,9.41,12,1.4,12,2024
2024-12-26,Delhi,28.6139,77.209,467.2,271.9,424.9,115.5,47.8,24.35,12,1.4,12,2024
2024-12-26,Mumbai,19.076,72.8777,161.0,90.9,156.6,40.0,16.8,8.96,12,1.4,12,2024
2024-12-26,Chennai,13.0827,80.2707,102.0,65.7,96.9,31.4,13.1,5.16,12,1.4,12,2024
2024-12-26,Kolkata,22.5726,88.3639,289.7,174.0,261.9,67.9,28.5,12.69,12,1.4,12,2024
2024-12-26,Bengaluru,12.9716,77.5946,135.9,88.1,128.5,34.4,13.2,6.25,12,1.4,12,2024
2024-12-26,Hyderabad,17.385,78.4867,135.9,85.6,110.0,27.7,15.4,7.0,12,1.4,12,2024
2024-12-26,Puducherry,11.9416,79.8083,105.9,64.6,111.4,26.7,11.2,7.35,12,1.4,12,2024
2024-12-26,Lucknow,26.8467,80.9462,303.9,191.0,256.7,71.3,29.1,15.78,12,1.4,12,2024
2024-12-26,Patna,25.5941,85.1376,460.2,273.2,422.0,124.0,49.1,22.61,12,1.4,12,2024
2024-12-26,Ahmedabad,23.0225,72.5714,263.1,159.6,231.5,67.5,25.4,13.28,12,1.4,12,2024
2024-12-27,Delhi,28.6139,77.209,281.7,160.2,251.2,71.7,25.9,14.61,12,1.4,12,2024
2024-12-27,Mumbai,19.076,72.8777,197.7,121.9,185.5,54.8,21.0,9.59,12,1.4,12,2024
2024-12-27,Chennai,13.0827,80.2707,130.7,90.1,125.5,33.0,12.8,5.94,12,1.4,12,2024
2024-12-27,Kolkata,22.5726,88.3639,192.6,124.1,177.2,43.1,19.0,10.9,12,1.4,12,2024
2024-12-27,Bengaluru,12.9716,77.5946,126.6,71.9,116.8,34.3,11.8,5.73,12,1.4,12,2024
2024-12-27,Hyderabad,17.385,78.4867,184.1,104.8,161.4,45.5,19.9,8.78,12,1.4,12,2024
2024-12-27,Puducherry,11.9416,79.8083,116.3,75.6,100.6,42.0,14.5,6.09,12,1.4,12,2024
2024-12-27,Lucknow,26.8467,80.9462,296.2,174.9,279.9,74.9,26.7,13.1,12,1.4,12,2024
2024-12-27,Patna,25.5941,85.1376,343.9,207.0,302.2,79.9,30.5,16.44,12,1.4,12,2024
2024-12-27,Ahmedabad,23.0225,72.5714,207.7,128.1,185.9,56.2,22.0,10.9,12,1.4,12,2024
2024-12-28,Delhi,28.6139,77.209,470.3,275.2,419.0,127.2,43.2,23.22,12,1.4,12,2024
2024-12-28,Mumbai,19.076,72.8777,215.0,119.6,187.5,61.7,21.8,10.18,12,1.4,12,2024
2024-12-28,Chennai,13.0827,80.2707,131.3,75.9,131.9,28.9,12.1,5.07,12,1.4,12,2024
2024-12-28,Kolkata,22.5726,88.3639,237.2,141.4,223.0,55.2,24.7,11.95,12,1.4,12,2024
2024-12-28,Bengaluru,12.9716,77.5946,83.2,46.3,68.8,27.5,9.4,4.3,12,1.4,12,2024
2024-12-28,Hyderabad,17.385,78.4867,17.7,1.1,21.8,7.6,0.3,0.91,12,1.4,12,2024
2024-12-28,Puducherry,11.9416,79.8083,104.1,63.3,90.7,29.3,12.6,4.25,12,1.4,12,2024
2024-12-28,Lucknow,26.8467,80.9462,230.4,134.3,207.7,59.0,24.6,12.49,12,1.4,12,2024
2024-12-28,Patna,25.5941,85.1376,361.4,218.0,338.5,90.4,37.3,18.39,12,1.4,12,2024
2024-12-28,Ahmedabad,23.0225,72.5714,216.2,128.9,205.2,53.7,20.9,10.07,12,1.4,12,2024
2024-12-29,Delhi,28.6139,77.209,425.8,252.9,385.9,107.2,41.7,19.89,12,1.4,12,2024
2024-12-29,Mumbai,19.076,72.8777,154.8,88.5,131.3,40.5,19.7,7.23,12,1.4,12,2024
2024-12-29,Chennai,13.0827,80.2707,116.4,66.9,111.6,30.8,11.6,4.61,12,1.4,12,2024
2024-12-29,Kolkata,22.5726,88.3639,203.6,123.0,185.0,50.8,21.7,8.96,12,1.4,12,2024
2024-12-29,Bengaluru,12.9716,77.5946,149.1,90.7,126.5,34.9,16.3,6.32,12,1.4,12,2024
2024-12-29,Hyderabad,17.385,78.4867,254.2,155.3,228.3,62.5,27.0,12.3,12,1.4,12,2024
2024-12-29,Puducherry,11.9416,79.8083,97.6,65.8,84.1,24.9,8.2,5.14,12,1.4,12,2024
2024-12-29,Lucknow,26.8467,80.9462,345.7,215.8,303.6,80.6,34.0,16.67,12,1.4,12,2024
2024-12-29,Patna,25.5941,85.1376,334.9,203.5,319.5,81.9,29.1,16.51,12,1.4,12,2024
2024-12-29,Ahmedabad,23.0225,72.5714,239.8,139.0,217.7,60.5,24.5,12.78,12,1.4,12,2024
2024-12-30,Delhi,28.6139,77.209,385.4,234.0,332.5,92.5,37.9,18.26,12,1.4,12,2024
2024-12-30,Mumbai,19.076,72.8777,196.3,116.1,173.0,52.6,19.8,8.73,12,1.4,12,2024
2024-12-30,Chennai,13.0827,80.2707,110.9,70.3,101.4,32.5,12.8,5.16,12,1.4,12,2024
2024-12-30,Kolkata,22.5726,88.3639,323.8,201.9,277.1,81.1,31.3,15.93,12,1.4,12,2024
2024-12-30,Bengaluru,12.9716,77.5946,115.5,64.6,111.2,24.2,11.7,4.43,12,1.4,12,2024
2024-12-30,Hyderabad,17.385,78.4867,212.4,127.6,197.1,53.9,20.7,10.69,12,1.4,12,2024
2024-12-30,Puducherry,11.9416,79.8083,135.1,76.6,101.2,30.6,11.1,7.72,12,1.4,12,2024
2024-12-30,Lucknow,26.8467,80.9462,296.6,182.1,267.2,74.2,30.0,16.31,12,1.4,12,2024
2024-12-30,Patna,25.5941,85.1376,349.1,215.0,322.6,86.6,34.8,17.08,12,1.4,12,2024
2024-12-30,Ahmedabad,23.0225,72.5714,281.7,164.3,247.7,69.3,25.9,13.49,12,1.4,12,2024
2024-12-31,Delhi,28.6139,77.209,482.9,293.0,431.2,123.9,52.5,24.46,12,1.4,12,2024
2024-12-31,Mumbai,19.076,72.8777,252.8,155.9,225.2,64.0,26.3,11.9,12,1.4,12,2024
2024-12-31,Chennai,13.0827,80.2707,60.8,32.3,37.5,12.2,2.7,3.92,12,1.4,12,2024
2024-12-31,Kolkata,22.5726,88.3639,192.9,118.5,179.7,51.0,15.6,10.77,12,1.4,12,2024
2024-12-31,Bengaluru,12.9716,77.5946,152.6,95.6,152.0,41.3,12.9,8.28,12,1.4,12,2024
2024-12-31,Hyderabad,17.385,78.4867,115.4,68.9,99.8,28.9,8.5,4.38,12,1.4,12,2024
2024-12-31,Puducherry,11.9416,79.8083,96.0,56.5,83.0,29.8,10.4,5.2,12,1.4,12,2024
2024-12-31,Lucknow,26.8467,80.9462,283.1,162.9,254.8,78.0,28.8,15.27,12,1.4,12,2024
2024-12-31,Patna,25.5941,85.1376,422.8,256.5,382.3,101.7,41.9,20.78,12,1.4,12,2024
2024-12-31,Ahmedabad,23.0225,72.5714,238.8,136.2,210.6,61.3,22.5,11.02,12,1.4,12,2024
