City,Date,AQI_avg,PM2.5,PM10,NO2,SO2,CO
Ahmedabad,2024-01-01,118.17,31.76,118.45,7.83,2.16,0.72
Ahmedabad,2024-01-02,103.46,25.44,94.65,7.81,2.61,0.49
Ahmedabad,2024-01-03,90.12,37.52,99.36,7.78,2.0,0.42
Ahmedabad,2024-01-04,106.08,47.59,119.13,7.81,2.27,0.57
Ahmedabad,2024-01-05,123.13,52.8,122.17,7.8,1.83,0.43
Ahmedabad,2024-01-06,101.5,45.9,106.29,7.79,2.78,0.58
Ahmedabad,2024-01-07,101.75,47.46,103.4,7.79,2.77,1.01
Ahmedabad,2024-01-08,101.83,56.61,100.87,7.8,3.11,1.03
Ahmedabad,2024-01-09,122.21,64.67,100.25,7.8,4.29,1.28
Ahmedabad,2024-01-10,108.57,57.42,96.19,7.78,4.28,1.38
Ahmedabad,2024-01-11,89.54,40.27,79.75,10.04,4.87,1.26
Ahmedabad,2024-01-12,87.25,46.87,91.11,12.35,5.05,1.28
Ahmedabad,2024-01-13,116.12,76.58,96.91,12.36,3.95,1.19
Ahmedabad,2024-01-14,130.13,43.59,82.2,12.36,4.2,0.92
Ahmedabad,2024-01-15,72.33,38.17,77.49,10.77,4.49,1.0
Ahmedabad,2024-01-16,96.29,47.57,99.45,10.15,4.7,1.12
Ahmedabad,2024-01-17,114.67,83.91,151.35,11.37,4.22,1.11
Ahmedabad,2024-01-18,157.92,67.68,125.72,11.36,3.56,1.15
Ahmedabad,2024-01-19,137.88,66.67,116.33,11.36,3.95,0.92
Ahmedabad,2024-01-20,124.64,60.63,97.29,11.38,3.8,0.9
Ahmedabad,2024-01-21,108.21,,91.93,11.37,5.07,1.19
Ahmedabad,2024-01-22,155.88,,105.3,11.38,5.12,1.06
Ahmedabad,2024-01-23,180.25,94.2,123.47,11.36,5.35,1.04
Ahmedabad,2024-01-24,212.33,85.65,113.1,11.38,9.56,1.09
Ahmedabad,2024-01-25,165.61,75.13,105.94,12.75,6.04,0.68
Ahmedabad,2024-01-26,146.88,60.9,85.02,14.97,8.78,0.8
Ahmedabad,2024-01-27,118.83,61.73,94.59,13.75,12.58,0.89
Ahmedabad,2024-01-28,136.71,74.73,111.71,9.86,19.02,1.27
Ahmedabad,2024-01-29,155.54,72.45,108.7,10.64,18.94,1.1
Ahmedabad,2024-01-30,134.04,66.89,113.5,12.09,18.53,0.96
Ahmedabad,2024-02-02,128.92,74.81,114.62,11.26,18.11,1.3
Ahmedabad,2024-02-03,162.42,78.92,119.06,10.98,18.67,1.1
Ahmedabad,2024-02-04,182.83,91.39,129.08,11.18,19.0,0.91
Ahmedabad,2024-02-05,122.0,49.55,68.24,13.29,17.96,0.59
Ahmedabad,2024-02-06,89.96,51.6,80.31,11.56,17.91,0.63
Ahmedabad,2024-02-07,88.5,50.53,81.55,12.68,17.96,0.48
Ahmedabad,2024-02-08,81.12,49.96,75.0,17.29,18.11,0.24
Ahmedabad,2024-02-09,104.75,55.66,82.51,17.21,18.99,0.42
Ahmedabad,2024-02-10,110.46,50.1,110.43,13.97,3.98,0.08
Ahmedabad,2024-02-11,109.92,24.44,119.91,1.51,2.89,0.01
Ahmedabad,2024-02-12,117.0,23.35,135.55,1.73,2.82,0.07
Ahmedabad,2024-02-13,133.25,35.93,151.44,1.65,2.92,0.0
Ahmedabad,2024-02-14,130.71,49.89,141.99,2.15,3.43,0.0
Ahmedabad,2024-02-15,130.64,50.73,145.2,2.77,4.91,0.0
Ahmedabad,2024-02-16,143.0,52.12,165.78,12.88,2.0,0.2
Ahmedabad,2024-02-17,142.71,45.16,150.73,13.22,2.0,0.28
Ahmedabad,2024-02-18,145.26,48.86,154.67,14.15,2.44,0.44
Ahmedabad,2024-02-19,98.08,25.81,71.8,12.79,3.9,0.06
Ahmedabad,2024-02-20,84.29,38.03,96.89,12.63,2.17,0.12
Ahmedabad,2024-02-21,94.25,30.39,81.01,12.64,1.95,0.01
Ahmedabad,2024-02-22,81.83,33.15,89.98,13.67,1.85,0.0
Ahmedabad,2024-02-23,111.29,55.11,147.43,13.14,2.04,0.22
Ahmedabad,2024-02-24,134.77,52.64,145.53,12.8,2.59,0.18
Ahmedabad,2024-02-26,119.45,50.11,139.85,14.43,2.0,0.24
Ahmedabad,2024-02-27,137.29,50.41,142.81,12.65,2.01,0.18
Ahmedabad,2024-02-28,126.96,44.08,127.15,15.45,2.0,0.23
Ahmedabad,2024-02-29,128.0,55.49,148.64,12.58,2.26,0.33
Ahmedabad,2024-03-01,153.33,88.01,151.01,14.08,4.1,0.24
Ahmedabad,2024-03-02,197.88,81.02,108.0,14.8,8.59,0.0
Ahmedabad,2024-03-03,126.83,44.09,62.98,12.76,4.98,0.0
Ahmedabad,2024-03-04,136.21,92.36,149.6,12.56,5.39,0.07
Ahmedabad,2024-03-05,192.38,84.88,145.9,12.73,5.1,0.03
Ahmedabad,2024-03-06,208.23,101.67,187.47,13.93,5.22,0.02
Ahmedabad,2024-03-08,173.24,63.68,141.63,12.6,5.41,0.37
Ahmedabad,2024-03-09,106.62,53.49,113.1,12.74,5.83,0.28
Ahmedabad,2024-03-10,114.88,60.67,129.09,12.54,5.6,0.32
Ahmedabad,2024-03-11,142.0,71.27,147.0,12.7,5.8,0.2
Ahmedabad,2024-03-12,89.0,38.12,70.81,12.59,5.0,0.19
Ahmedabad,2024-03-13,83.04,43.23,90.36,12.4,5.79,0.08
Ahmedabad,2024-03-14,100.26,67.47,135.96,12.88,5.34,0.03
Ahmedabad,2024-03-15,155.75,82.12,156.36,12.62,5.84,0.29
Ahmedabad,2024-03-16,193.58,81.9,162.27,12.73,2.11,0.64
Ahmedabad,2024-03-17,139.71,63.96,120.77,12.45,1.58,0.09
Ahmedabad,2024-03-18,87.58,38.96,80.79,12.52,1.35,0.12
Ahmedabad,2024-03-19,104.29,56.21,127.37,12.9,1.87,0.26
Ahmedabad,2024-03-20,108.33,46.65,107.43,12.66,2.13,0.22
Ahmedabad,2024-03-21,106.64,54.99,131.97,12.77,3.87,0.31
Ahmedabad,2024-03-22,130.67,47.1,119.35,12.87,8.15,0.55
Ahmedabad,2024-03-23,98.25,34.66,95.83,12.64,8.24,0.03
Ahmedabad,2024-03-24,85.88,32.75,84.16,12.63,8.19,0.35
Ahmedabad,2024-03-25,88.29,41.71,87.82,12.87,8.17,0.34
Ahmedabad,2024-03-26,86.25,47.46,91.31,12.87,7.27,0.16
Ahmedabad,2024-03-27,88.0,45.53,83.13,12.64,5.91,0.47
Ahmedabad,2024-03-28,88.63,39.44,85.02,13.03,5.81,0.23
Ahmedabad,2024-03-29,83.64,40.23,87.66,12.77,6.45,0.06
Ahmedabad,2024-03-30,79.25,34.95,70.01,12.96,5.11,0.11
Ahmedabad,2024-03-31,68.21,34.59,71.43,12.6,5.02,0.16
Ahmedabad,2024-04-01,94.21,55.98,127.52,13.0,11.64,0.22
Ahmedabad,2024-04-02,107.58,46.89,98.78,12.5,10.71,0.04
Ahmedabad,2024-04-03,88.96,34.65,73.7,12.8,10.37,0.09
Ahmedabad,2024-04-04,65.0,30.0,59.67,12.62,6.08,0.33
Ahmedabad,2024-04-06,136.0,62.03,100.12,12.8,7.31,0.0
Ahmedabad,2024-04-07,94.96,46.07,88.31,12.71,7.69,0.14
Ahmedabad,2024-04-08,108.25,61.99,130.43,12.52,6.56,0.15
Ahmedabad,2024-04-09,153.04,74.83,191.43,12.68,11.4,0.67
Ahmedabad,2024-04-10,158.92,58.48,154.02,12.89,9.77,0.1
Ahmedabad,2024-04-11,133.71,49.17,143.17,13.08,9.67,0.47
Ahmedabad,2024-04-12,145.17,25.71,106.75,13.24,12.4,5.66
Ahmedabad,2024-04-13,102.71,26.75,116.02,12.86,,
Ahmedabad,2024-04-14,112.05,32.49,112.79,12.69,,
Ahmedabad,2024-04-17,97.29,26.83,109.78,12.28,3.74,1.12
Ahmedabad,2024-04-18,110.08,26.43,102.63,12.52,3.64,0.68
Ahmedabad,2024-04-19,99.25,38.95,134.02,12.43,3.11,0.0
Ahmedabad,2024-04-20,113.04,34.15,83.43,12.25,3.79,0.0
Ahmedabad,2024-04-21,80.21,25.35,80.19,12.68,2.87,0.0
Ahmedabad,2024-04-22,77.21,29.15,79.82,13.3,4.66,0.0
Ahmedabad,2024-04-23,87.21,38.47,97.09,14.77,3.94,0.33
Ahmedabad,2024-04-24,119.71,74.69,121.11,17.13,5.05,0.45
Ahmedabad,2024-04-25,167.83,79.28,119.04,17.09,5.31,0.27
Ahmedabad,2024-04-26,146.65,68.09,97.66,17.69,4.53,0.24
Ahmedabad,2024-04-27,163.12,90.18,134.11,17.79,4.25,0.32
Ahmedabad,2024-04-28,214.04,86.83,131.05,17.13,8.91,0.33
Ahmedabad,2024-04-29,145.42,72.8,105.34,18.34,4.34,0.0
Ahmedabad,2024-05-03,126.32,68.18,146.07,16.03,8.18,0.65
Ahmedabad,2024-05-04,150.0,,160.33,15.92,5.44,0.41
Ahmedabad,2024-05-05,110.96,,88.89,15.66,2.69,0.74
Ahmedabad,2024-05-06,89.17,,98.43,15.89,2.99,0.84
Ahmedabad,2024-05-07,108.12,,123.42,15.85,1.56,0.96
Ahmedabad,2024-05-08,114.79,,111.91,19.51,5.93,0.8
Ahmedabad,2024-05-09,105.12,,112.86,29.82,13.24,0.37
Ahmedabad,2024-05-10,104.46,35.0,102.93,29.72,5.26,1.0
Ahmedabad,2024-05-11,97.0,,94.94,29.76,4.8,1.07
Ahmedabad,2024-05-12,104.79,,116.06,29.21,4.62,1.0
Ahmedabad,2024-05-13,105.43,56.15,115.74,29.53,5.69,0.69
Ahmedabad,2024-05-15,156.4,65.35,183.78,29.68,7.73,1.23
Ahmedabad,2024-05-16,137.74,53.15,134.8,28.28,5.15,0.39
Ahmedabad,2024-05-18,216.11,93.45,133.6,29.06,8.66,0.17
Ahmedabad,2024-05-19,135.68,36.41,143.31,29.71,11.1,0.0
Ahmedabad,2024-05-20,103.88,38.34,102.55,28.97,6.05,0.0
Ahmedabad,2024-05-21,128.58,76.78,121.73,29.8,6.57,0.15
Ahmedabad,2024-05-22,181.58,87.57,132.78,29.09,7.25,0.12
Ahmedabad,2024-05-23,169.04,77.73,138.41,29.24,7.45,0.0
Ahmedabad,2024-05-24,183.29,82.99,133.53,28.93,8.61,0.0
Ahmedabad,2024-05-25,130.13,59.88,111.22,29.2,6.92,0.21
Ahmedabad,2024-05-26,110.39,58.98,119.47,29.53,5.5,0.09
Ahmedabad,2024-05-27,122.62,76.87,125.54,28.78,3.27,0.0
Ahmedabad,2024-05-28,166.5,91.52,117.66,28.08,2.84,0.0
Ahmedabad,2024-05-29,224.62,90.31,98.86,29.64,3.25,0.04
Ahmedabad,2024-05-30,202.0,,,29.63,3.05,0.0
Ahmedabad,2024-06-02,86.74,26.48,79.16,30.33,4.12,0.0
Ahmedabad,2024-06-03,91.38,33.68,113.71,30.02,4.1,0.0
Ahmedabad,2024-06-04,119.83,73.12,112.36,29.61,4.93,0.0
Ahmedabad,2024-06-05,126.83,44.45,103.36,29.77,5.97,0.0
Ahmedabad,2024-06-06,98.38,41.97,98.11,29.38,6.06,0.01
Ahmedabad,2024-06-07,97.71,38.09,105.21,29.29,5.51,0.0
Ahmedabad,2024-06-08,105.46,43.8,113.83,29.46,6.82,0.0
Ahmedabad,2024-06-09,108.83,68.8,115.48,29.01,5.83,0.0
Ahmedabad,2024-06-10,134.29,70.33,87.12,28.38,3.49,0.0
Ahmedabad,2024-06-11,127.83,44.11,67.61,28.75,3.71,0.02
Ahmedabad,2024-06-12,87.14,,,27.97,3.68,0.0
Ahmedabad,2024-06-14,69.32,42.77,60.24,15.06,9.33,0.0
Ahmedabad,2024-06-15,72.92,30.17,59.73,7.2,8.94,0.0
Ahmedabad,2024-06-18,71.65,21.45,65.2,19.58,13.07,0.04
Ahmedabad,2024-06-19,61.71,20.25,58.29,11.46,11.56,0.05
Ahmedabad,2024-06-24,75.0,26.83,75.23,22.2,22.5,0.13
Ahmedabad,2024-06-25,77.1,29.0,89.0,20.0,,0.0
Ahmedabad,2024-06-27,50.13,19.84,42.51,27.1,21.82,0.0
Ahmedabad,2024-06-30,43.13,18.46,38.7,21.23,21.34,0.0
Bengaluru,2024-01-01,92.67,58.8,93.5,8.64,4.6,0.81
Bengaluru,2024-01-02,111.21,64.08,102.53,8.46,5.48,0.84
Bengaluru,2024-01-03,117.71,62.07,109.0,8.26,4.68,0.65
Bengaluru,2024-01-04,109.33,61.81,116.03,8.7,5.11,0.88
Bengaluru,2024-01-05,96.17,45.52,82.31,8.32,4.52,0.77
Bengaluru,2024-01-06,81.96,39.08,76.77,8.41,4.81,0.86
Bengaluru,2024-01-07,74.04,33.98,72.26,8.61,4.98,0.71
Bengaluru,2024-01-08,67.46,29.02,58.66,8.33,5.26,0.91
Bengaluru,2024-01-09,64.92,37.37,83.12,8.55,5.09,0.89
Bengaluru,2024-01-10,85.91,42.3,86.13,8.49,4.87,0.81
Bengaluru,2024-01-11,98.54,56.97,98.71,8.31,5.15,0.87
Bengaluru,2024-01-12,110.75,58.23,102.17,8.53,5.27,0.82
Bengaluru,2024-01-13,133.58,76.46,125.75,8.47,5.54,0.91
Bengaluru,2024-01-14,165.61,79.63,153.56,8.57,4.34,1.15
Bengaluru,2024-01-15,164.38,74.76,131.68,8.6,5.09,0.92
Bengaluru,2024-01-16,139.61,76.81,129.04,8.52,5.15,0.66
Bengaluru,2024-01-17,109.86,61.39,107.34,8.52,4.71,0.58
Bengaluru,2024-01-18,103.29,61.48,103.54,8.38,5.06,0.73
Bengaluru,2024-01-19,110.12,52.43,110.25,8.6,4.79,0.69
Bengaluru,2024-01-20,105.09,51.75,99.91,8.49,4.11,0.59
Bengaluru,2024-01-21,97.25,54.45,109.67,8.34,4.54,0.66
Bengaluru,2024-01-22,97.04,49.35,90.21,8.39,4.71,0.68
Bengaluru,2024-01-23,92.08,52.66,91.75,8.44,5.51,0.79
Bengaluru,2024-01-24,90.21,54.11,91.12,8.47,5.21,0.75
Bengaluru,2024-01-25,108.09,66.58,95.93,8.37,5.68,0.82
Bengaluru,2024-01-26,115.12,51.68,78.99,8.4,5.54,0.8
Bengaluru,2024-01-27,86.42,43.39,79.18,8.51,5.52,0.8
Bengaluru,2024-01-28,77.0,43.22,75.91,8.43,5.26,0.76
Bengaluru,2024-01-29,90.38,61.34,98.0,8.44,5.3,0.76
Bengaluru,2024-01-30,124.79,73.02,137.94,8.4,5.33,0.77
Bengaluru,2024-01-31,154.5,66.0,140.43,8.62,5.74,0.83
Bengaluru,2024-02-01,106.38,41.72,91.3,8.21,4.81,0.02
Bengaluru,2024-02-02,85.96,33.32,83.4,8.17,4.62,0.0
Bengaluru,2024-02-03,86.83,36.29,91.05,7.99,4.94,0.0
Bengaluru,2024-02-04,95.83,38.21,95.46,7.88,4.49,0.0
Bengaluru,2024-02-05,93.08,37.7,94.29,8.02,4.88,0.0
Bengaluru,2024-02-06,98.92,43.93,109.6,7.99,4.47,0.0
Bengaluru,2024-02-07,111.08,132.79,114.99,8.04,5.54,0.03
Bengaluru,2024-02-08,141.5,67.92,124.44,8.01,4.26,0.0
Bengaluru,2024-02-09,171.33,67.13,96.2,8.1,4.42,0.0
Bengaluru,2024-02-10,124.12,57.6,95.49,7.99,4.69,0.0
Bengaluru,2024-02-11,102.0,60.08,96.07,7.92,4.36,0.0
Bengaluru,2024-02-12,117.96,66.04,106.99,8.01,4.93,0.0
Bengaluru,2024-02-13,108.12,45.23,81.12,8.07,4.53,0.0
Bengaluru,2024-02-14,85.46,55.28,83.54,8.07,4.63,0.0
Bengaluru,2024-02-15,96.25,51.36,92.63,8.02,5.09,0.03
Bengaluru,2024-02-16,90.71,48.48,84.51,8.02,4.85,0.0
Bengaluru,2024-02-17,93.67,59.95,95.24,8.11,4.53,0.0
Bengaluru,2024-02-18,131.09,65.52,111.26,7.94,4.26,0.0
Bengaluru,2024-02-19,128.91,56.25,91.43,7.98,3.83,0.0
Bengaluru,2024-02-21,101.2,75.78,110.79,8.21,4.07,0.0
Bengaluru,2024-02-22,130.75,79.15,112.83,8.3,3.7,0.0
Bengaluru,2024-02-23,111.42,43.61,109.0,8.39,3.44,0.0
Bengaluru,2024-02-24,102.12,68.44,86.76,7.75,3.62,0.0
Bengaluru,2024-02-25,130.08,207.17,79.94,7.78,4.27,0.0
Bengaluru,2024-02-26,156.14,24.95,62.41,8.01,3.77,0.0
Bengaluru,2024-02-27,71.12,32.11,80.31,7.85,3.37,0.0
Bengaluru,2024-02-28,81.58,33.23,82.89,8.24,3.7,0.0
Bengaluru,2024-02-29,87.67,35.75,89.48,8.03,3.65,0.0
Bengaluru,2024-03-01,83.79,32.21,80.41,7.98,3.74,0.0
Bengaluru,2024-03-02,82.71,97.81,86.12,8.04,3.62,0.0
Bengaluru,2024-03-03,108.5,48.29,120.85,8.25,5.95,0.29
Bengaluru,2024-03-04,100.12,76.46,105.33,8.08,4.81,0.0
Bengaluru,2024-03-05,134.42,68.42,94.22,8.14,4.2,0.0
Bengaluru,2024-03-06,139.62,76.37,109.74,8.22,5.19,0.07
Bengaluru,2024-03-07,163.83,80.55,114.92,7.98,5.28,0.07
Bengaluru,2024-03-08,188.09,79.49,105.4,8.11,5.97,0.17
Bengaluru,2024-03-09,140.71,67.2,89.1,8.08,5.16,0.0
Bengaluru,2024-03-10,144.92,71.87,87.97,8.03,5.08,0.04
Bengaluru,2024-03-11,131.0,66.26,91.6,7.73,5.89,0.17
Bengaluru,2024-03-12,124.5,70.22,100.59,8.02,5.48,0.02
Bengaluru,2024-03-13,144.87,77.36,125.28,8.01,5.21,0.09
Bengaluru,2024-03-14,146.13,67.47,108.92,8.43,3.97,0.0
Bengaluru,2024-03-15,125.25,50.79,82.32,7.82,4.33,0.0
Bengaluru,2024-03-18,118.8,63.0,106.74,8.22,5.21,0.0
Bengaluru,2024-03-19,118.85,59.15,100.45,8.38,3.02,0.0
Bengaluru,2024-03-21,107.29,44.06,90.26,7.05,4.4,0.0
Bengaluru,2024-03-24,146.5,59.63,158.23,6.0,5.0,0.0
Bengaluru,2024-03-25,129.12,57.68,137.98,7.89,3.49,0.0
Bengaluru,2024-03-26,123.58,61.14,130.82,8.05,4.62,0.0
Bengaluru,2024-03-27,111.83,54.9,96.51,7.58,5.25,0.18
Bengaluru,2024-03-28,105.92,63.1,95.65,7.71,4.53,0.02
Bengaluru,2024-03-29,117.82,62.15,87.52,8.46,4.36,0.0
Bengaluru,2024-03-30,106.92,55.01,93.6,8.36,4.68,0.0
Bengaluru,2024-03-31,95.83,55.55,84.54,7.66,4.52,0.06
Bengaluru,2024-04-01,83.29,51.2,88.17,8.14,4.85,0.11
Bengaluru,2024-04-02,98.42,54.43,84.31,8.1,4.34,0.0
Bengaluru,2024-04-03,93.67,50.99,79.51,8.11,3.52,0.0
Bengaluru,2024-04-04,82.67,43.33,66.65,7.65,4.55,0.0
Bengaluru,2024-04-05,76.96,51.45,79.52,8.28,4.89,0.14
Bengaluru,2024-04-06,101.92,59.03,97.15,8.27,6.04,0.51
Bengaluru,2024-04-07,92.42,52.19,79.13,8.0,6.04,0.34
Bengaluru,2024-04-08,97.42,58.51,83.55,8.0,5.65,0.06
Bengaluru,2024-04-09,102.29,49.19,78.42,8.0,5.75,0.27
Bengaluru,2024-04-10,112.21,64.93,103.35,7.87,5.28,0.2
Bengaluru,2024-04-11,91.38,41.71,65.51,8.0,5.71,0.37
Bengaluru,2024-04-12,62.46,35.14,63.74,8.0,6.52,0.54
Bengaluru,2024-04-13,61.79,38.54,57.89,8.0,5.34,0.0
Bengaluru,2024-04-14,69.5,45.71,69.37,8.0,5.42,0.0
Bengaluru,2024-04-15,77.12,39.62,69.93,8.0,5.73,0.04
Bengaluru,2024-04-16,68.33,42.56,74.62,8.0,5.69,0.05
Bengaluru,2024-04-17,83.04,57.35,88.47,8.0,5.79,0.14
Bengaluru,2024-04-18,123.12,64.49,90.04,8.0,4.97,0.0
Bengaluru,2024-04-19,101.58,58.08,85.87,8.0,5.19,0.08
Bengaluru,2024-04-20,102.12,53.12,101.64,7.99,5.18,0.0
Bengaluru,2024-04-21,111.58,59.04,99.0,8.0,4.09,0.0
Bengaluru,2024-04-22,95.54,52.34,76.65,7.99,5.27,0.0
Bengaluru,2024-04-23,93.67,50.62,75.71,7.99,4.84,0.0
Bengaluru,2024-04-24,82.08,46.42,72.68,7.99,4.99,0.08
Bengaluru,2024-04-25,86.17,56.98,85.4,7.95,4.86,0.4
Bengaluru,2024-04-26,107.0,60.99,81.95,7.99,5.47,0.11
Bengaluru,2024-04-27,116.38,65.33,94.95,8.01,6.1,0.15
Bengaluru,2024-04-28,108.42,50.78,71.47,8.01,4.87,0.11
Bengaluru,2024-04-29,72.25,40.2,63.81,8.0,4.73,0.19
Bengaluru,2024-04-30,68.0,40.48,66.65,8.0,4.56,0.01
Bengaluru,2024-05-01,81.0,56.52,96.52,8.0,4.88,0.62
Bengaluru,2024-05-02,102.25,59.41,102.29,7.97,4.4,0.42
Bengaluru,2024-05-03,112.08,53.02,86.43,8.0,5.63,0.22
Bengaluru,2024-05-04,86.92,56.02,89.02,8.0,5.0,0.75
Bengaluru,2024-05-05,102.42,48.98,82.18,7.99,4.84,0.23
Bengaluru,2024-05-06,85.33,51.17,78.3,8.0,5.77,0.2
Bengaluru,2024-05-07,74.38,33.11,47.19,8.0,5.45,0.15
Bengaluru,2024-05-08,63.88,41.77,67.06,7.88,6.4,0.32
Bengaluru,2024-05-09,82.14,52.88,77.92,8.0,4.6,0.55
Bengaluru,2024-05-10,114.05,52.48,82.5,8.0,4.72,0.17
Bengaluru,2024-05-11,73.29,53.82,73.87,8.0,4.37,0.25
Bengaluru,2024-05-12,81.42,42.36,70.04,8.01,4.52,0.27
Bengaluru,2024-05-13,78.11,86.47,106.29,8.0,4.56,0.49
Bengaluru,2024-05-15,77.67,36.14,90.28,7.98,4.49,0.48
Bengaluru,2024-05-16,80.38,27.08,67.79,10.52,3.52,0.14
Bengaluru,2024-05-17,67.54,24.01,60.09,11.92,4.24,0.51
Bengaluru,2024-05-18,52.58,17.6,44.03,11.89,4.86,0.02
Bengaluru,2024-05-19,47.33,16.59,41.54,11.82,5.04,0.15
Bengaluru,2024-05-20,47.12,21.12,52.69,11.66,5.38,0.39
Bengaluru,2024-05-21,56.12,24.02,60.02,11.81,5.34,0.41
Bengaluru,2024-05-22,75.96,35.21,88.2,11.75,5.33,0.91
Bengaluru,2024-05-23,71.17,22.97,57.22,12.01,5.44,0.17
Bengaluru,2024-05-24,57.0,25.03,62.71,11.78,5.53,0.16
Bengaluru,2024-05-25,56.3,20.15,50.53,11.93,6.05,0.16
Bengaluru,2024-05-26,53.83,21.49,53.91,11.89,5.71,0.0
Bengaluru,2024-05-27,58.25,27.0,67.61,11.83,5.53,0.02
Bengaluru,2024-05-28,72.21,29.06,72.83,11.94,5.23,0.04
Bengaluru,2024-05-29,76.62,31.34,78.53,11.79,5.38,0.18
Bengaluru,2024-05-30,66.08,26.54,66.68,12.42,5.34,0.2
Bengaluru,2024-05-31,80.46,35.69,89.16,11.78,5.51,0.41
Bengaluru,2024-06-01,82.83,24.86,62.2,11.81,4.58,0.08
Bengaluru,2024-06-02,49.75,15.04,37.42,11.63,5.07,0.18
Bengaluru,2024-06-03,44.62,23.57,58.73,12.02,4.46,0.26
Bengaluru,2024-06-04,54.75,19.18,48.01,11.72,4.73,0.13
Bengaluru,2024-06-05,53.17,19.92,49.78,11.76,5.09,0.2
Bengaluru,2024-06-06,43.83,14.24,35.54,11.88,4.77,0.0
Bengaluru,2024-06-07,27.29,9.09,22.63,11.79,4.6,0.02
Bengaluru,2024-06-08,26.83,10.53,26.36,11.73,4.09,0.0
Bengaluru,2024-06-09,51.67,21.06,52.67,11.9,3.86,0.0
Bengaluru,2024-06-10,29.5,9.84,24.46,11.91,4.85,0.0
Bengaluru,2024-06-11,27.17,10.19,25.56,11.84,3.94,0.1
Bengaluru,2024-06-12,35.52,13.26,33.42,11.84,5.06,0.3
Bengaluru,2024-06-13,40.46,14.19,35.24,11.93,4.81,0.24
Bengaluru,2024-06-14,44.88,21.44,53.67,11.89,5.58,0.43
Bengaluru,2024-06-15,72.15,33.15,82.81,11.57,4.9,0.3
Bengaluru,2024-06-16,50.83,21.09,52.82,11.72,4.51,0.0
Bengaluru,2024-06-17,35.96,15.13,37.79,11.79,4.75,
Bengaluru,2024-06-18,37.29,12.94,32.46,11.86,4.62,
Bengaluru,2024-06-19,36.71,17.91,44.63,11.71,5.22,
Bengaluru,2024-06-20,52.96,22.27,55.73,11.83,5.15,
Bengaluru,2024-06-21,46.75,19.11,47.78,11.83,4.65,
Bengaluru,2024-06-22,58.38,16.78,42.27,11.83,4.49,0.5
Bengaluru,2024-06-23,45.42,10.82,27.02,11.83,4.66,0.0
Bengaluru,2024-06-24,44.71,10.03,25.03,11.67,5.07,0.0
Bengaluru,2024-06-25,47.38,19.98,49.99,11.76,4.54,0.0
Bengaluru,2024-06-26,37.96,9.99,24.84,11.6,4.31,0.0
Bengaluru,2024-06-27,38.75,11.66,29.28,11.69,4.94,0.0
Bengaluru,2024-06-28,47.0,21.62,53.88,11.91,4.89,0.0
Bengaluru,2024-06-29,43.65,14.57,36.41,11.9,5.63,0.0
Bengaluru,2024-06-30,34.96,13.71,34.27,11.78,4.74,0.0
Chennai,2024-01-01,124.79,35.8,55.21,36.47,9.56,4.82
Chennai,2024-01-02,121.08,50.26,87.14,41.61,12.99,3.24
Chennai,2024-01-03,168.29,95.36,182.53,37.12,21.87,2.63
Chennai,2024-01-04,212.54,91.88,174.43,49.22,21.91,3.22
Chennai,2024-01-05,132.38,41.19,80.9,41.02,21.19,2.64
Chennai,2024-01-06,152.17,40.81,80.26,34.75,24.26,6.4
Chennai,2024-01-07,123.83,51.8,98.59,40.68,21.48,3.0
Chennai,2024-01-08,134.58,45.54,88.15,105.38,22.58,4.21
Chennai,2024-01-09,127.08,46.44,89.65,38.6,22.24,3.84
Chennai,2024-01-10,114.91,67.53,124.8,42.18,22.56,3.16
Chennai,2024-01-11,120.67,51.64,98.5,55.92,22.87,2.77
Chennai,2024-01-12,113.12,62.11,115.77,39.19,23.23,2.84
Chennai,2024-01-13,117.21,66.93,123.79,35.29,23.81,2.53
Chennai,2024-01-14,126.17,72.97,133.87,41.92,27.3,1.95
Chennai,2024-01-15,133.71,56.07,105.69,29.22,22.27,0.19
Chennai,2024-01-16,99.58,54.28,102.76,30.28,21.05,1.59
Chennai,2024-01-17,102.04,55.75,105.17,34.48,20.93,0.24
Chennai,2024-01-18,99.96,55.85,105.35,30.42,20.84,0.27
Chennai,2024-01-19,107.33,51.1,97.42,39.36,20.89,2.53
Chennai,2024-01-20,93.64,52.65,100.01,28.26,21.02,0.73
Chennai,2024-01-21,102.88,51.43,97.97,29.81,20.86,2.47
Chennai,2024-01-22,116.21,81.7,148.42,44.36,16.66,1.52
Chennai,2024-01-23,256.04,161.91,282.45,40.73,2.23,1.25
Chennai,2024-01-24,337.08,167.13,290.8,34.44,1.15,1.25
Chennai,2024-01-25,338.35,170.9,297.09,23.17,1.0,1.25
Chennai,2024-01-26,334.12,163.19,284.23,26.77,0.87,1.25
Chennai,2024-01-27,314.79,133.68,235.3,26.27,0.76,1.25
Chennai,2024-01-28,277.12,117.01,207.27,19.89,0.52,1.25
Chennai,2024-01-29,311.29,153.87,268.7,40.26,0.93,1.25
Chennai,2024-01-30,327.71,155.59,271.56,31.08,0.71,1.25
Chennai,2024-01-31,301.08,126.07,222.36,22.83,0.58,1.25
Chennai,2024-02-01,238.0,75.71,138.71,12.53,0.0,1.0
Chennai,2024-02-03,203.05,95.26,171.18,15.68,0.08,1.0
Chennai,2024-02-04,219.75,96.07,172.65,21.49,0.25,1.0
Chennai,2024-02-05,204.33,101.97,187.64,20.54,0.22,1.0
Chennai,2024-02-06,175.75,71.48,155.68,24.5,2.61,1.0
Chennai,2024-02-07,166.67,87.86,188.49,30.89,2.52,1.0
Chennai,2024-02-08,167.71,75.2,163.11,20.67,3.02,1.0
Chennai,2024-02-09,144.71,78.38,169.61,29.09,2.8,1.0
Chennai,2024-02-10,145.46,80.17,173.13,24.12,1.9,1.0
Chennai,2024-02-11,161.92,68.68,150.2,18.37,2.16,1.0
Chennai,2024-02-12,132.22,63.55,139.92,25.06,2.85,1.0
Chennai,2024-02-15,125.64,67.86,148.56,21.64,2.97,1.0
Chennai,2024-02-16,131.96,70.42,153.39,30.07,2.51,1.0
Chennai,2024-02-17,136.79,62.46,137.53,25.11,3.24,1.0
Chennai,2024-02-18,124.39,64.02,140.93,17.85,2.87,1.0
Chennai,2024-02-19,127.88,66.95,146.56,18.88,2.57,1.0
Chennai,2024-02-20,135.17,71.41,155.8,15.86,2.95,1.0
Chennai,2024-02-21,141.62,72.65,157.92,21.04,2.9,1.0
Chennai,2024-02-22,132.88,61.43,135.71,15.47,2.0,1.0
Chennai,2024-02-23,119.25,57.67,128.02,15.14,2.93,1.0
Chennai,2024-02-24,116.96,54.74,122.2,18.8,1.93,1.0
Chennai,2024-02-25,113.21,48.12,109.12,17.12,1.94,1.0
Chennai,2024-02-26,99.95,38.65,90.14,16.11,5.1,1.0
Chennai,2024-02-27,71.12,21.45,55.65,27.74,8.61,1.0
Chennai,2024-02-28,62.0,21.26,55.2,15.87,6.82,1.0
Chennai,2024-02-29,62.08,24.34,61.4,20.66,7.18,1.0
Chennai,2024-03-01,84.04,57.67,127.97,17.86,7.09,1.0
Chennai,2024-03-02,139.21,85.02,162.2,14.89,13.06,0.58
Chennai,2024-03-03,138.33,65.6,109.8,12.02,3.4,1.02
Chennai,2024-03-04,103.12,51.43,86.16,13.79,6.39,1.01
Chennai,2024-03-05,84.46,35.72,59.97,15.55,5.46,1.01
Chennai,2024-03-06,88.92,27.36,45.93,19.67,5.02,1.09
Chennai,2024-03-07,98.12,28.38,47.68,20.21,5.49,1.53
Chennai,2024-03-08,87.0,26.18,43.99,12.64,5.35,1.0
Chennai,2024-03-09,84.67,22.41,37.87,13.63,4.0,1.0
Chennai,2024-03-10,90.71,24.44,41.14,16.44,3.43,1.18
Chennai,2024-03-11,84.92,22.53,37.85,12.8,4.96,1.0
Chennai,2024-03-12,73.17,23.84,40.19,16.44,4.9,0.78
Chennai,2024-03-13,85.61,31.32,52.6,8.82,2.94,1.26
Chennai,2024-03-14,100.17,66.56,111.06,5.04,1.96,1.31
Chennai,2024-03-15,120.83,58.63,98.02,4.58,2.19,1.76
Chennai,2024-03-16,100.04,49.54,82.78,3.64,2.22,1.67
Chennai,2024-03-17,93.54,36.96,62.03,4.03,2.21,1.17
Chennai,2024-03-18,97.62,44.87,75.32,4.74,1.59,1.45
Chennai,2024-03-19,95.62,47.39,79.07,5.96,1.82,1.4
Chennai,2024-03-20,96.67,41.19,68.88,6.45,2.71,1.48
Chennai,2024-03-21,91.73,55.21,92.33,6.02,1.37,1.13
Chennai,2024-03-22,114.29,63.59,106.49,6.34,1.8,1.23
Chennai,2024-03-23,117.17,58.27,97.63,6.23,2.39,1.28
Chennai,2024-03-24,93.33,44.47,74.48,6.9,2.66,1.18
Chennai,2024-03-25,85.38,39.78,66.66,7.85,3.75,1.23
Chennai,2024-03-26,90.67,33.47,56.07,7.54,4.51,1.37
Chennai,2024-03-27,89.71,31.27,52.52,6.08,4.1,1.33
Chennai,2024-03-28,90.92,29.38,49.31,4.59,5.67,1.36
Chennai,2024-03-29,86.5,27.14,45.56,3.48,6.11,1.18
Chennai,2024-03-30,83.0,27.81,46.81,4.13,5.48,1.16
Chennai,2024-03-31,90.71,24.85,41.48,12.41,4.78,1.54
Chennai,2024-04-01,87.71,25.14,42.23,5.41,6.55,1.2
Chennai,2024-04-02,88.08,24.66,41.3,4.42,4.77,1.45
Chennai,2024-04-03,90.92,27.14,45.54,5.6,4.63,1.46
Chennai,2024-04-04,99.79,25.15,41.71,8.09,4.58,1.83
Chennai,2024-04-05,92.58,24.78,41.6,4.94,5.13,1.4
Chennai,2024-04-06,78.58,23.92,40.22,4.76,4.24,1.05
Chennai,2024-04-07,83.25,26.39,44.54,4.82,4.17,1.19
Chennai,2024-04-08,83.79,28.38,47.62,4.29,3.48,1.2
Chennai,2024-04-09,89.46,22.23,37.39,5.11,4.12,1.28
Chennai,2024-04-10,88.75,27.4,45.99,5.83,4.46,1.44
Chennai,2024-04-11,86.79,21.57,36.36,6.04,4.6,1.26
Chennai,2024-04-12,85.75,23.73,39.87,5.96,3.71,1.19
Chennai,2024-04-13,90.83,22.86,38.41,7.41,3.44,1.45
Chennai,2024-04-14,85.71,21.52,36.14,5.55,3.05,1.28
Chennai,2024-04-15,80.21,19.91,33.43,5.95,2.17,1.02
Chennai,2024-04-16,77.96,20.71,34.85,5.62,2.38,0.96
Chennai,2024-04-17,77.75,24.49,41.19,12.62,2.21,0.91
Chennai,2024-04-18,81.29,25.59,43.07,5.58,1.69,1.37
Chennai,2024-04-19,77.79,25.51,42.79,5.0,1.81,0.79
Chennai,2024-04-20,76.38,22.45,37.83,4.42,1.62,1.0
Chennai,2024-04-21,82.5,23.41,39.26,5.28,1.79,1.37
Chennai,2024-04-22,80.5,23.57,39.62,9.68,1.7,0.99
Chennai,2024-04-23,83.46,22.16,37.29,14.19,1.95,1.26
Chennai,2024-04-24,74.96,24.6,41.4,9.79,1.83,0.8
Chennai,2024-04-25,73.54,21.64,36.43,7.79,2.26,0.97
Chennai,2024-04-26,79.83,21.06,35.39,7.65,2.55,0.99
Chennai,2024-04-27,83.42,20.86,35.03,7.53,2.91,1.04
Chennai,2024-04-28,87.92,25.26,42.51,7.02,2.98,1.18
Chennai,2024-04-29,79.42,24.41,40.98,6.61,2.6,0.95
Chennai,2024-04-30,82.71,24.91,41.77,7.41,2.89,1.12
Chennai,2024-05-03,87.26,28.14,47.25,7.22,1.9,1.13
Chennai,2024-05-04,90.08,24.39,41.08,6.25,1.41,1.47
Chennai,2024-05-05,92.46,20.94,35.19,5.91,1.53,1.39
Chennai,2024-05-06,80.38,25.62,43.08,5.51,1.68,0.99
Chennai,2024-05-07,93.33,22.03,36.98,4.6,1.33,1.73
Chennai,2024-05-08,96.79,23.25,39.04,4.55,1.71,1.25
Chennai,2024-05-09,90.12,20.96,35.15,5.34,1.69,1.32
Chennai,2024-05-10,86.79,19.82,33.36,6.57,1.62,1.37
Chennai,2024-05-11,83.38,20.24,34.06,6.52,1.59,1.02
Chennai,2024-05-12,76.83,18.63,31.43,3.22,1.77,1.01
Chennai,2024-05-13,89.08,16.66,28.33,4.0,1.87,1.28
Chennai,2024-05-14,90.5,14.62,24.85,8.79,1.96,1.11
Chennai,2024-05-17,89.15,13.19,23.0,5.03,2.93,1.04
Chennai,2024-05-18,102.54,13.0,22.24,5.4,3.15,1.92
Chennai,2024-05-19,66.46,13.0,22.57,10.18,2.73,1.0
Chennai,2024-05-20,61.67,13.0,22.0,11.07,3.98,1.0
Chennai,2024-05-21,62.21,13.0,22.0,12.49,4.55,1.0
Chennai,2024-05-22,62.12,13.0,22.0,10.33,5.77,1.0
Chennai,2024-05-23,62.48,13.0,22.0,9.78,5.34,1.0
Chennai,2024-05-24,62.08,22.74,38.27,9.91,3.46,1.0
Chennai,2024-05-25,62.22,14.27,24.12,10.79,2.39,1.0
Chennai,2024-05-26,61.57,13.0,22.0,9.97,2.73,1.0
Chennai,2024-05-27,62.33,16.76,28.2,9.41,3.42,1.0
Chennai,2024-05-28,73.62,53.53,89.35,10.66,3.9,1.0
Chennai,2024-05-29,105.42,50.69,84.89,10.65,3.54,1.0
Chennai,2024-05-30,97.12,43.82,73.45,9.15,4.09,1.0
Chennai,2024-05-31,69.21,13.73,23.23,8.53,3.31,1.0
Chennai,2024-06-01,62.0,18.38,30.82,7.29,1.92,1.0
Chennai,2024-06-02,62.33,21.11,35.35,7.45,1.62,1.0
Chennai,2024-06-03,62.42,25.03,42.17,8.01,0.27,1.0
Chennai,2024-06-04,61.79,20.82,35.09,10.02,1.31,1.0
Chennai,2024-06-05,62.0,13.0,22.0,10.96,1.18,1.0
Chennai,2024-06-06,62.38,13.0,22.0,12.46,2.96,1.0
Chennai,2024-06-07,62.04,13.0,22.0,10.73,3.86,1.0
Chennai,2024-06-08,61.88,13.0,22.0,8.71,3.02,1.0
Chennai,2024-06-09,61.46,13.0,22.0,8.19,2.15,1.0
Chennai,2024-06-10,61.92,13.0,22.0,11.37,2.16,1.0
Chennai,2024-06-11,61.92,13.0,22.0,10.48,5.17,1.0
Chennai,2024-06-12,61.65,13.0,22.0,11.42,4.27,1.0
Chennai,2024-06-13,62.04,18.53,31.25,10.11,5.64,1.0
Chennai,2024-06-14,61.75,14.59,24.63,7.64,4.97,1.0
Chennai,2024-06-15,62.0,14.21,24.21,8.35,5.23,1.0
Chennai,2024-06-16,62.0,14.57,24.57,7.0,4.26,1.0
Chennai,2024-06-17,61.88,14.91,25.04,6.47,3.51,1.0
Chennai,2024-06-18,62.25,15.05,25.19,8.45,3.95,1.0
Chennai,2024-06-19,62.17,14.16,24.03,8.45,7.06,1.0
Chennai,2024-06-20,62.0,14.13,23.67,7.26,3.08,1.0
Chennai,2024-06-21,62.12,14.13,23.67,7.62,1.84,1.0
Chennai,2024-06-22,61.88,14.17,24.13,7.69,1.95,1.0
Chennai,2024-06-23,62.42,14.17,24.05,9.31,2.32,1.0
Chennai,2024-06-24,62.0,14.0,23.49,7.48,2.39,1.0
Chennai,2024-06-25,62.17,14.29,24.29,6.67,2.92,1.0
Chennai,2024-06-26,62.08,14.26,24.26,6.46,2.95,1.0
Chennai,2024-06-27,62.0,14.25,24.2,7.31,3.25,1.0
Chennai,2024-06-28,61.92,14.63,24.63,6.35,3.6,1.0
Chennai,2024-06-29,62.04,14.13,23.76,8.58,3.75,1.0
Chennai,2024-06-30,61.88,14.0,23.66,5.52,3.66,1.0
Delhi,2024-01-01,364.67,199.56,335.12,56.29,9.33,1.6
Delhi,2024-01-02,369.83,195.91,320.67,62.58,22.19,1.77
Delhi,2024-01-03,354.75,247.44,360.37,71.08,16.65,2.18
Delhi,2024-01-04,414.33,274.06,436.22,71.07,10.11,1.86
Delhi,2024-01-05,389.92,218.28,345.98,59.13,11.37,2.2
Delhi,2024-01-06,373.08,223.3,375.88,68.65,18.98,3.57
Delhi,2024-01-07,376.42,214.33,357.84,75.71,10.04,3.55
Delhi,2024-01-08,394.83,331.12,531.56,82.32,15.83,4.11
Delhi,2024-01-09,417.88,184.92,304.13,57.75,10.64,3.86
Delhi,2024-01-10,330.87,177.28,301.01,58.19,12.57,4.56
Delhi,2024-01-11,369.0,229.72,375.51,76.26,17.9,3.96
Delhi,2024-01-12,385.54,253.56,394.33,88.45,8.7,3.63
Delhi,2024-01-13,431.88,420.17,609.42,115.6,23.05,4.2
Delhi,2024-01-14,467.57,363.57,574.43,100.96,21.51,4.9
Delhi,2024-01-15,419.71,238.57,405.96,107.29,23.87,5.13
Delhi,2024-01-16,409.04,295.29,409.95,80.14,2.95,4.1
Delhi,2024-01-17,399.58,226.16,338.07,71.08,4.47,0.79
Delhi,2024-01-18,369.0,199.32,308.96,69.16,28.82,0.47
Delhi,2024-01-19,372.08,207.95,313.08,61.53,10.61,0.42
Delhi,2024-01-20,348.5,198.91,333.6,77.04,15.88,1.33
Delhi,2024-01-21,385.04,212.08,331.76,78.84,6.48,1.49
Delhi,2024-01-22,357.5,238.8,373.23,61.97,12.81,1.22
Delhi,2024-01-23,399.21,256.98,418.2,79.68,15.0,1.26
Delhi,2024-01-24,413.92,286.24,467.91,86.38,14.36,1.27
Delhi,2024-01-25,400.91,263.9,456.6,103.03,16.37,1.42
Delhi,2024-01-26,445.54,383.65,580.15,128.73,9.04,2.17
Delhi,2024-01-27,416.21,201.47,397.72,132.42,25.11,1.55
Delhi,2024-01-28,389.46,312.73,529.27,141.01,13.3,
Delhi,2024-01-29,393.33,234.3,404.18,84.95,12.14,1.16
Delhi,2024-01-30,405.17,289.84,464.52,93.01,29.63,0.67
Delhi,2024-01-31,428.21,265.73,349.77,96.5,15.3,0.77
Delhi,2024-02-01,258.5,66.89,99.25,59.22,15.18,1.24
Delhi,2024-02-02,187.42,103.95,200.05,75.28,14.01,1.92
Delhi,2024-02-03,231.54,119.99,372.35,111.46,13.98,2.38
Delhi,2024-02-04,325.96,140.93,239.51,81.84,7.2,1.86
Delhi,2024-02-05,224.25,85.43,194.62,66.32,12.87,1.63
Delhi,2024-02-06,186.04,81.64,258.3,76.81,17.46,1.33
Delhi,2024-02-07,236.42,78.76,243.27,70.51,17.52,0.95
Delhi,2024-02-08,177.29,71.46,197.66,65.75,23.82,0.91
Delhi,2024-02-09,184.38,92.89,300.43,113.85,30.52,1.39
Delhi,2024-02-10,334.29,218.86,445.73,114.71,9.89,0.83
Delhi,2024-02-11,348.42,179.1,357.31,112.24,15.69,0.86
Delhi,2024-02-12,334.26,190.43,375.65,120.44,23.98,1.69
Delhi,2024-02-13,372.38,259.0,511.27,147.59,21.84,2.51
Delhi,2024-02-14,395.67,211.74,422.15,122.28,7.43,1.0
Delhi,2024-02-15,322.83,142.46,345.82,121.82,10.25,0.63
Delhi,2024-02-16,285.12,130.44,340.44,127.01,20.67,1.65
Delhi,2024-02-17,323.08,141.31,405.15,159.72,17.21,3.04
Delhi,2024-02-18,362.52,173.51,434.15,157.45,16.7,3.82
Delhi,2024-02-19,253.38,99.51,266.69,55.83,16.36,1.71
Delhi,2024-02-20,227.67,122.51,266.6,82.54,24.64,2.29
Delhi,2024-02-21,269.46,100.35,266.24,77.76,13.18,1.58
Delhi,2024-02-22,195.17,72.21,218.4,86.08,23.8,1.07
Delhi,2024-02-23,166.5,58.11,186.67,93.52,28.49,1.2
Delhi,2024-02-24,228.88,118.96,347.41,150.7,30.04,1.22
Delhi,2024-02-25,250.79,110.47,244.75,97.44,21.65,0.39
Delhi,2024-02-26,230.5,112.33,275.38,112.19,22.48,0.56
Delhi,2024-02-27,211.62,67.89,178.39,75.83,18.51,0.17
Delhi,2024-02-28,144.04,55.57,173.89,74.58,23.99,0.18
Delhi,2024-02-29,146.17,76.87,191.92,107.19,18.37,0.39
Delhi,2024-03-01,248.96,122.95,271.43,113.01,19.43,1.13
Delhi,2024-03-02,157.21,43.07,101.53,35.95,22.26,1.01
Delhi,2024-03-03,106.17,65.08,158.5,56.44,15.59,1.14
Delhi,2024-03-04,146.58,64.98,159.28,62.07,14.24,0.87
Delhi,2024-03-05,141.12,56.05,151.86,57.41,18.0,0.83
Delhi,2024-03-06,130.92,72.57,170.48,70.54,27.41,0.98
Delhi,2024-03-07,200.08,96.56,218.59,84.98,22.93,1.02
Delhi,2024-03-08,175.87,72.86,167.7,65.49,23.76,0.88
Delhi,2024-03-09,139.67,70.85,160.92,75.09,18.35,0.96
Delhi,2024-03-10,176.04,99.39,217.33,97.42,19.06,1.05
Delhi,2024-03-22,221.0,140.75,106.0,55.98,47.83,1.28
Delhi,2024-03-23,237.0,96.45,271.79,52.51,18.21,2.2
Delhi,2024-03-24,220.46,77.52,325.63,33.76,25.11,1.08
Delhi,2024-03-25,328.18,189.37,547.78,36.94,26.81,
Delhi,2024-03-28,177.28,62.93,208.66,57.77,31.56,0.0
Delhi,2024-03-29,184.82,87.14,242.44,54.58,28.77,0.2
Delhi,2024-03-30,212.58,95.31,301.58,62.9,29.29,0.42
Delhi,2024-03-31,312.22,156.73,407.53,63.95,28.73,0.75
Delhi,2024-04-02,153.64,51.64,189.13,51.0,30.33,2.8
Delhi,2024-04-03,197.0,91.45,277.52,85.75,36.21,2.89
Delhi,2024-04-04,245.54,87.85,288.67,75.65,25.74,1.66
Delhi,2024-04-05,238.67,70.59,249.46,62.54,24.34,0.23
Delhi,2024-04-06,203.04,77.53,231.44,66.64,21.8,0.22
Delhi,2024-04-07,209.58,82.48,257.2,86.56,9.86,0.54
Delhi,2024-04-08,249.17,110.88,316.94,102.78,23.67,0.69
Delhi,2024-04-09,296.83,132.38,352.52,96.23,25.15,2.25
Delhi,2024-04-10,287.38,107.55,329.34,89.51,13.05,2.58
Delhi,2024-04-11,315.08,129.4,422.12,91.79,43.69,2.6
Delhi,2024-04-12,332.12,148.61,390.56,96.64,35.1,2.6
Delhi,2024-04-13,307.18,143.5,482.5,113.17,7.83,2.67
Delhi,2024-04-17,154.25,52.08,192.03,62.72,23.87,0.23
Delhi,2024-04-18,185.04,79.87,249.96,78.0,23.37,0.45
Delhi,2024-04-23,239.19,82.62,308.58,90.05,17.87,0.97
Delhi,2024-04-24,232.25,74.17,239.99,90.98,21.43,1.17
Delhi,2024-04-25,230.42,83.97,296.37,91.59,25.5,1.11
Delhi,2024-04-26,253.74,115.82,283.48,93.87,36.02,1.12
Delhi,2024-04-27,233.0,73.66,318.13,70.06,19.95,0.16
Delhi,2024-04-28,255.0,96.39,281.09,92.31,35.56,0.57
Delhi,2024-04-29,321.4,115.34,348.89,78.14,34.54,0.57
Delhi,2024-04-30,230.21,70.49,252.03,67.46,32.62,0.36
Delhi,2024-05-01,234.5,77.25,272.17,58.02,30.9,0.16
Delhi,2024-05-02,196.88,76.65,239.03,70.19,30.36,0.37
Delhi,2024-05-03,258.83,124.15,335.08,89.63,30.51,0.71
Delhi,2024-05-04,289.04,147.15,400.42,104.43,44.04,1.86
Delhi,2024-05-05,369.25,159.4,451.8,101.03,31.14,2.88
Delhi,2024-05-06,295.54,123.53,354.01,85.14,21.06,1.83
Delhi,2024-05-07,369.04,135.93,551.05,87.0,40.22,2.25
Delhi,2024-05-08,298.75,94.0,291.96,36.58,15.26,0.06
Delhi,2024-05-09,230.59,76.86,224.32,24.63,17.6,0.03
Delhi,2024-05-11,218.12,82.69,224.19,72.68,28.62,0.4
Delhi,2024-05-12,220.71,99.56,275.44,97.27,22.9,1.37
Delhi,2024-05-13,263.21,129.4,341.64,97.03,40.05,2.24
Delhi,2024-05-14,299.61,118.46,361.4,102.54,12.27,2.56
Delhi,2024-05-15,335.29,175.09,425.39,109.03,36.04,2.48
Delhi,2024-05-16,313.62,164.63,348.85,85.94,39.99,2.15
Delhi,2024-05-17,346.71,195.81,461.9,105.12,22.99,4.38
Delhi,2024-05-18,367.33,161.06,424.26,93.7,19.56,4.7
Delhi,2024-05-19,287.53,120.38,312.25,63.93,25.68,3.06
Delhi,2024-05-20,295.5,126.07,363.51,72.61,23.11,3.3
Delhi,2024-05-21,286.88,91.98,310.56,49.67,38.61,2.2
Delhi,2024-05-22,218.42,94.21,236.5,33.56,27.49,2.01
Delhi,2024-05-23,168.48,61.31,164.88,24.2,7.87,2.02
Delhi,2024-05-24,147.17,60.64,177.15,26.68,15.34,2.24
Delhi,2024-05-25,172.22,97.71,232.12,45.65,26.46,2.32
Delhi,2024-05-26,212.57,113.62,277.46,69.88,25.53,2.69
Delhi,2024-05-27,289.71,139.36,428.4,87.03,25.01,2.81
Delhi,2024-05-28,349.0,138.08,403.5,100.2,22.39,2.53
Delhi,2024-05-29,339.88,122.96,428.78,74.52,13.13,1.6
Delhi,2024-05-30,345.12,107.94,333.36,74.38,21.0,1.37
Delhi,2024-05-31,245.75,96.42,313.29,88.99,24.59,1.64
Delhi,2024-06-01,308.67,117.41,358.13,72.14,10.8,1.79
Delhi,2024-06-02,236.05,64.61,199.42,57.67,20.33,2.0
Delhi,2024-06-04,261.78,111.21,350.5,75.74,15.48,3.51
Delhi,2024-06-05,355.88,118.5,456.67,61.38,21.67,3.68
Delhi,2024-06-06,270.67,67.35,255.21,76.97,15.95,3.18
Delhi,2024-06-07,245.88,63.74,299.91,83.21,20.74,3.25
Delhi,2024-06-08,287.58,68.5,328.46,63.4,17.26,3.12
Delhi,2024-06-09,206.88,54.0,228.21,74.44,22.34,3.21
Delhi,2024-06-10,189.21,60.38,229.96,79.32,21.13,3.39
Delhi,2024-06-11,249.08,91.74,330.62,86.91,22.01,4.4
Delhi,2024-06-12,282.26,76.93,316.18,71.68,10.14,4.67
Delhi,2024-06-13,262.5,65.49,269.02,63.58,6.62,4.68
Delhi,2024-06-14,290.2,69.16,435.54,54.68,19.53,4.75
Delhi,2024-06-15,296.69,52.44,311.68,55.43,17.12,4.81
Delhi,2024-06-16,286.19,63.22,304.02,55.64,19.58,3.75
Delhi,2024-06-19,280.31,76.25,438.21,63.27,22.71,2.0
Delhi,2024-06-20,261.5,49.04,200.71,42.56,13.17,0.06
Delhi,2024-06-21,183.58,73.67,244.29,43.48,13.9,0.39
Delhi,2024-06-22,231.79,104.93,264.59,47.34,16.05,1.36
Delhi,2024-06-23,164.25,64.67,155.89,38.61,14.19,0.51
Delhi,2024-06-24,149.62,63.67,186.57,44.34,15.72,0.01
Delhi,2024-06-25,143.46,69.25,154.7,51.62,12.79,0.0
Hyderabad,2024-01-01,114.58,65.1,107.53,19.85,9.05,0.61
Hyderabad,2024-01-02,117.5,74.23,113.42,21.28,8.89,0.64
Hyderabad,2024-01-03,110.38,81.83,123.53,22.27,11.25,0.69
Hyderabad,2024-01-04,118.5,66.04,121.96,25.01,10.85,0.69
Hyderabad,2024-01-05,110.29,58.38,106.22,25.46,11.03,0.79
Hyderabad,2024-01-06,89.33,46.71,83.72,24.71,14.3,0.55
Hyderabad,2024-01-07,81.43,51.71,72.85,17.1,11.76,0.54
Hyderabad,2024-01-08,106.43,58.35,99.54,20.94,10.83,0.61
Hyderabad,2024-01-09,128.25,75.96,122.25,26.57,12.56,0.74
Hyderabad,2024-01-10,119.52,74.22,137.44,28.89,13.04,0.81
Hyderabad,2024-01-11,148.92,70.66,125.72,31.28,14.64,0.87
Hyderabad,2024-01-12,136.12,71.85,122.44,28.82,13.02,0.89
Hyderabad,2024-01-13,141.38,68.22,127.52,26.44,13.8,0.87
Hyderabad,2024-01-14,121.13,48.44,114.6,31.02,15.85,0.84
Hyderabad,2024-01-15,108.12,61.08,106.35,23.07,15.49,0.7
Hyderabad,2024-01-16,131.79,70.49,99.82,15.5,11.06,0.64
Hyderabad,2024-01-17,99.12,55.06,94.61,19.55,10.88,0.56
Hyderabad,2024-01-18,88.92,44.14,94.52,22.95,10.33,0.47
Hyderabad,2024-01-19,78.5,46.57,88.28,24.52,13.55,0.59
Hyderabad,2024-01-20,77.86,38.9,76.39,22.01,12.63,0.55
Hyderabad,2024-01-21,75.79,39.06,75.19,20.45,13.98,0.51
Hyderabad,2024-01-22,71.79,40.53,97.62,20.61,13.27,0.52
Hyderabad,2024-01-23,86.0,43.26,102.38,23.45,13.0,0.56
Hyderabad,2024-01-24,98.75,56.21,120.92,24.51,14.36,0.51
Hyderabad,2024-01-25,121.41,80.42,145.23,20.79,20.21,0.76
Hyderabad,2024-01-26,147.08,65.38,109.06,19.68,17.23,0.68
Hyderabad,2024-01-27,103.83,59.19,107.19,23.66,12.57,0.7
Hyderabad,2024-01-28,118.75,61.59,112.89,22.06,12.06,0.66
Hyderabad,2024-01-29,105.75,63.61,113.01,21.93,10.16,0.69
Hyderabad,2024-01-30,115.0,59.59,117.21,25.88,12.86,0.73
Hyderabad,2024-01-31,104.04,42.48,101.21,28.95,11.64,0.61
Hyderabad,2024-02-01,94.17,40.29,112.58,29.42,15.66,0.18
Hyderabad,2024-02-02,115.12,43.69,111.56,28.26,12.5,0.24
Hyderabad,2024-02-03,94.08,38.1,85.98,18.12,10.11,0.0
Hyderabad,2024-02-04,98.29,52.41,101.92,19.11,11.02,0.04
Hyderabad,2024-02-05,90.5,42.94,98.95,23.07,11.53,0.01
Hyderabad,2024-02-06,101.88,45.8,110.24,23.9,12.26,0.09
Hyderabad,2024-02-07,108.46,47.93,120.13,29.58,14.56,0.03
Hyderabad,2024-02-08,119.75,59.91,137.76,22.19,12.89,0.08
Hyderabad,2024-02-09,121.46,44.4,121.27,21.56,14.46,0.0
Hyderabad,2024-02-10,94.42,43.71,85.33,16.47,10.26,0.0
Hyderabad,2024-02-11,82.96,41.73,77.57,14.92,10.71,0.0
Hyderabad,2024-02-12,78.04,34.74,76.43,17.75,10.88,0.0
Hyderabad,2024-02-13,62.88,16.45,54.78,18.37,12.35,0.0
Hyderabad,2024-02-14,61.75,23.69,65.88,21.74,12.41,0.0
Hyderabad,2024-02-15,70.83,25.07,75.02,22.26,10.38,0.01
Hyderabad,2024-02-16,74.71,27.39,86.21,29.95,16.38,0.0
Hyderabad,2024-02-17,84.79,26.18,70.56,26.65,12.98,0.03
Hyderabad,2024-02-18,70.91,27.04,75.9,27.49,13.65,0.0
Hyderabad,2024-02-19,80.46,33.74,90.58,27.82,17.62,0.0
Hyderabad,2024-02-20,95.12,40.44,109.88,26.24,13.54,0.0
Hyderabad,2024-02-21,110.92,46.4,130.19,26.84,9.86,0.12
Hyderabad,2024-02-22,119.29,40.96,114.52,26.35,7.6,0.06
Hyderabad,2024-02-23,110.67,46.93,124.73,23.45,9.7,0.13
Hyderabad,2024-02-24,113.75,52.46,108.17,19.47,6.34,0.0
Hyderabad,2024-02-25,85.17,35.17,74.68,14.19,5.78,0.0
Hyderabad,2024-02-26,69.86,28.83,66.28,14.0,5.74,0.0
Hyderabad,2024-02-27,62.38,23.51,61.54,18.35,5.95,0.0
Hyderabad,2024-02-28,67.5,23.06,68.43,22.18,6.6,0.0
Hyderabad,2024-02-29,78.79,33.32,85.94,23.13,5.87,0.0
Hyderabad,2024-03-01,89.12,36.98,97.71,29.88,6.26,0.13
Hyderabad,2024-03-02,97.46,33.56,112.01,26.87,6.72,0.01
Hyderabad,2024-03-03,104.71,39.67,96.25,18.64,9.55,0.66
Hyderabad,2024-03-04,95.88,43.8,107.76,20.56,7.09,0.11
Hyderabad,2024-03-05,100.12,35.98,97.45,21.05,7.03,0.0
Hyderabad,2024-03-06,96.96,36.12,107.21,20.66,6.67,0.0
Hyderabad,2024-03-07,108.75,48.09,121.42,28.34,9.13,0.12
Hyderabad,2024-03-08,109.87,40.78,101.0,29.36,5.46,0.25
Hyderabad,2024-03-09,96.5,48.3,99.52,27.18,6.34,0.28
Hyderabad,2024-03-10,92.17,36.85,79.32,14.28,7.4,0.02
Hyderabad,2024-03-11,77.83,35.47,91.75,16.72,7.45,0.0
Hyderabad,2024-03-12,102.42,50.5,115.96,27.42,7.2,0.12
Hyderabad,2024-03-13,117.65,53.69,134.65,18.77,8.66,0.11
Hyderabad,2024-03-14,121.13,49.99,121.94,17.52,8.09,0.19
Hyderabad,2024-03-15,112.58,49.46,109.61,19.53,8.22,0.14
Hyderabad,2024-03-16,91.21,35.39,85.95,15.76,8.16,0.07
Hyderabad,2024-03-17,74.67,28.13,58.71,11.59,7.99,0.5
Hyderabad,2024-03-18,60.19,21.41,60.85,15.55,7.14,0.01
Hyderabad,2024-03-21,66.23,30.86,74.79,20.03,11.35,0.04
Hyderabad,2024-03-22,83.83,32.46,94.34,27.32,10.99,0.11
Hyderabad,2024-03-23,100.46,36.84,106.91,25.48,7.85,0.06
Hyderabad,2024-03-24,101.75,40.98,99.1,21.51,9.21,0.08
Hyderabad,2024-03-25,86.92,33.51,75.49,21.25,7.33,0.04
Hyderabad,2024-03-26,77.17,34.43,90.96,23.46,8.08,0.37
Hyderabad,2024-03-27,90.29,28.81,85.98,26.72,8.41,0.16
Hyderabad,2024-03-28,86.29,36.05,97.85,29.17,7.76,0.08
Hyderabad,2024-03-29,99.82,40.95,106.51,28.08,6.78,0.05
Hyderabad,2024-03-30,100.92,37.28,105.8,24.92,8.17,0.09
Hyderabad,2024-03-31,104.5,40.1,100.24,26.83,10.78,0.44
Hyderabad,2024-04-01,91.96,37.06,100.16,31.42,9.49,0.14
Hyderabad,2024-04-02,102.42,43.41,110.3,29.86,9.89,0.12
Hyderabad,2024-04-03,105.96,41.77,110.54,20.71,11.98,0.29
Hyderabad,2024-04-04,104.38,39.8,111.35,18.59,14.21,0.08
Hyderabad,2024-04-05,106.42,45.63,117.2,21.53,18.24,0.15
Hyderabad,2024-04-06,122.96,54.96,142.85,32.86,34.99,0.52
Hyderabad,2024-04-07,120.75,45.09,116.72,23.1,25.85,0.57
Hyderabad,2024-04-08,111.12,48.92,114.98,15.17,20.2,0.02
Hyderabad,2024-04-09,86.58,32.45,61.75,13.34,12.19,0.0
Hyderabad,2024-04-10,58.38,31.27,65.89,18.45,12.04,0.03
Hyderabad,2024-04-11,70.83,27.06,63.08,18.77,13.69,0.26
Hyderabad,2024-04-12,58.33,26.2,54.0,18.07,10.75,0.04
Hyderabad,2024-04-13,50.08,27.94,58.11,19.62,11.72,0.18
Hyderabad,2024-04-14,65.58,29.58,66.06,24.74,12.87,0.0
Hyderabad,2024-04-15,67.71,34.74,75.08,26.78,11.32,0.23
Hyderabad,2024-04-16,86.75,39.55,97.32,30.55,16.97,0.26
Hyderabad,2024-04-17,104.12,44.39,118.28,29.59,20.56,0.3
Hyderabad,2024-04-18,110.54,51.58,116.04,30.3,30.46,0.3
Hyderabad,2024-04-19,115.04,48.99,117.73,28.1,22.65,0.26
Hyderabad,2024-04-20,105.17,58.04,106.0,31.84,28.13,0.34
Hyderabad,2024-04-21,106.08,44.41,103.65,32.48,35.28,0.35
Hyderabad,2024-04-22,88.62,39.52,93.05,25.6,15.69,0.74
Hyderabad,2024-04-23,85.04,34.63,91.98,27.02,13.49,0.15
Hyderabad,2024-04-24,103.96,45.56,117.89,33.1,20.86,0.31
Hyderabad,2024-04-25,105.42,42.93,98.18,31.16,22.89,0.1
Hyderabad,2024-04-26,89.26,36.33,89.75,31.67,12.35,0.09
Hyderabad,2024-04-27,92.42,49.61,92.89,23.73,20.56,0.09
Hyderabad,2024-04-28,91.46,44.06,90.47,21.83,14.99,0.03
Hyderabad,2024-04-29,85.21,37.91,96.08,20.34,17.91,0.0
Hyderabad,2024-04-30,98.17,41.22,112.56,30.27,18.7,0.11
Hyderabad,2024-05-01,102.67,39.92,103.9,25.54,26.61,0.09
Hyderabad,2024-05-02,115.54,50.15,138.09,24.93,44.73,0.17
Hyderabad,2024-05-03,125.21,46.66,135.05,36.05,53.04,0.41
Hyderabad,2024-05-04,117.75,49.75,122.6,28.29,17.92,0.15
Hyderabad,2024-05-05,114.33,48.85,109.54,23.71,20.18,0.1
Hyderabad,2024-05-06,98.0,42.85,95.64,22.88,22.53,0.05
Hyderabad,2024-05-07,91.33,35.63,87.92,19.56,10.86,0.03
Hyderabad,2024-05-08,87.0,20.23,62.65,14.25,16.78,0.52
Hyderabad,2024-05-09,64.0,19.07,64.45,15.13,17.32,0.7
Hyderabad,2024-05-10,63.25,27.27,73.29,20.69,13.92,0.41
Hyderabad,2024-05-11,75.83,25.09,63.46,18.54,11.94,0.58
Hyderabad,2024-05-12,62.83,21.87,53.07,14.03,10.94,0.1
Hyderabad,2024-05-13,43.88,18.57,38.04,9.18,10.87,0.09
Hyderabad,2024-05-14,48.3,25.64,60.45,11.91,10.19,0.01
Hyderabad,2024-05-15,60.58,29.67,68.0,13.36,8.88,0.01
Hyderabad,2024-05-16,70.33,28.2,54.58,14.6,10.93,0.11
Hyderabad,2024-05-17,42.67,17.81,40.04,11.79,11.95,0.15
Hyderabad,2024-05-18,38.46,17.22,36.12,20.23,12.0,0.21
Hyderabad,2024-05-19,49.5,19.58,43.28,20.88,12.36,0.55
Hyderabad,2024-05-20,43.83,18.02,48.2,20.56,11.9,0.57
Hyderabad,2024-05-21,68.75,22.9,54.56,19.16,10.77,0.51
Hyderabad,2024-05-22,51.43,14.4,35.95,14.1,11.2,0.0
Hyderabad,2024-05-23,73.0,29.65,77.08,17.19,12.96,0.42
Hyderabad,2024-05-24,62.29,36.64,104.93,20.62,15.74,0.51
Hyderabad,2024-05-25,86.52,39.83,106.1,17.62,20.84,0.09
Hyderabad,2024-05-26,96.04,33.92,83.89,14.77,19.78,0.26
Hyderabad,2024-05-27,83.71,32.82,104.18,16.99,21.0,0.45
Hyderabad,2024-05-28,94.46,29.97,86.28,16.17,23.95,0.16
Hyderabad,2024-05-29,91.29,32.55,98.0,16.1,30.95,0.03
Hyderabad,2024-05-30,107.54,34.2,116.47,18.91,35.61,0.26
Hyderabad,2024-05-31,114.67,38.86,117.69,20.39,41.82,0.33
Hyderabad,2024-06-01,117.08,43.74,137.45,23.29,34.74,0.53
Hyderabad,2024-06-02,115.92,33.49,96.03,15.06,19.91,0.27
Hyderabad,2024-06-03,63.21,18.06,38.15,14.69,12.15,0.1
Hyderabad,2024-06-04,43.75,24.72,63.04,18.28,12.58,0.12
Hyderabad,2024-06-05,63.62,26.43,62.05,17.97,12.26,0.12
Hyderabad,2024-06-06,56.21,22.79,36.6,17.13,9.5,0.51
Hyderabad,2024-06-07,50.12,23.17,48.89,16.44,14.41,0.37
Hyderabad,2024-06-08,48.38,22.78,52.97,21.92,14.46,0.23
Hyderabad,2024-06-09,53.38,,48.49,18.71,12.98,0.1
Hyderabad,2024-06-10,47.79,19.05,51.75,20.72,15.51,0.0
Hyderabad,2024-06-11,50.21,20.95,46.86,23.09,17.33,0.06
Hyderabad,2024-06-12,50.83,25.36,53.81,22.53,21.13,0.01
Hyderabad,2024-06-13,55.17,22.32,56.62,23.27,15.23,0.0
Hyderabad,2024-06-14,60.75,21.69,68.13,23.0,17.31,0.0
Hyderabad,2024-06-15,68.88,21.1,68.71,24.85,26.46,0.23
Hyderabad,2024-06-16,61.5,19.54,47.46,24.46,24.09,0.0
Hyderabad,2024-06-17,43.79,17.44,39.32,25.25,18.64,0.61
Hyderabad,2024-06-18,68.25,30.7,61.66,25.81,24.69,0.3
Hyderabad,2024-06-19,62.88,26.2,65.24,22.26,29.01,0.08
Hyderabad,2024-06-20,62.17,23.05,68.04,20.49,28.16,0.0
Hyderabad,2024-06-21,67.38,21.0,61.27,21.56,21.02,0.01
Hyderabad,2024-06-22,60.04,25.14,61.56,20.4,23.66,0.32
Hyderabad,2024-06-23,60.75,23.92,51.45,21.22,19.95,0.31
Hyderabad,2024-06-24,60.67,16.4,51.07,13.96,17.64,0.19
Hyderabad,2024-06-26,53.18,16.7,50.86,15.16,28.13,0.07
Hyderabad,2024-06-27,51.0,15.33,55.67,10.6,13.07,0.71
Hyderabad,2024-06-28,56.0,18.61,58.42,13.44,20.75,0.24
Hyderabad,2024-06-29,53.7,20.0,52.93,15.14,16.82,0.03
Hyderabad,2024-06-30,48.29,14.77,31.76,13.14,17.45,0.17
Kolkata,2024-01-01,225.42,102.58,191.37,54.26,16.27,0.72
Kolkata,2024-01-02,241.67,97.01,166.67,56.17,12.4,0.59
Kolkata,2024-01-03,200.67,93.04,155.73,58.83,10.04,0.9
Kolkata,2024-01-04,205.12,105.41,179.82,83.56,12.13,1.29
Kolkata,2024-01-05,238.88,119.15,216.05,92.42,15.65,1.69
Kolkata,2024-01-06,250.38,112.77,194.71,85.59,16.47,1.22
Kolkata,2024-01-07,256.17,125.58,220.08,63.96,19.91,0.89
Kolkata,2024-01-08,301.5,127.41,213.73,57.84,19.23,0.78
Kolkata,2024-01-09,278.83,109.73,182.55,60.63,12.97,0.89
Kolkata,2024-01-10,263.87,111.51,203.43,86.07,12.53,1.29
Kolkata,2024-01-11,256.96,110.29,200.29,63.88,14.39,0.93
Kolkata,2024-01-12,231.17,103.24,179.16,44.77,14.41,0.63
Kolkata,2024-01-13,267.71,123.0,206.88,64.29,16.67,0.87
Kolkata,2024-01-14,302.0,158.87,260.62,54.83,15.55,0.83
Kolkata,2024-01-15,323.5,139.88,237.58,42.1,11.3,0.88
Kolkata,2024-01-16,301.21,116.59,204.1,51.77,10.29,0.87
Kolkata,2024-01-17,263.46,99.03,166.28,48.55,7.88,0.79
Kolkata,2024-01-18,219.04,103.19,162.98,51.12,11.97,0.67
Kolkata,2024-01-19,217.25,91.11,145.82,51.52,9.93,0.67
Kolkata,2024-01-20,244.95,124.94,212.54,68.81,13.07,1.02
Kolkata,2024-01-21,313.71,147.98,253.63,84.82,11.57,1.17
Kolkata,2024-01-22,315.08,137.2,236.85,66.28,12.85,0.8
Kolkata,2024-01-23,294.79,132.69,237.13,80.46,16.3,1.0
Kolkata,2024-01-24,287.67,112.5,184.87,52.64,13.35,0.6
Kolkata,2024-01-25,232.7,109.74,199.63,68.32,13.4,1.16
Kolkata,2024-01-26,283.75,129.29,209.15,62.21,13.76,1.0
Kolkata,2024-01-27,263.46,98.85,167.77,79.29,12.44,1.11
Kolkata,2024-01-28,237.96,115.18,198.97,81.66,13.58,1.2
Kolkata,2024-01-29,246.08,98.28,175.5,66.47,18.03,0.76
Kolkata,2024-01-30,193.62,69.2,125.59,39.24,21.97,0.43
Kolkata,2024-01-31,102.21,58.32,103.75,34.04,15.9,0.4
Kolkata,2024-02-01,101.71,60.04,101.43,50.52,5.13,0.24
Kolkata,2024-02-02,110.71,66.0,108.1,50.88,15.32,0.19
Kolkata,2024-02-03,136.46,71.0,129.98,56.27,16.06,0.19
Kolkata,2024-02-04,171.38,78.6,149.96,63.35,16.46,0.26
Kolkata,2024-02-05,151.92,72.44,141.25,60.78,14.15,0.12
Kolkata,2024-02-06,130.62,65.12,119.26,37.92,11.62,0.0
Kolkata,2024-02-07,130.21,59.81,119.08,50.34,11.8,0.04
Kolkata,2024-02-08,108.83,53.91,114.75,64.95,16.05,0.09
Kolkata,2024-02-09,105.0,57.94,115.27,59.42,18.53,0.13
Kolkata,2024-02-10,139.04,93.14,167.01,73.48,21.28,0.33
Kolkata,2024-02-11,222.17,92.24,177.17,88.29,18.16,0.58
Kolkata,2024-02-12,226.35,108.77,209.24,110.74,21.38,1.1
Kolkata,2024-02-13,222.67,100.19,194.71,86.73,22.51,0.68
Kolkata,2024-02-14,245.04,93.54,175.69,64.35,20.85,0.55
Kolkata,2024-02-15,214.79,102.3,186.55,64.41,25.39,0.45
Kolkata,2024-02-16,188.46,84.49,156.95,52.29,24.45,0.18
Kolkata,2024-02-17,218.88,87.2,164.29,61.89,16.45,0.41
Kolkata,2024-02-18,160.78,71.0,128.61,37.14,19.97,0.01
Kolkata,2024-02-19,101.46,47.37,79.94,25.28,18.6,0.0
Kolkata,2024-02-20,82.54,39.62,78.51,19.3,9.36,0.0
Kolkata,2024-02-21,75.88,44.08,94.83,40.27,12.86,0.21
Kolkata,2024-02-22,119.04,69.17,136.28,39.29,10.48,0.3
Kolkata,2024-02-23,115.79,44.63,78.96,43.87,10.79,0.0
Kolkata,2024-02-24,92.54,56.98,116.72,52.49,16.78,0.12
Kolkata,2024-02-25,103.33,48.34,85.89,37.92,12.27,0.09
Kolkata,2024-02-26,85.05,48.93,100.8,48.54,16.92,0.15
Kolkata,2024-02-27,109.5,65.47,137.35,67.54,28.13,0.27
Kolkata,2024-02-28,142.21,69.15,134.56,49.75,23.27,0.23
Kolkata,2024-02-29,169.38,74.11,148.97,75.32,21.45,0.42
Kolkata,2024-03-01,134.75,68.81,142.55,61.81,22.13,0.17
Kolkata,2024-03-02,132.29,72.98,149.66,57.63,14.65,0.21
Kolkata,2024-03-03,124.75,58.05,115.45,31.44,11.82,0.06
Kolkata,2024-03-04,114.71,56.96,114.52,35.17,12.8,0.03
Kolkata,2024-03-05,100.21,54.82,105.8,39.66,14.83,0.02
Kolkata,2024-03-06,106.5,51.34,113.14,57.84,14.25,0.06
Kolkata,2024-03-07,115.83,61.07,134.98,72.01,17.14,0.04
Kolkata,2024-03-08,128.3,61.05,126.75,73.73,20.6,0.22
Kolkata,2024-03-09,124.58,66.37,138.33,80.37,16.83,0.52
Kolkata,2024-03-10,151.54,71.83,137.98,66.97,19.54,0.29
Kolkata,2024-03-11,125.44,68.61,138.81,66.7,21.2,0.19
Kolkata,2024-03-12,104.29,52.04,114.6,28.4,5.66,0.0
Kolkata,2024-03-13,96.26,37.05,74.61,75.16,2.71,0.0
Kolkata,2024-03-14,72.48,36.38,75.13,51.96,2.69,0.0
Kolkata,2024-03-15,85.21,40.39,86.33,52.95,5.87,0.0
Kolkata,2024-03-16,74.5,36.83,66.64,18.04,4.25,0.0
Kolkata,2024-03-17,69.29,41.33,76.27,30.76,9.65,0.03
Kolkata,2024-03-18,89.21,55.97,101.02,44.14,13.61,0.11
Kolkata,2024-03-19,101.04,41.56,88.66,37.79,21.29,0.0
Kolkata,2024-03-20,60.08,19.86,36.66,23.78,6.39,0.0
Kolkata,2024-03-21,43.55,26.84,51.45,24.83,8.3,0.01
Kolkata,2024-03-22,78.0,53.93,104.4,26.89,11.39,0.25
Kolkata,2024-03-23,105.5,52.41,93.51,9.94,11.42,0.02
Kolkata,2024-03-24,65.33,31.15,55.28,14.15,8.79,0.0
Kolkata,2024-03-25,56.75,30.67,52.98,40.88,4.4,0.0
Kolkata,2024-03-26,47.79,27.43,45.45,31.46,7.78,0.0
Kolkata,2024-03-27,52.38,31.82,59.13,28.73,5.12,0.01
Kolkata,2024-03-28,62.71,41.47,78.03,37.42,6.06,0.06
Kolkata,2024-03-29,82.18,41.46,74.47,14.98,3.23,0.0
Kolkata,2024-03-30,66.08,34.45,61.84,18.94,2.08,0.0
Kolkata,2024-03-31,70.0,35.94,73.57,16.16,3.61,0.0
Kolkata,2024-04-01,75.25,46.49,82.37,25.48,12.49,0.0
Kolkata,2024-04-02,88.5,46.27,102.83,28.98,8.6,0.0
Kolkata,2024-04-03,101.08,43.88,93.78,23.37,9.96,0.0
Kolkata,2024-04-04,77.96,36.79,62.14,13.52,2.73,0.0
Kolkata,2024-04-05,68.46,48.73,90.55,22.62,3.88,0.07
Kolkata,2024-04-06,98.71,50.68,85.82,16.63,6.32,0.0
Kolkata,2024-04-07,76.33,39.58,69.4,20.67,6.45,0.05
Kolkata,2024-04-08,71.83,39.16,70.64,39.49,12.43,0.0
Kolkata,2024-04-09,74.12,44.81,81.91,57.69,19.4,0.21
Kolkata,2024-04-10,112.12,69.72,130.89,63.11,19.25,0.21
Kolkata,2024-04-11,147.17,70.05,126.13,59.35,17.93,0.39
Kolkata,2024-04-12,107.38,45.59,89.79,29.39,18.92,0.0
Kolkata,2024-04-13,96.25,51.57,99.4,31.01,17.77,0.0
Kolkata,2024-04-14,93.42,43.4,82.45,20.28,15.37,0.0
Kolkata,2024-04-15,81.92,44.29,89.34,19.41,9.76,0.0
Kolkata,2024-04-16,79.21,36.52,75.65,24.41,8.39,0.0
Kolkata,2024-04-17,87.17,46.96,95.98,21.93,10.85,0.0
Kolkata,2024-04-18,92.5,36.83,92.71,40.77,9.12,0.12
Kolkata,2024-04-19,96.67,41.67,98.71,20.69,15.11,0.0
Kolkata,2024-04-20,82.96,29.65,70.28,15.63,3.62,0.0
Kolkata,2024-04-21,65.96,27.61,70.31,16.03,2.96,0.0
Kolkata,2024-04-22,79.38,40.85,96.39,18.09,5.44,0.09
Kolkata,2024-04-23,98.83,45.05,93.56,16.62,19.37,0.09
Kolkata,2024-04-24,91.88,47.41,91.96,15.69,18.4,0.0
Kolkata,2024-04-25,104.29,43.86,102.49,17.49,14.96,0.02
Kolkata,2024-04-26,90.61,35.61,72.68,13.16,4.4,0.0
Kolkata,2024-04-27,104.92,32.79,78.47,12.88,8.58,0.0
Kolkata,2024-04-28,96.25,34.25,76.41,12.37,6.15,0.0
Kolkata,2024-04-29,116.54,50.0,96.0,13.15,16.02,0.0
Kolkata,2024-04-30,121.12,46.03,90.83,12.43,19.67,0.0
Kolkata,2024-05-01,119.83,46.25,115.25,12.22,15.58,0.0
Kolkata,2024-05-02,112.46,37.32,87.99,12.57,12.13,0.0
Kolkata,2024-05-03,91.25,33.08,93.14,10.56,8.01,0.0
Kolkata,2024-05-04,80.67,26.39,57.77,9.85,5.07,0.0
Kolkata,2024-05-05,55.83,25.0,59.94,9.26,5.16,0.0
Kolkata,2024-05-06,56.88,16.52,48.79,10.53,5.99,0.0
Kolkata,2024-05-07,61.71,12.11,27.92,19.59,8.48,0.0
Kolkata,2024-05-08,56.67,10.52,24.81,16.32,6.92,0.0
Kolkata,2024-05-09,47.25,14.6,40.98,18.47,6.49,0.0
Kolkata,2024-05-10,47.79,17.65,36.4,18.98,9.53,0.0
Kolkata,2024-05-11,39.67,14.58,34.26,17.35,6.34,0.0
Kolkata,2024-05-12,47.92,23.12,46.29,19.88,6.82,0.0
Kolkata,2024-05-13,54.88,25.82,50.64,21.95,8.08,0.0
Kolkata,2024-05-14,51.3,26.09,45.58,16.52,8.9,0.0
Kolkata,2024-05-15,45.33,20.89,42.85,15.93,8.27,0.0
Kolkata,2024-05-16,44.08,16.46,37.46,14.46,5.71,0.0
Kolkata,2024-05-17,41.46,19.67,35.89,12.7,4.95,0.0
Kolkata,2024-05-18,51.58,25.22,53.62,18.35,8.13,0.0
Kolkata,2024-05-19,56.08,23.81,43.01,18.2,8.51,0.0
Kolkata,2024-05-20,41.0,10.6,23.09,15.74,6.06,0.0
Kolkata,2024-05-21,34.67,14.6,39.29,19.52,7.86,0.0
Kolkata,2024-05-22,35.38,10.46,29.37,25.79,4.07,0.13
Kolkata,2024-05-23,40.57,17.63,36.63,16.44,4.68,0.0
Kolkata,2024-05-24,45.38,18.78,52.63,16.65,6.39,0.0
Kolkata,2024-05-25,54.65,18.92,59.53,21.08,4.27,0.0
Kolkata,2024-05-26,49.65,9.25,34.47,11.26,4.05,0.0
Kolkata,2024-05-27,49.36,9.32,29.38,13.65,4.21,0.0
Kolkata,2024-05-29,85.81,30.08,84.21,7.68,2.67,0.0
Kolkata,2024-05-30,77.21,23.02,67.83,8.51,4.11,0.0
Kolkata,2024-05-31,55.96,20.98,39.87,20.31,6.26,0.0
Kolkata,2024-06-01,49.88,20.84,51.53,8.59,2.91,0.0
Kolkata,2024-06-02,49.21,16.39,48.43,8.13,2.49,0.0
Kolkata,2024-06-03,56.88,17.74,41.96,12.19,3.33,0.0
Kolkata,2024-06-04,51.04,23.74,51.17,12.48,2.77,0.0
Kolkata,2024-06-05,63.38,29.67,62.43,22.99,5.59,0.0
Kolkata,2024-06-06,66.71,32.72,66.91,15.39,4.76,0.0
Kolkata,2024-06-07,68.38,31.46,63.07,14.69,5.38,0.0
Kolkata,2024-06-08,57.83,27.37,54.94,12.0,4.29,0.0
Kolkata,2024-06-09,58.83,27.09,61.13,13.51,4.13,0.0
Kolkata,2024-06-10,62.08,25.74,57.65,10.08,3.64,0.0
Kolkata,2024-06-11,53.25,16.35,44.32,8.56,2.78,0.0
Kolkata,2024-06-12,45.26,21.14,45.84,10.04,3.77,0.0
Kolkata,2024-06-13,49.08,23.82,51.98,10.8,3.17,0.0
Kolkata,2024-06-14,59.42,30.2,66.56,12.81,2.59,0.0
Kolkata,2024-06-15,66.54,28.27,59.51,11.43,4.15,0.0
Kolkata,2024-06-16,54.67,24.52,49.45,11.79,4.11,0.0
Kolkata,2024-06-17,49.88,25.63,51.34,10.6,3.91,0.0
Kolkata,2024-06-18,54.29,27.39,55.4,15.29,4.19,0.0
Kolkata,2024-06-19,57.33,26.91,54.99,21.02,3.04,0.0
Kolkata,2024-06-20,45.71,15.69,33.17,16.11,4.23,0.0
Kolkata,2024-06-21,37.67,24.42,43.6,17.89,3.36,0.01
Kolkata,2024-06-22,38.54,15.55,28.37,14.47,4.94,0.0
Kolkata,2024-06-23,26.12,8.53,22.58,12.8,2.77,0.0
Kolkata,2024-06-24,28.38,13.18,36.23,11.84,3.21,0.0
Kolkata,2024-06-25,38.62,18.24,37.6,11.56,4.02,0.0
Kolkata,2024-06-26,34.17,10.15,31.09,11.76,2.88,0.0
Kolkata,2024-06-27,28.12,9.9,21.12,12.43,5.96,0.0
Kolkata,2024-06-28,24.83,10.09,23.26,14.47,5.06,0.0
Kolkata,2024-06-29,23.13,13.61,24.6,15.6,2.62,0.01
Kolkata,2024-06-30,33.71,27.44,43.87,17.26,2.81,0.0
Lucknow,2024-01-01,97.58,68.26,116.61,9.31,18.48,0.6
Lucknow,2024-01-02,138.58,60.26,109.16,9.25,18.55,0.5
Lucknow,2024-01-03,99.0,72.67,107.65,9.26,18.6,0.78
Lucknow,2024-01-04,180.46,69.34,105.8,9.25,18.62,0.61
Lucknow,2024-01-05,88.62,34.11,64.95,9.23,17.95,0.36
Lucknow,2024-01-06,87.58,68.37,113.48,9.22,18.34,0.62
Lucknow,2024-01-07,125.75,43.55,84.13,9.26,18.92,0.28
Lucknow,2024-01-08,88.08,52.98,101.77,9.38,19.31,0.36
Lucknow,2024-01-09,95.0,55.49,93.86,9.31,18.79,0.48
Lucknow,2024-01-10,97.43,48.89,96.41,9.25,18.64,0.35
Lucknow,2024-01-11,96.25,59.62,109.01,9.25,18.9,0.49
Lucknow,2024-01-12,145.75,75.58,129.48,9.22,18.98,0.64
Lucknow,2024-01-13,154.46,86.77,151.89,9.27,19.61,0.66
Lucknow,2024-01-14,233.7,112.35,174.7,9.24,19.81,1.27
Lucknow,2024-01-15,164.08,48.39,82.71,9.25,18.64,0.56
Lucknow,2024-01-16,81.67,45.44,89.94,9.43,18.44,0.46
Lucknow,2024-01-17,85.25,46.54,84.62,9.42,18.48,0.38
Lucknow,2024-01-18,90.71,51.66,86.68,9.29,18.51,0.35
Lucknow,2024-01-19,95.88,53.83,90.5,9.24,18.6,0.38
Lucknow,2024-01-20,89.5,48.16,93.04,9.28,18.47,0.3
Lucknow,2024-01-21,103.25,53.98,110.09,9.27,18.78,0.33
Lucknow,2024-01-22,114.88,101.72,162.51,9.29,19.0,0.64
Lucknow,2024-01-23,269.92,148.25,251.09,9.32,20.8,1.4
Lucknow,2024-01-24,135.5,43.34,82.81,9.29,19.22,0.6
Lucknow,2024-01-25,150.09,96.75,143.36,9.27,19.2,1.05
Lucknow,2024-01-26,189.92,92.68,142.52,9.27,19.49,1.28
Lucknow,2024-01-27,185.38,69.1,113.66,9.24,19.62,0.74
Lucknow,2024-01-28,134.58,70.2,106.36,9.27,19.16,0.8
Lucknow,2024-01-29,158.71,83.67,132.3,9.27,19.74,0.85
Lucknow,2024-01-30,221.12,104.0,174.64,9.29,21.01,1.14
Lucknow,2024-01-31,203.17,82.47,143.22,9.28,20.83,1.19
Lucknow,2024-02-01,142.08,65.88,111.85,8.8,19.53,0.05
Lucknow,2024-02-02,116.11,20.06,68.51,8.89,20.32,0.0
Lucknow,2024-02-03,63.5,26.19,60.0,8.86,19.65,0.0
Lucknow,2024-02-05,59.33,25.85,59.59,8.93,19.27,0.0
Lucknow,2024-02-06,60.21,30.35,69.57,8.91,19.01,0.0
Lucknow,2024-02-07,79.92,35.23,80.8,8.92,20.04,0.0
Lucknow,2024-02-08,82.21,37.17,85.26,8.89,20.21,0.0
Lucknow,2024-02-09,86.5,44.95,102.71,11.68,21.71,0.12
Lucknow,2024-02-10,151.29,76.49,174.57,8.52,32.93,0.61
Lucknow,2024-02-11,140.67,62.51,142.52,8.64,28.12,0.33
Lucknow,2024-02-12,122.91,58.38,133.39,8.92,20.61,0.31
Lucknow,2024-02-13,111.25,43.74,100.05,8.94,20.58,0.12
Lucknow,2024-02-14,110.25,63.23,144.24,8.93,21.31,0.18
Lucknow,2024-02-15,128.46,58.15,132.59,8.9,21.38,0.51
Lucknow,2024-02-16,129.96,70.16,160.03,8.92,21.83,0.23
Lucknow,2024-02-17,129.08,61.91,141.23,8.86,22.2,0.17
Lucknow,2024-02-18,135.04,58.78,134.3,8.86,21.57,0.28
Lucknow,2024-02-19,106.88,45.83,104.76,8.88,22.51,0.0
Lucknow,2024-02-20,101.04,47.03,107.68,8.8,22.38,0.0
Lucknow,2024-02-21,82.83,30.48,69.83,8.86,21.26,0.01
Lucknow,2024-02-22,90.17,41.6,95.24,8.8,21.2,0.04
Lucknow,2024-02-23,84.54,41.15,94.14,8.91,21.97,0.02
Lucknow,2024-02-24,95.04,43.19,98.59,8.91,21.2,0.18
Lucknow,2024-02-25,102.29,44.9,102.54,8.84,21.47,0.15
Lucknow,2024-02-26,87.64,42.3,96.74,8.85,23.5,0.05
Lucknow,2024-02-27,104.75,49.7,113.74,8.88,23.32,0.05
Lucknow,2024-02-28,99.12,47.04,96.21,8.9,23.1,0.0
Lucknow,2024-02-29,103.62,53.38,86.84,8.9,23.75,0.0
Lucknow,2024-03-01,100.46,51.96,108.52,8.89,24.22,0.0
Lucknow,2024-03-02,85.79,35.82,68.66,8.91,22.07,0.0
Lucknow,2024-03-03,57.5,,40.83,8.82,21.21,0.0
Lucknow,2024-03-04,39.46,16.29,49.22,8.8,21.5,0.0
Lucknow,2024-03-05,61.17,18.83,66.71,8.89,22.09,0.0
Lucknow,2024-03-06,72.08,31.46,80.99,8.86,23.05,0.0
Lucknow,2024-03-07,84.75,32.96,85.0,8.85,23.0,0.0
Lucknow,2024-03-08,85.3,29.38,83.27,8.81,23.09,0.0
Lucknow,2024-03-09,76.79,25.96,78.66,8.89,23.35,0.0
Lucknow,2024-03-10,86.54,38.08,90.92,8.86,22.65,0.08
Lucknow,2024-03-11,98.62,47.79,110.27,8.84,23.36,0.1
Lucknow,2024-03-12,99.79,44.0,107.55,8.78,24.47,0.0
Lucknow,2024-03-13,99.17,34.21,95.52,8.81,24.64,0.15
Lucknow,2024-03-14,95.09,37.04,95.07,8.81,24.21,0.09
Lucknow,2024-03-15,84.21,25.29,89.27,8.84,23.26,0.0
Lucknow,2024-03-16,103.92,43.38,126.66,8.83,24.29,0.0
Lucknow,2024-03-17,124.46,62.61,155.99,8.82,24.36,0.0
Lucknow,2024-03-18,154.5,73.54,172.03,8.82,25.05,0.03
Lucknow,2024-03-19,162.08,76.5,174.33,8.84,24.99,0.05
Lucknow,2024-03-20,170.96,73.79,185.52,8.68,25.72,0.14
Lucknow,2024-03-21,110.32,47.71,87.68,8.81,22.94,0.0
Lucknow,2024-03-22,117.42,66.29,116.28,8.73,25.62,0.0
Lucknow,2024-03-23,127.5,59.67,132.18,8.85,25.35,0.0
Lucknow,2024-03-24,124.29,54.96,133.57,8.85,25.61,0.07
Lucknow,2024-03-25,179.88,104.96,170.21,8.83,27.04,0.47
Lucknow,2024-03-26,122.29,41.21,97.54,8.81,24.98,0.0
Lucknow,2024-03-27,103.21,51.33,116.56,8.77,26.48,0.0
Lucknow,2024-03-28,134.79,77.26,155.74,8.86,26.7,0.02
Lucknow,2024-03-29,164.59,78.7,148.77,8.75,26.75,0.0
Lucknow,2024-03-30,190.75,83.09,164.88,8.8,27.32,0.0
Lucknow,2024-03-31,148.92,52.0,146.33,8.78,26.27,0.0
Lucknow,2024-04-01,125.5,37.95,140.3,8.75,26.1,0.0
Lucknow,2024-04-02,112.33,33.75,105.2,8.77,26.03,0.0
Lucknow,2024-04-03,111.79,44.46,122.66,8.77,26.78,0.06
Lucknow,2024-04-04,114.12,48.48,129.93,8.78,27.72,0.01
Lucknow,2024-04-05,118.46,42.17,121.33,8.83,28.2,0.0
Lucknow,2024-04-06,104.75,37.04,99.55,8.7,26.46,0.0
Lucknow,2024-04-07,92.25,39.25,102.79,8.83,27.27,0.0
Lucknow,2024-04-08,83.46,37.54,97.56,8.84,26.36,0.07
Lucknow,2024-04-09,112.12,49.96,143.17,8.79,28.42,0.14
Lucknow,2024-04-10,102.62,36.62,89.41,8.81,27.85,0.0
Lucknow,2024-04-11,91.88,36.43,98.76,8.8,27.07,0.0
Lucknow,2024-04-12,105.5,43.17,116.58,8.79,29.03,0.0
Lucknow,2024-04-13,101.25,39.17,101.3,8.83,26.06,0.01
Lucknow,2024-04-14,94.54,40.83,89.25,8.76,27.21,0.0
Lucknow,2024-04-15,106.96,61.12,141.95,8.76,28.12,0.0
Lucknow,2024-04-16,119.75,43.96,129.16,8.76,27.14,0.0
Lucknow,2024-04-17,128.58,35.83,169.53,8.66,26.51,0.0
Lucknow,2024-04-18,151.5,35.88,176.33,8.76,27.08,0.0
Lucknow,2024-04-19,147.04,41.0,153.66,8.67,27.25,0.0
Lucknow,2024-04-20,141.92,50.0,179.74,8.77,25.76,0.0
Lucknow,2024-04-21,166.5,45.38,176.67,8.77,26.92,0.0
Lucknow,2024-04-22,130.83,40.96,129.02,8.68,26.28,0.01
Lucknow,2024-04-23,106.17,44.52,121.92,8.79,24.94,0.0
Lucknow,2024-04-24,121.12,41.96,133.64,8.78,25.73,0.0
Lucknow,2024-04-25,115.67,55.65,133.7,8.71,27.94,0.0
Lucknow,2024-04-26,127.13,48.75,139.28,8.72,28.65,0.0
Lucknow,2024-04-27,111.67,38.91,110.36,8.78,28.3,0.0
Lucknow,2024-04-28,133.17,53.88,172.83,8.76,27.74,0.0
Lucknow,2024-04-29,135.54,55.46,150.3,8.85,28.57,0.14
Lucknow,2024-04-30,156.29,60.58,197.55,8.75,28.43,0.14
Lucknow,2024-05-01,153.92,73.09,170.63,8.66,28.34,0.0
Lucknow,2024-05-02,151.17,60.42,159.04,8.62,28.89,0.0
Lucknow,2024-05-03,145.5,66.25,163.22,8.73,29.4,0.0
Lucknow,2024-05-04,177.5,89.45,202.65,8.82,29.81,0.0
Lucknow,2024-05-05,191.62,81.81,160.45,8.79,31.61,0.02
Lucknow,2024-05-06,156.29,63.13,172.09,8.75,29.36,0.17
Lucknow,2024-05-07,138.38,26.83,132.75,8.85,28.43,0.01
Lucknow,2024-05-08,85.75,7.17,68.96,8.81,28.22,0.0
Lucknow,2024-05-09,64.42,28.87,59.7,8.81,29.31,0.0
Lucknow,2024-05-10,77.0,40.21,82.29,8.79,29.03,0.0
Lucknow,2024-05-11,98.0,45.95,121.76,8.85,27.86,0.0
Lucknow,2024-05-12,83.25,39.74,77.78,8.82,26.7,0.0
Lucknow,2024-05-13,88.21,54.15,99.62,8.76,27.79,0.0
Lucknow,2024-05-14,105.09,56.05,112.97,8.79,27.94,0.0
Lucknow,2024-05-15,118.67,50.21,130.15,8.77,28.46,0.01
Lucknow,2024-05-16,114.54,58.71,120.98,8.74,29.8,0.0
Lucknow,2024-05-17,146.12,80.98,165.46,8.73,34.36,0.21
Lucknow,2024-05-18,148.75,59.35,133.26,8.78,31.95,0.25
Lucknow,2024-05-19,137.38,74.58,160.72,8.74,31.07,0.02
Lucknow,2024-05-20,129.83,64.96,145.74,8.72,31.86,0.0
Lucknow,2024-05-21,119.0,32.05,82.7,8.73,28.35,0.0
Lucknow,2024-05-22,79.08,41.09,80.35,8.77,28.04,0.0
Lucknow,2024-05-23,76.74,30.28,73.75,10.32,27.36,0.0
Lucknow,2024-05-24,73.38,42.65,78.11,8.77,29.29,0.0
Lucknow,2024-05-25,87.87,48.35,88.03,8.73,28.86,0.0
Lucknow,2024-05-26,88.78,52.5,95.69,8.66,29.36,0.0
Lucknow,2024-05-27,96.92,46.95,105.74,8.7,29.82,0.0
Lucknow,2024-05-28,96.54,34.65,93.89,8.68,28.72,0.0
Lucknow,2024-05-29,106.12,52.55,138.75,8.75,21.78,0.0
Lucknow,2024-05-30,151.83,50.68,195.99,8.74,15.71,0.0
Lucknow,2024-05-31,149.96,38.77,150.11,8.68,14.68,0.0
Lucknow,2024-06-01,119.83,43.55,113.49,8.74,14.23,0.0
Lucknow,2024-06-02,119.88,48.74,133.29,8.7,12.74,0.0
Lucknow,2024-06-03,112.62,45.59,123.81,8.74,12.35,0.0
Lucknow,2024-06-04,152.25,47.43,186.09,8.73,11.77,0.0
Lucknow,2024-06-05,121.71,45.77,103.84,8.69,11.17,0.0
Lucknow,2024-06-06,88.0,40.55,73.08,8.65,10.57,0.0
Lucknow,2024-06-07,110.21,53.39,143.04,8.83,11.41,0.0
Lucknow,2024-06-08,134.88,48.18,164.8,8.75,13.06,0.0
Lucknow,2024-06-09,128.17,45.9,165.18,8.73,12.71,0.0
Lucknow,2024-06-10,90.29,40.48,100.15,8.79,11.68,0.0
Lucknow,2024-06-11,101.92,35.75,121.2,8.76,13.5,0.0
Lucknow,2024-06-12,116.43,39.82,129.83,8.67,12.58,0.0
Lucknow,2024-06-13,122.0,41.25,140.66,8.74,12.9,0.0
Lucknow,2024-06-14,125.42,31.03,144.07,8.73,12.2,0.0
Lucknow,2024-06-15,130.21,34.18,140.01,8.8,12.8,0.0
Lucknow,2024-06-16,136.42,40.45,154.12,8.66,13.15,0.0
Lucknow,2024-06-17,133.17,45.32,156.25,8.66,13.34,0.0
Lucknow,2024-06-18,125.33,34.88,157.53,8.59,11.77,0.0
Lucknow,2024-06-19,131.54,29.15,115.08,8.79,10.46,0.0
Lucknow,2024-06-20,98.33,30.09,77.22,8.76,10.56,0.0
Lucknow,2024-06-21,68.5,29.52,65.71,8.67,10.93,0.0
Lucknow,2024-06-22,65.21,36.71,61.36,8.72,10.56,0.0
Lucknow,2024-06-23,60.75,34.71,53.54,8.74,10.75,0.0
Lucknow,2024-06-24,74.54,50.38,73.06,8.73,10.55,0.0
Lucknow,2024-06-25,98.29,58.32,83.78,8.75,10.17,0.0
Lucknow,2024-06-26,114.96,52.74,65.51,8.74,10.49,0.0
Lucknow,2024-06-27,70.04,37.24,50.69,8.74,10.23,0.0
Lucknow,2024-06-28,69.71,39.09,54.56,8.77,10.1,0.0
Lucknow,2024-06-29,96.13,98.28,43.97,8.8,9.81,0.0
Lucknow,2024-06-30,121.29,71.96,28.43,8.71,10.0,0.0
Mumbai,2024-01-02,162.16,81.82,152.26,34.45,2.07,1.06
Mumbai,2024-01-03,130.0,67.12,120.42,37.14,1.9,1.38
Mumbai,2024-01-04,145.38,68.35,137.94,31.07,2.96,1.11
Mumbai,2024-01-05,172.25,96.32,161.25,37.03,1.28,1.57
Mumbai,2024-01-06,209.79,88.72,157.66,38.14,1.56,1.32
Mumbai,2024-01-07,170.42,70.11,132.43,35.86,2.23,0.97
Mumbai,2024-01-08,111.52,50.13,104.01,34.5,4.74,1.0
Mumbai,2024-01-09,103.04,54.36,108.03,29.03,7.84,0.82
Mumbai,2024-01-10,86.87,41.55,108.9,30.56,3.13,0.93
Mumbai,2024-01-11,134.46,82.35,155.43,29.79,3.89,1.19
Mumbai,2024-01-12,175.25,74.29,147.46,31.54,2.21,1.2
Mumbai,2024-01-13,148.96,76.4,159.96,31.1,3.21,1.47
Mumbai,2024-01-14,139.83,52.8,143.76,24.44,3.27,0.94
Mumbai,2024-01-15,107.33,34.17,97.22,23.7,4.19,0.76
Mumbai,2024-01-16,100.42,51.34,125.63,30.54,5.4,0.58
Mumbai,2024-01-17,153.42,79.77,179.4,30.51,4.5,0.95
Mumbai,2024-01-18,161.83,71.83,175.01,27.77,5.04,1.03
Mumbai,2024-01-19,130.08,68.85,152.29,31.87,5.56,0.93
Mumbai,2024-01-20,209.73,97.36,220.28,33.34,6.18,1.51
Mumbai,2024-01-21,163.36,67.25,146.07,30.94,5.29,1.11
Mumbai,2024-01-23,139.38,58.52,137.64,27.98,7.02,0.86
Mumbai,2024-01-24,132.08,58.36,156.04,30.44,5.82,1.03
Mumbai,2024-01-25,120.13,49.09,133.67,34.63,8.49,1.32
Mumbai,2024-01-26,148.08,58.37,121.33,28.6,7.47,1.1
Mumbai,2024-01-27,99.25,53.01,112.95,34.87,6.25,1.22
Mumbai,2024-01-28,156.0,66.64,179.03,28.08,7.12,1.18
Mumbai,2024-01-29,130.79,65.44,147.16,32.44,10.07,1.55
Mumbai,2024-01-30,140.21,66.09,173.0,32.26,6.64,1.0
Mumbai,2024-01-31,131.75,59.89,121.84,31.66,6.63,0.88
Mumbai,2024-02-01,108.25,40.35,104.3,21.88,1.65,0.11
Mumbai,2024-02-02,97.75,46.37,115.47,20.72,2.2,0.14
Mumbai,2024-02-03,152.58,86.59,206.97,31.68,4.3,0.26
Mumbai,2024-02-04,228.22,113.25,270.44,31.44,6.73,1.17
Mumbai,2024-02-05,253.29,88.6,193.6,32.21,4.9,0.67
Mumbai,2024-02-06,153.96,56.44,167.82,26.07,5.33,0.68
Mumbai,2024-02-07,137.42,60.18,156.4,19.92,4.12,0.04
Mumbai,2024-02-08,145.21,51.53,174.32,30.05,3.81,0.05
Mumbai,2024-02-09,153.46,58.67,169.1,30.05,3.62,0.57
Mumbai,2024-02-10,149.42,54.4,166.34,34.04,5.8,0.54
Mumbai,2024-02-11,158.04,61.74,184.06,33.58,7.08,0.62
Mumbai,2024-02-12,146.45,70.75,171.19,36.04,6.76,0.6
Mumbai,2024-02-13,160.04,65.4,186.82,36.93,3.91,0.31
Mumbai,2024-02-14,148.42,65.41,165.72,31.38,5.8,0.02
Mumbai,2024-02-15,180.45,93.08,292.07,41.76,6.06,0.44
Mumbai,2024-02-18,182.1,79.46,185.26,30.97,3.95,0.45
Mumbai,2024-02-19,143.79,56.81,147.13,25.33,2.05,0.35
Mumbai,2024-02-20,143.54,44.61,161.33,19.97,1.13,0.08
Mumbai,2024-02-21,99.71,24.72,83.6,12.17,0.79,0.0
Mumbai,2024-02-22,94.58,31.04,123.33,12.07,0.35,0.05
Mumbai,2024-02-23,125.21,37.95,147.85,19.74,1.34,0.06
Mumbai,2024-02-24,167.12,64.53,206.66,26.89,4.99,0.04
Mumbai,2024-02-25,199.33,81.11,234.35,29.28,4.57,0.22
Mumbai,2024-02-26,211.55,77.43,229.05,31.65,6.53,0.34
Mumbai,2024-02-27,199.38,66.09,195.52,28.05,2.54,0.43
Mumbai,2024-02-28,178.0,64.08,216.99,26.44,5.25,0.33
Mumbai,2024-02-29,197.71,76.69,188.27,25.8,4.49,0.51
Mumbai,2024-03-01,139.08,45.28,137.61,20.33,2.24,0.15
Mumbai,2024-03-02,95.38,25.27,72.29,9.94,0.33,0.0
Mumbai,2024-03-03,58.0,10.4,49.69,5.05,0.19,0.0
Mumbai,2024-03-04,57.25,23.68,68.48,11.7,0.52,0.0
Mumbai,2024-03-05,121.71,57.76,189.31,25.35,5.23,0.22
Mumbai,2024-03-06,174.62,50.77,179.79,24.32,5.49,0.11
Mumbai,2024-03-07,136.21,44.91,136.99,24.74,6.37,0.04
Mumbai,2024-03-08,159.13,48.05,187.82,21.42,7.44,0.2
Mumbai,2024-03-09,166.46,49.29,182.38,22.29,6.53,0.17
Mumbai,2024-03-10,142.62,39.88,149.14,15.49,6.29,0.05
Mumbai,2024-03-11,113.52,44.56,132.8,20.76,5.47,0.1
Mumbai,2024-03-12,129.1,42.7,140.02,17.99,6.15,0.01
Mumbai,2024-03-13,101.91,23.51,79.89,8.09,1.34,0.0
Mumbai,2024-03-14,78.96,24.55,100.92,10.32,0.03,0.0
Mumbai,2024-03-15,119.38,37.16,163.43,9.69,0.75,0.0
Mumbai,2024-03-16,159.58,47.02,189.95,10.33,1.08,0.0
Mumbai,2024-03-17,142.21,43.97,143.35,8.4,1.0,0.0
Mumbai,2024-03-18,126.79,44.24,144.17,8.76,0.94,0.02
Mumbai,2024-03-19,140.08,57.77,163.92,13.58,1.24,0.01
Mumbai,2024-03-20,163.92,67.04,225.43,21.51,5.46,0.29
Mumbai,2024-03-21,165.24,59.73,187.97,25.34,6.43,0.43
Mumbai,2024-03-22,181.17,69.85,176.24,15.16,1.24,0.21
Mumbai,2024-03-23,136.58,47.94,141.03,11.3,0.3,0.2
Mumbai,2024-03-24,109.04,32.99,100.07,6.92,0.01,0.0
Mumbai,2024-03-25,96.43,35.1,87.31,5.59,0.32,0.16
Mumbai,2024-03-26,83.0,29.44,94.97,7.39,0.15,0.11
Mumbai,2024-03-27,102.67,33.69,99.46,7.13,0.02,0.03
Mumbai,2024-03-28,103.33,29.7,104.39,8.12,0.04,0.04
Mumbai,2024-03-29,109.1,40.04,130.4,9.19,2.35,0.1
Mumbai,2024-03-30,120.88,34.98,136.38,7.25,0.48,0.02
Mumbai,2024-03-31,117.04,31.15,120.07,8.24,0.4,0.16
Mumbai,2024-04-01,116.12,42.14,155.99,6.75,0.49,0.02
Mumbai,2024-04-02,178.42,54.85,235.0,8.09,0.29,0.02
Mumbai,2024-04-03,166.83,45.05,153.77,9.06,0.58,0.0
Mumbai,2024-04-04,113.58,33.64,98.7,8.4,0.2,0.0
Mumbai,2024-04-05,91.54,31.09,95.25,8.35,0.95,0.0
Mumbai,2024-04-06,112.96,47.35,148.58,12.2,1.81,0.12
Mumbai,2024-04-07,138.0,32.39,100.28,6.01,1.33,0.0
Mumbai,2024-04-09,102.11,39.93,124.88,7.89,0.45,0.07
Mumbai,2024-04-11,97.26,32.77,97.44,8.07,0.3,
Mumbai,2024-04-12,90.96,29.04,88.33,6.41,0.34,
Mumbai,2024-04-13,88.1,23.29,86.07,4.95,0.01,0.0
Mumbai,2024-04-14,88.39,27.29,87.27,6.06,0.59,0.0
Mumbai,2024-04-15,90.0,45.38,124.19,12.29,0.76,0.26
Mumbai,2024-04-16,145.57,57.16,186.35,15.15,1.0,0.22
Mumbai,2024-04-17,137.71,41.84,119.33,7.09,0.51,0.0
Mumbai,2024-04-18,108.58,45.54,111.24,6.94,0.29,0.06
Mumbai,2024-04-19,104.04,30.97,100.15,5.97,0.25,0.0
Mumbai,2024-04-20,95.8,32.47,128.18,5.36,0.45,0.0
Mumbai,2024-04-21,105.81,25.01,101.58,5.46,0.38,0.0
Mumbai,2024-04-22,77.04,17.71,69.99,4.15,0.29,0.0
Mumbai,2024-04-23,96.0,26.9,106.84,5.26,0.26,0.0
Mumbai,2024-04-24,103.56,28.52,102.74,4.61,0.41,0.0
Mumbai,2024-04-25,92.46,26.07,81.07,5.17,1.93,0.03
Mumbai,2024-04-26,77.78,26.87,81.74,8.42,2.88,0.26
Mumbai,2024-04-27,92.67,33.69,98.5,7.71,3.38,0.1
Mumbai,2024-04-28,137.05,50.19,132.29,7.1,3.92,0.02
Mumbai,2024-04-29,112.29,36.94,106.15,9.48,2.5,0.05
Mumbai,2024-04-30,122.2,44.69,138.88,8.44,3.25,0.01
Mumbai,2024-05-01,113.54,25.58,95.79,2.85,2.95,0.0
Mumbai,2024-05-02,97.12,31.23,125.24,5.18,2.98,0.23
Mumbai,2024-05-03,128.62,30.42,130.53,4.22,2.85,0.04
Mumbai,2024-05-04,102.54,23.26,88.28,3.28,2.84,0.0
Mumbai,2024-05-05,84.42,24.52,79.23,3.16,2.39,0.0
Mumbai,2024-05-06,68.82,16.19,63.37,3.63,2.14,0.0
Mumbai,2024-05-07,66.73,13.8,71.84,5.75,1.36,0.0
Mumbai,2024-05-08,78.21,13.29,76.46,7.19,2.74,0.0
Mumbai,2024-05-09,72.62,15.73,68.23,7.57,0.29,0.0
Mumbai,2024-05-10,69.09,17.3,74.0,7.96,0.09,0.0
Mumbai,2024-05-11,82.25,21.99,87.44,9.23,0.1,0.02
Mumbai,2024-05-12,82.08,19.6,77.83,7.32,1.47,0.0
Mumbai,2024-05-13,74.17,43.32,85.45,20.82,2.25,0.41
Mumbai,2024-05-14,156.87,80.76,169.43,34.61,1.72,0.65
Mumbai,2024-05-15,179.73,68.21,164.39,28.12,1.27,0.28
Mumbai,2024-05-16,113.83,34.36,119.98,24.84,1.3,0.37
Mumbai,2024-05-17,126.09,38.8,133.11,23.86,2.21,0.24
Mumbai,2024-05-18,106.29,20.35,98.19,9.88,0.16,0.01
Mumbai,2024-05-19,97.42,21.82,94.52,9.54,0.1,0.0
Mumbai,2024-05-20,80.38,16.39,68.4,7.83,0.04,0.0
Mumbai,2024-05-21,74.12,15.53,81.33,9.71,0.62,0.0
Mumbai,2024-05-22,86.3,17.26,89.08,10.61,1.58,0.0
Mumbai,2024-05-25,85.4,38.23,84.46,4.66,1.36,0.02
Mumbai,2024-05-26,85.87,37.87,82.61,3.44,1.34,0.0
Mumbai,2024-05-27,79.71,38.13,82.29,4.98,1.3,0.0
Mumbai,2024-05-28,86.04,36.76,93.59,6.23,1.94,0.12
Mumbai,2024-05-29,102.96,38.58,116.33,10.04,2.33,0.0
Mumbai,2024-05-30,108.42,39.3,100.1,7.75,2.52,0.16
Mumbai,2024-05-31,91.67,35.74,85.42,6.09,2.36,0.09
Mumbai,2024-06-01,80.05,33.34,76.44,5.87,2.17,0.07
Mumbai,2024-06-02,80.83,33.77,80.67,5.79,2.57,0.08
Mumbai,2024-06-03,77.42,33.23,85.21,5.43,2.01,0.11
Mumbai,2024-06-04,101.88,25.33,112.8,6.68,2.3,0.0
Mumbai,2024-06-05,90.5,23.82,71.09,6.37,2.47,0.0
Mumbai,2024-06-06,65.08,22.61,63.04,5.23,2.12,0.0
Mumbai,2024-06-07,78.38,31.02,92.63,6.33,2.2,0.0
Mumbai,2024-06-08,89.58,36.25,84.26,8.52,2.25,0.0
Mumbai,2024-06-09,73.17,34.91,59.89,14.26,2.47,0.0
Mumbai,2024-06-10,55.25,14.29,53.1,17.89,1.83,0.01
Mumbai,2024-06-11,48.96,15.52,51.51,13.92,2.16,0.0
Mumbai,2024-06-12,76.7,20.16,92.27,13.77,2.06,0.0
Mumbai,2024-06-13,83.67,23.29,73.93,12.52,2.36,0.08
Mumbai,2024-06-14,65.83,23.39,64.0,16.14,2.36,0.07
Mumbai,2024-06-15,71.58,22.12,74.3,13.05,2.23,0.09
Mumbai,2024-06-16,71.83,25.0,71.52,11.65,2.51,0.0
Mumbai,2024-06-17,76.58,26.88,77.68,11.9,2.34,0.0
Mumbai,2024-06-18,79.17,27.33,62.18,14.05,2.45,0.09
Mumbai,2024-06-19,55.75,25.94,52.24,15.32,1.86,0.04
Mumbai,2024-06-20,55.46,27.77,61.57,11.41,1.36,0.01
Mumbai,2024-06-21,63.5,33.86,67.5,9.16,1.3,0.1
Mumbai,2024-06-22,73.62,49.9,72.43,19.95,1.47,0.21
Mumbai,2024-06-23,84.38,43.27,74.33,13.59,1.32,0.02
Mumbai,2024-06-24,62.5,29.67,59.54,13.4,1.23,0.0
Mumbai,2024-06-25,72.04,33.94,79.56,15.64,0.6,0.16
Mumbai,2024-06-26,68.33,13.25,41.9,13.35,0.91,0.09
Mumbai,2024-06-27,39.12,8.49,23.09,10.28,0.88,0.01
Mumbai,2024-06-28,37.71,12.85,36.38,11.26,0.69,0.11
Mumbai,2024-06-29,43.75,16.2,56.96,9.02,1.07,0.16
Mumbai,2024-06-30,52.62,11.43,53.44,11.25,1.01,0.0
Patna,2024-01-01,269.62,133.03,271.79,16.91,4.97,1.44
Patna,2024-01-02,289.0,247.2,494.29,20.95,5.43,3.21
Patna,2024-01-03,417.5,270.44,484.79,19.12,5.68,2.27
Patna,2024-01-04,393.12,222.94,450.63,20.7,6.02,1.87
Patna,2024-01-05,376.79,217.83,413.86,23.09,6.0,1.64
Patna,2024-01-06,373.5,219.44,380.47,21.74,6.05,1.28
Patna,2024-01-07,349.64,160.79,314.72,22.92,5.85,1.15
Patna,2024-01-08,323.46,157.37,333.19,25.02,6.0,1.64
Patna,2024-01-09,326.62,154.61,281.78,28.08,5.98,1.62
Patna,2024-01-10,323.58,141.06,258.98,26.97,5.67,1.27
Patna,2024-01-11,297.4,147.43,340.9,24.58,5.85,1.47
Patna,2024-01-12,331.58,188.51,386.44,26.94,5.67,1.89
Patna,2024-01-13,359.62,194.39,391.35,23.22,5.67,1.72
Patna,2024-01-14,340.3,135.86,226.23,15.75,5.65,1.72
Patna,2024-01-16,359.95,174.24,377.16,15.1,5.16,1.61
Patna,2024-01-17,342.17,194.58,420.2,22.9,7.95,1.58
Patna,2024-01-18,365.83,194.78,358.14,18.47,7.6,1.76
Patna,2024-01-19,340.04,160.63,382.33,21.5,6.84,1.75
Patna,2024-01-20,341.0,186.76,409.4,27.55,6.96,1.85
Patna,2024-01-21,358.09,193.44,232.39,18.95,6.65,1.82
Patna,2024-01-23,365.24,186.01,372.49,21.27,5.99,1.67
Patna,2024-01-24,342.75,148.8,353.2,15.95,6.03,1.89
Patna,2024-01-25,318.0,219.08,364.46,21.24,5.67,1.96
Patna,2024-01-26,377.0,215.43,345.21,18.3,6.1,1.92
Patna,2024-01-27,351.71,159.93,235.39,19.32,6.32,1.26
Patna,2024-01-28,349.33,212.75,284.23,24.46,6.22,2.29
Patna,2024-01-29,387.62,269.7,336.52,26.45,6.5,2.83
Patna,2024-01-30,401.79,257.41,379.76,28.29,6.69,2.69
Patna,2024-01-31,406.08,235.76,384.07,30.84,6.59,2.84
Patna,2024-02-01,357.17,177.74,385.11,19.76,6.76,1.92
Patna,2024-02-02,335.71,145.45,305.51,28.82,5.98,0.91
Patna,2024-02-03,247.92,77.85,171.89,24.73,5.85,0.3
Patna,2024-02-04,147.62,67.68,172.62,26.92,5.85,0.46
Patna,2024-02-05,185.79,85.98,152.12,21.13,5.86,0.77
Patna,2024-02-06,123.96,44.29,93.85,14.82,5.72,0.2
Patna,2024-02-07,99.17,49.96,115.4,21.81,5.55,0.2
Patna,2024-02-08,117.92,48.91,136.24,27.95,5.38,0.22
Patna,2024-02-09,127.17,49.25,164.4,34.81,5.76,0.76
Patna,2024-02-10,178.0,82.93,229.17,35.37,5.74,0.97
Patna,2024-02-11,245.79,131.4,241.16,35.12,5.76,1.01
Patna,2024-02-12,292.43,139.29,272.04,39.78,5.85,1.48
Patna,2024-02-13,304.71,121.49,226.71,35.01,5.45,0.97
Patna,2024-02-14,231.29,92.63,131.41,18.03,5.54,1.02
Patna,2024-02-15,182.46,66.39,122.22,13.54,5.56,0.59
Patna,2024-02-16,117.21,64.72,130.69,23.28,5.62,0.49
Patna,2024-02-17,136.08,77.73,173.53,29.99,5.34,0.37
Patna,2024-02-18,179.52,84.21,223.96,33.24,5.89,0.92
Patna,2024-02-19,266.83,133.81,360.11,32.4,6.01,1.2
Patna,2024-02-20,256.92,101.99,247.48,38.01,5.85,0.49
Patna,2024-02-21,177.67,51.23,177.53,22.64,5.44,0.54
Patna,2024-02-22,127.96,49.0,111.07,19.91,5.09,0.27
Patna,2024-02-23,134.08,65.05,177.3,29.23,4.97,0.14
Patna,2024-02-24,160.08,77.52,215.03,32.88,5.71,0.53
Patna,2024-02-25,204.38,92.95,228.96,34.09,5.79,0.73
Patna,2024-02-26,210.64,96.98,214.72,33.46,5.9,0.68
Patna,2024-02-27,219.25,96.73,235.06,26.62,5.59,0.73
Patna,2024-02-28,157.38,55.89,136.75,20.52,5.48,0.25
Patna,2024-02-29,122.42,56.43,141.84,26.59,5.85,0.29
Patna,2024-03-01,141.75,75.95,195.91,33.97,5.92,0.86
Patna,2024-03-02,187.96,83.01,187.11,28.08,5.6,0.49
Patna,2024-03-03,171.0,61.69,99.17,17.38,4.71,0.23
Patna,2024-03-04,103.59,61.44,97.19,20.04,4.96,0.21
Patna,2024-03-05,117.33,52.4,128.47,15.63,4.93,0.01
Patna,2024-03-06,118.46,58.58,137.44,33.55,5.83,0.28
Patna,2024-03-07,130.0,58.52,135.6,32.96,6.93,0.22
Patna,2024-03-08,120.26,53.73,126.05,26.51,6.52,0.16
Patna,2024-03-09,111.83,52.86,122.57,31.29,6.55,0.28
Patna,2024-03-10,127.17,56.47,150.25,38.65,7.05,0.5
Patna,2024-03-11,157.33,62.63,195.23,42.5,6.35,0.7
Patna,2024-03-12,154.04,57.45,169.29,31.27,5.75,0.3
Patna,2024-03-13,133.04,48.35,141.59,31.69,6.63,0.41
Patna,2024-03-14,149.39,55.94,189.32,40.87,6.27,0.72
Patna,2024-03-15,149.92,57.79,176.74,36.12,6.24,0.62
Patna,2024-03-16,168.38,72.76,207.76,35.34,6.18,0.6
Patna,2024-03-17,196.71,93.11,241.67,36.71,6.37,0.78
Patna,2024-03-18,222.08,99.79,251.74,40.76,6.4,0.73
Patna,2024-03-19,217.25,82.67,191.76,33.35,6.09,0.32
Patna,2024-03-20,111.71,26.25,68.54,15.6,5.22,0.1
Patna,2024-03-21,52.05,28.84,72.42,14.69,5.25,0.29
Patna,2024-03-22,124.54,61.11,202.18,24.81,5.31,0.52
Patna,2024-03-23,176.38,69.62,158.45,24.53,5.01,0.33
Patna,2024-03-24,148.79,84.69,161.45,12.76,4.97,0.28
Patna,2024-03-25,195.88,94.93,164.81,13.78,5.03,0.59
Patna,2024-03-26,207.08,71.95,129.43,11.94,5.17,0.19
Patna,2024-03-27,102.92,38.02,91.63,8.31,5.06,0.09
Patna,2024-03-28,93.08,40.09,101.93,9.35,5.01,0.0
Patna,2024-03-29,107.77,57.12,127.11,14.43,5.28,0.26
Patna,2024-03-30,129.17,71.24,157.52,20.11,5.09,0.37
Patna,2024-03-31,132.79,49.35,132.0,19.34,5.26,0.17
Patna,2024-04-01,126.04,61.36,163.82,21.66,6.47,0.2
Patna,2024-04-02,148.71,56.35,159.51,26.55,7.23,0.11
Patna,2024-04-03,131.86,53.49,149.17,31.45,8.2,0.25
Patna,2024-04-06,147.62,60.91,165.54,34.19,9.17,0.32
Patna,2024-04-07,136.0,56.49,139.69,21.27,9.78,0.03
Patna,2024-04-08,103.83,34.56,96.31,36.85,10.04,0.4
Patna,2024-04-09,110.25,62.77,153.06,34.92,11.87,0.64
Patna,2024-04-10,159.08,71.29,176.55,40.88,8.86,0.54
Patna,2024-04-11,176.5,85.4,195.8,39.36,7.62,0.14
Patna,2024-04-12,159.83,73.55,153.6,16.33,5.02,0.11
Patna,2024-04-13,190.12,100.42,240.67,36.83,4.03,0.41
Patna,2024-04-14,206.04,86.06,192.6,25.29,3.84,0.38
Patna,2024-04-15,218.12,88.42,217.64,37.27,4.03,0.34
Patna,2024-04-16,159.75,77.22,185.75,31.97,4.67,0.17
Patna,2024-04-17,199.88,111.05,189.0,29.41,6.97,0.1
Patna,2024-04-18,271.54,112.51,240.45,28.0,8.86,0.04
Patna,2024-04-19,225.04,90.2,212.57,24.28,6.89,0.08
Patna,2024-04-20,176.21,72.7,178.38,27.53,7.86,0.03
Patna,2024-04-21,156.62,76.88,197.37,28.2,11.15,0.05
Patna,2024-04-22,170.96,76.35,188.46,24.12,14.36,0.12
Patna,2024-04-23,124.21,48.16,119.92,28.81,12.86,0.23
Patna,2024-04-24,122.42,58.76,136.61,31.37,12.64,0.17
Patna,2024-04-25,151.54,82.51,181.33,38.24,15.59,0.26
Patna,2024-04-26,176.48,58.25,187.98,39.67,20.58,0.4
Patna,2024-04-27,142.88,35.9,135.48,23.22,14.41,0.02
Patna,2024-04-28,124.12,,163.53,21.6,13.38,0.06
Patna,2024-04-29,157.08,72.72,192.73,29.35,17.34,0.05
Patna,2024-04-30,173.79,111.64,229.11,25.95,20.53,0.22
Patna,2024-05-01,250.12,108.25,210.25,25.77,19.39,0.17
Patna,2024-05-02,245.46,82.21,204.73,26.2,16.22,0.22
Patna,2024-05-03,178.25,80.05,209.11,47.93,22.33,0.95
Patna,2024-05-04,254.67,158.33,270.17,54.09,28.74,1.28
Patna,2024-05-05,313.04,140.08,261.95,31.99,18.99,0.62
Patna,2024-05-06,213.21,72.46,164.76,9.26,7.59,0.0
Patna,2024-05-07,135.17,71.53,139.86,8.56,5.29,0.0
Patna,2024-05-08,121.5,37.43,69.39,40.78,4.6,0.0
Patna,2024-05-09,94.0,39.54,75.03,134.49,5.73,0.0
Patna,2024-05-10,145.58,48.0,71.84,202.13,6.03,0.02
Patna,2024-05-11,118.38,64.28,108.76,13.36,7.84,0.02
Patna,2024-05-12,108.83,48.48,94.28,11.44,5.99,0.0
Patna,2024-05-13,88.04,46.93,94.17,11.29,7.42,0.0
Patna,2024-05-14,123.7,78.63,130.54,14.81,10.62,0.14
Patna,2024-05-15,187.79,90.8,146.98,14.49,9.46,0.11
Patna,2024-05-16,180.04,77.17,133.21,14.93,8.89,0.16
Patna,2024-05-17,191.29,109.59,184.19,20.91,12.07,0.44
Patna,2024-05-18,269.96,102.79,187.1,32.15,9.1,0.3
Patna,2024-05-19,184.17,76.09,165.12,11.99,7.43,0.0
Patna,2024-05-20,158.79,68.82,162.15,10.38,5.97,0.0
Patna,2024-05-21,112.58,37.54,95.83,10.79,5.09,0.0
Patna,2024-05-22,95.79,38.47,93.33,9.35,4.39,0.0
Patna,2024-05-23,79.26,29.71,69.87,8.65,4.46,0.0
Patna,2024-05-24,86.08,55.98,95.08,10.77,5.93,0.01
Patna,2024-05-25,99.65,54.64,106.63,11.2,6.87,0.0
Patna,2024-05-26,108.65,54.54,112.03,10.99,6.05,0.02
Patna,2024-05-27,89.54,31.39,74.65,10.83,2.14,0.0
Patna,2024-05-28,75.08,28.49,87.53,12.93,2.94,0.0
Patna,2024-05-29,110.67,54.28,151.65,15.08,8.34,0.15
Patna,2024-05-30,153.96,77.43,189.08,13.57,4.77,0.0
Patna,2024-05-31,123.42,38.94,86.77,12.96,0.98,0.0
Patna,2024-06-01,87.04,46.04,105.33,13.38,1.62,0.0
Patna,2024-06-02,99.46,35.69,90.23,12.81,1.19,0.0
Patna,2024-06-03,94.79,59.05,117.87,16.49,1.75,0.05
Patna,2024-06-04,158.12,75.49,128.49,13.13,2.51,0.0
Patna,2024-06-05,114.21,55.07,110.04,9.18,2.94,0.0
Patna,2024-06-06,132.12,69.99,183.34,10.76,1.02,0.08
Patna,2024-06-07,141.0,66.9,130.26,9.02,2.3,0.0
Patna,2024-06-08,173.54,94.12,163.85,9.74,2.55,0.05
Patna,2024-06-09,243.33,118.27,200.33,8.24,2.46,0.03
Patna,2024-06-10,228.75,79.23,166.08,15.27,2.76,0.05
Patna,2024-06-11,154.54,70.89,155.65,17.09,1.88,0.01
Patna,2024-06-12,142.22,87.21,141.93,18.61,2.88,0.05
Patna,2024-06-13,227.38,98.84,153.53,16.41,3.33,0.0
Patna,2024-06-14,196.17,76.94,132.78,14.93,1.92,0.0
Patna,2024-06-15,127.96,61.17,111.53,16.48,1.06,0.0
Patna,2024-06-16,146.83,74.53,146.07,15.66,3.33,0.0
Patna,2024-06-17,158.57,61.44,136.11,14.02,2.64,0.0
Patna,2024-06-18,129.48,53.09,158.16,18.0,2.36,0.0
Patna,2024-06-19,133.12,49.95,117.59,17.98,0.9,0.0
Patna,2024-06-20,92.08,34.04,64.53,18.39,1.8,0.01
Patna,2024-06-21,65.79,41.32,83.84,17.12,1.68,0.0
Patna,2024-06-22,86.21,54.85,97.63,16.47,2.59,0.0
Patna,2024-06-23,103.96,53.19,93.38,15.46,2.4,0.0
Patna,2024-06-24,93.42,45.01,88.95,15.9,2.43,0.0
Patna,2024-06-25,87.5,46.83,82.5,16.18,1.77,0.0
Patna,2024-06-26,89.88,35.83,104.14,16.39,2.53,0.0
Patna,2024-06-27,101.58,27.54,96.31,15.78,1.64,0.03
Patna,2024-06-28,79.92,13.28,67.79,17.84,1.94,0.0
Patna,2024-06-29,69.52,13.05,66.87,16.72,1.84,0.03
Patna,2024-06-30,52.79,10.8,41.16,14.51,1.92,0.02
Puducherry,2024-01-01,97.58,61.78,82.08,13.95,5.34,1.06
Puducherry,2024-01-02,94.96,48.28,70.73,14.87,3.64,1.04
Puducherry,2024-01-03,82.75,46.87,74.36,16.56,3.91,1.02
Puducherry,2024-01-04,78.67,30.83,51.0,15.2,3.52,1.08
Puducherry,2024-01-05,62.48,42.05,61.46,14.71,3.95,1.05
Puducherry,2024-01-06,59.75,18.9,29.65,14.46,4.41,1.06
Puducherry,2024-01-07,45.94,5.68,10.29,7.0,4.88,0.85
Puducherry,2024-01-08,59.67,13.69,14.96,15.18,3.98,1.1
Puducherry,2024-01-09,55.08,34.0,51.91,12.59,3.68,1.08
Puducherry,2024-01-10,61.39,36.63,58.88,13.63,3.78,1.08
Puducherry,2024-01-11,67.21,43.35,68.07,14.37,4.46,1.08
Puducherry,2024-01-12,75.17,46.21,70.4,13.79,5.01,1.09
Puducherry,2024-01-13,93.96,74.65,103.73,19.54,5.81,1.2
Puducherry,2024-01-14,225.78,112.95,135.43,19.05,4.66,1.32
Puducherry,2024-01-15,205.79,75.74,94.59,13.91,5.47,1.11
Puducherry,2024-01-16,110.12,45.06,62.26,14.0,4.76,0.96
Puducherry,2024-01-17,61.71,22.94,38.24,8.65,6.67,0.83
Puducherry,2024-01-18,48.21,16.11,32.28,12.82,5.05,1.0
Puducherry,2024-01-19,49.79,19.38,35.61,10.21,5.29,1.01
Puducherry,2024-01-20,51.73,26.16,45.57,12.92,6.51,1.03
Puducherry,2024-01-21,48.25,21.35,40.62,13.95,5.35,1.03
Puducherry,2024-01-22,50.92,22.6,44.35,15.25,6.08,1.02
Puducherry,2024-01-23,55.54,31.78,56.28,13.03,5.54,0.96
Puducherry,2024-01-24,64.58,39.15,71.89,13.8,5.77,1.01
Puducherry,2024-01-25,78.43,41.74,66.45,15.05,9.16,1.01
Puducherry,2024-01-26,59.62,28.04,47.6,13.94,4.82,1.03
Puducherry,2024-01-27,52.83,28.9,48.15,12.78,4.52,1.07
Puducherry,2024-01-28,49.29,28.69,48.16,9.28,4.84,0.93
Puducherry,2024-01-29,66.29,39.82,61.22,12.48,5.07,0.9
Puducherry,2024-01-30,60.14,39.07,62.75,21.14,5.93,0.63
Puducherry,2024-02-01,37.52,15.48,35.73,10.57,3.96,0.04
Puducherry,2024-02-02,32.79,8.53,23.57,8.32,3.94,0.06
Puducherry,2024-02-03,31.5,16.37,37.13,14.8,4.37,0.06
Puducherry,2024-02-04,34.17,11.47,27.48,12.16,4.1,0.0
Puducherry,2024-02-05,29.67,16.7,35.46,14.02,4.71,0.02
Puducherry,2024-02-06,50.33,39.3,62.93,15.33,3.67,0.01
Puducherry,2024-02-07,72.96,41.2,64.0,16.79,4.47,0.05
Puducherry,2024-02-08,74.54,39.81,65.74,12.95,4.67,0.03
Puducherry,2024-02-09,58.0,32.74,57.83,17.72,3.85,0.09
Puducherry,2024-02-10,57.04,40.43,67.84,16.74,4.39,0.14
Puducherry,2024-02-11,79.04,44.15,74.23,14.85,4.49,0.01
Puducherry,2024-02-12,68.26,27.12,54.94,15.69,4.38,0.01
Puducherry,2024-02-13,45.17,20.82,43.84,12.1,3.82,0.0
Puducherry,2024-02-14,44.17,22.12,46.21,13.53,4.15,0.0
Puducherry,2024-02-15,53.21,33.34,58.76,14.61,3.74,0.01
Puducherry,2024-02-16,59.71,31.84,57.94,13.33,3.85,0.0
Puducherry,2024-02-17,55.88,28.82,54.5,16.07,4.22,0.06
Puducherry,2024-02-18,54.78,32.98,55.22,14.28,4.16,0.03
Puducherry,2024-02-19,56.58,31.08,54.86,9.93,4.83,0.06
Puducherry,2024-02-20,67.33,40.97,67.04,8.89,4.36,0.03
Puducherry,2024-02-21,72.75,41.65,69.17,10.51,4.35,0.19
Puducherry,2024-02-22,69.33,38.11,67.62,7.97,5.24,0.04
Puducherry,2024-02-23,62.83,31.78,58.98,5.46,4.61,0.0
Puducherry,2024-02-24,50.46,23.65,43.98,3.25,3.87,0.0
Puducherry,2024-02-25,40.42,20.62,38.46,8.22,4.74,0.01
Puducherry,2024-02-26,41.59,23.04,44.82,10.2,4.08,0.03
Puducherry,2024-02-27,45.62,25.72,46.58,9.28,5.2,0.01
Puducherry,2024-02-28,49.38,23.72,49.76,12.96,4.91,0.01
Puducherry,2024-02-29,50.42,30.08,54.43,14.01,4.74,0.01
Puducherry,2024-03-01,57.04,33.74,59.69,14.47,4.87,0.0
Puducherry,2024-03-02,75.79,46.29,72.53,10.47,5.71,0.03
Puducherry,2024-03-03,64.96,33.62,54.34,6.62,4.62,0.0
Puducherry,2024-03-04,87.58,48.36,74.63,9.61,5.59,0.06
Puducherry,2024-03-05,88.5,46.75,72.29,8.34,5.67,0.0
Puducherry,2024-03-06,75.0,39.91,63.38,8.62,5.3,0.09
Puducherry,2024-03-07,84.62,42.02,65.03,9.41,4.86,0.14
Puducherry,2024-03-08,61.22,35.41,55.32,5.49,4.58,0.11
Puducherry,2024-03-09,62.96,36.63,58.56,5.81,5.84,0.11
Puducherry,2024-03-10,55.04,27.68,50.71,6.12,5.76,0.0
Puducherry,2024-03-11,58.25,35.42,59.92,4.92,4.59,0.0
Puducherry,2024-03-12,57.54,28.38,55.81,6.74,5.19,0.04
Puducherry,2024-03-13,59.61,31.64,63.3,5.5,5.7,0.0
Puducherry,2024-03-14,61.35,30.89,57.22,5.67,4.62,0.0
Puducherry,2024-03-15,59.38,29.03,56.98,9.82,4.65,0.01
Puducherry,2024-03-16,46.29,15.86,35.82,5.94,6.01,0.04
Puducherry,2024-03-17,28.0,7.31,18.74,3.86,6.05,0.0
Puducherry,2024-03-18,28.92,14.53,33.3,6.43,5.57,0.07
Puducherry,2024-03-19,44.12,35.33,60.27,7.57,5.65,0.17
Puducherry,2024-03-20,67.33,35.28,61.91,8.15,4.0,0.1
Puducherry,2024-03-21,45.23,15.77,34.54,8.73,4.51,0.0
Puducherry,2024-03-22,35.83,17.34,36.37,6.31,4.42,0.0
Puducherry,2024-03-23,43.54,26.18,48.27,6.5,5.92,0.01
Puducherry,2024-03-24,45.38,22.06,41.75,6.51,5.46,0.0
Puducherry,2024-03-25,36.29,16.65,31.48,9.05,5.4,0.0
Puducherry,2024-03-26,32.17,12.52,29.74,6.97,5.02,0.0
Puducherry,2024-03-27,41.54,26.28,48.25,6.76,4.13,0.0
Puducherry,2024-03-28,40.46,15.99,34.68,6.29,4.82,0.0
Puducherry,2024-03-29,34.36,16.03,35.14,4.25,5.63,0.07
Puducherry,2024-03-30,36.04,15.46,34.11,3.1,5.18,0.2
Puducherry,2024-03-31,33.38,14.9,31.28,2.23,5.05,
Puducherry,2024-04-01,35.29,11.36,27.92,4.4,5.55,0.1
Puducherry,2024-04-02,29.96,11.41,29.45,4.79,4.86,0.0
Puducherry,2024-04-03,27.29,10.36,22.55,3.78,4.92,0.0
Puducherry,2024-04-04,25.62,8.51,18.33,3.46,4.35,0.0
Puducherry,2024-04-05,39.75,6.92,20.27,3.55,4.45,0.0
Puducherry,2024-04-06,27.54,11.49,24.29,3.38,5.49,0.02
Puducherry,2024-04-07,29.04,11.63,27.02,3.5,5.26,0.0
Puducherry,2024-04-08,29.88,12.6,37.39,3.07,5.55,0.0
Puducherry,2024-04-09,41.5,22.53,62.04,6.59,5.86,0.0
Puducherry,2024-04-10,63.75,29.95,56.51,5.29,5.13,0.01
Puducherry,2024-04-11,52.0,22.85,41.75,3.24,4.75,0.01
Puducherry,2024-04-12,32.38,12.2,23.89,1.19,4.28,0.0
Puducherry,2024-04-13,27.79,12.63,27.89,2.42,5.46,0.01
Puducherry,2024-04-14,35.67,26.4,40.51,1.57,5.3,0.0
Puducherry,2024-04-15,38.58,16.37,33.93,1.6,5.77,0.0
Puducherry,2024-04-16,37.92,21.16,39.09,0.23,5.6,0.03
Puducherry,2024-04-17,33.71,14.47,28.31,4.47,5.23,0.0
Puducherry,2024-04-18,26.25,6.2,16.27,3.15,4.47,0.0
Puducherry,2024-04-19,36.17,3.67,15.05,2.11,5.15,0.0
Puducherry,2024-04-20,36.38,9.3,21.2,3.32,4.98,0.0
Puducherry,2024-04-21,42.46,5.33,14.1,2.68,5.14,0.0
Puducherry,2024-04-22,40.38,7.9,18.8,3.84,5.22,0.0
Puducherry,2024-04-23,33.21,9.44,17.5,4.9,4.94,0.0
Puducherry,2024-04-24,26.75,9.49,18.62,5.71,5.47,0.0
Puducherry,2024-04-25,33.21,15.56,23.67,5.12,5.12,0.02
Puducherry,2024-04-26,31.22,12.6,37.5,4.53,4.89,0.0
Puducherry,2024-04-27,52.96,31.06,57.71,6.66,5.01,0.0
Puducherry,2024-04-28,41.88,15.03,32.2,4.49,5.27,0.02
Puducherry,2024-04-29,27.12,9.26,24.94,3.68,5.28,0.0
Puducherry,2024-04-30,26.67,14.44,28.47,3.3,5.14,0.01
Puducherry,2024-05-01,35.71,12.6,32.28,3.87,5.21,0.0
Puducherry,2024-05-02,47.21,9.34,40.56,2.66,5.59,0.0
Puducherry,2024-05-03,51.17,14.17,49.57,2.97,4.99,0.0
Puducherry,2024-05-04,54.42,13.52,40.32,3.83,5.97,0.0
Puducherry,2024-05-05,54.71,13.05,42.37,3.84,5.96,0.0
Puducherry,2024-05-06,65.38,12.38,49.25,2.2,5.08,0.0
Puducherry,2024-05-07,46.0,9.88,38.57,2.21,5.45,0.0
Puducherry,2024-05-08,50.08,7.77,29.31,5.96,4.54,0.0
Puducherry,2024-05-09,46.42,12.57,34.86,7.04,5.03,0.0
Puducherry,2024-05-10,43.88,4.81,42.29,4.62,4.88,0.01
Puducherry,2024-05-11,44.5,3.69,19.61,3.43,5.71,0.0
Puducherry,2024-05-12,35.79,2.67,15.17,4.41,5.54,0.0
Puducherry,2024-05-13,33.5,8.89,23.41,5.11,4.92,0.01
Puducherry,2024-05-14,32.7,10.2,22.9,6.36,5.53,0.0
Puducherry,2024-05-15,33.62,7.24,23.59,7.9,5.89,0.0
Puducherry,2024-05-16,30.58,4.53,15.23,8.72,5.94,0.0
Puducherry,2024-05-17,30.12,2.87,15.82,10.14,4.91,0.03
Puducherry,2024-05-18,32.12,6.87,25.15,8.65,5.0,0.0
Puducherry,2024-05-19,35.08,5.56,24.22,9.73,5.26,0.0
Puducherry,2024-05-20,36.25,6.98,20.18,10.16,4.48,0.0
Puducherry,2024-05-21,37.08,23.49,38.55,14.85,4.61,0.23
Puducherry,2024-05-22,47.04,17.03,35.27,11.57,4.55,0.0
Puducherry,2024-05-23,38.65,23.38,42.47,11.97,4.23,0.02
Puducherry,2024-05-24,51.17,15.82,30.99,8.09,4.75,0.0
Puducherry,2024-05-25,64.52,23.04,54.37,11.61,4.25,0.02
Puducherry,2024-05-26,64.48,28.32,59.6,8.84,4.6,0.0
Puducherry,2024-05-27,64.62,23.3,56.53,7.53,5.53,0.0
Puducherry,2024-05-28,62.29,23.22,57.89,8.76,6.64,0.0
Puducherry,2024-05-29,63.62,16.54,46.71,7.81,5.52,0.0
Puducherry,2024-05-30,56.29,13.37,40.37,5.62,5.71,0.06
Puducherry,2024-05-31,59.79,16.66,49.36,6.27,6.14,0.12
Puducherry,2024-06-01,58.38,17.63,50.53,5.45,5.3,0.14
Puducherry,2024-06-08,50.0,16.41,32.79,6.82,8.58,0.0
Puducherry,2024-06-09,44.46,10.08,27.01,6.19,8.4,0.06
Puducherry,2024-06-10,45.75,10.21,31.66,7.41,8.4,0.04
Puducherry,2024-06-11,50.25,12.33,34.02,7.62,9.4,0.08
Puducherry,2024-06-12,43.41,13.99,36.69,9.19,7.92,0.17
Puducherry,2024-06-13,50.08,17.81,46.36,11.81,8.15,0.07
Puducherry,2024-06-14,51.38,15.99,43.99,9.23,9.12,0.0
Puducherry,2024-06-15,54.08,18.09,47.49,8.66,9.37,0.0
Puducherry,2024-06-16,55.79,15.01,40.65,5.7,8.71,0.0
Puducherry,2024-06-17,55.29,16.19,38.4,6.28,8.96,0.0
Puducherry,2024-06-18,49.46,17.36,43.6,9.88,8.29,0.06
Puducherry,2024-06-19,49.71,12.2,33.32,11.19,9.17,0.0
Puducherry,2024-06-20,43.46,13.42,34.21,11.15,8.94,0.0
Puducherry,2024-06-21,48.08,14.93,38.94,11.51,8.31,0.0
Puducherry,2024-06-22,51.17,14.09,42.06,10.01,8.48,0.0
Puducherry,2024-06-23,51.96,14.68,28.47,8.43,8.9,0.0
Puducherry,2024-06-24,50.12,11.6,29.1,12.02,8.14,0.02
Puducherry,2024-06-25,46.46,11.23,35.46,9.12,8.66,0.0
Puducherry,2024-06-26,40.75,9.1,23.11,8.14,7.81,0.0
Puducherry,2024-06-27,43.67,12.13,29.7,10.65,8.38,0.05
Puducherry,2024-06-28,40.62,12.89,35.41,7.79,7.51,0.02
Puducherry,2024-06-29,45.65,13.0,34.35,4.24,9.08,0.0
Puducherry,2024-06-30,48.79,13.6,35.84,3.91,8.34,0.0
Guwahati,2024-01-01,242.375,128.28,,3.98,8.57,0.51
Guwahati,2024-01-02,230.70833333333331,112.69,150.01,4.8,8.72,0.42
Guwahati,2024-01-03,195.66666666666663,103.65,157.54,5.01,8.89,0.43
Guwahati,2024-01-04,199.91666666666663,104.0,168.33,6.07,8.85,0.44
Guwahati,2024-01-05,224.375,85.7,132.86,4.6,8.73,0.41
Guwahati,2024-01-07,256.9230769230769,116.81,165.53,5.54,8.79,0.45
Guwahati,2024-01-08,208.25,105.52,152.71,6.97,8.76,0.38
Guwahati,2024-01-09,266.6521739130435,165.7,235.21,7.68,9.06,0.54
Guwahati,2024-01-12,320.77777777777777,149.07,208.48,6.31,10.21,0.47
Guwahati,2024-01-13,318.3333333333333,150.07,212.28,7.25,10.13,0.59
Guwahati,2024-01-17,252.05263157894737,114.17,153.63,3.56,8.89,0.49
Guwahati,2024-01-18,284.7916666666667,146.73,196.98,6.36,9.31,0.6
Guwahati,2024-01-19,301.25,143.34,233.37,6.37,9.36,0.63
Guwahati,2024-01-20,293.54545454545456,134.2,198.99,6.38,9.35,0.56
Guwahati,2024-01-21,280.0,119.11,212.61,4.09,9.15,0.43
Guwahati,2024-01-24,291.0434782608696,142.52,201.75,7.41,9.62,0.47
Guwahati,2024-01-25,311.60869565217394,149.32,192.38,8.26,9.88,0.49
Guwahati,2024-01-26,318.6,124.83,184.29,4.67,9.6,0.39
Guwahati,2024-01-30,242.3913043478261,126.36,196.4,7.09,9.47,0.51
Guwahati,2024-01-31,264.625,122.71,188.14,4.3,9.37,0.46
Thiruvananthapuram,2024-06-01,60.0,26.37,60.79,4.84,3.88,0.0
Thiruvananthapuram,2024-06-02,61.16666666666666,25.78,60.21,4.65,2.92,0.0
Thiruvananthapuram,2024-06-03,60.958333333333336,26.27,60.61,4.66,3.63,0.09
Thiruvananthapuram,2024-06-04,60.708333333333336,25.29,59.52,4.86,3.42,0.07
Thiruvananthapuram,2024-06-05,59.66666666666666,25.49,59.72,4.82,4.15,0.03
Thiruvananthapuram,2024-06-06,61.25,24.3,59.68,4.7,4.07,0.0
Thiruvananthapuram,2024-06-07,58.75,22.05,57.05,4.77,4.11,0.05
Thiruvananthapuram,2024-06-08,57.0,21.54,56.43,4.79,3.46,0.09
Thiruvananthapuram,2024-06-09,56.91666666666666,21.64,56.63,4.78,2.73,0.03
Thiruvananthapuram,2024-06-10,57.41666666666666,22.27,57.75,4.71,2.89,0.13
Thiruvananthapuram,2024-06-11,59.29166666666666,23.21,59.71,4.81,2.5,0.11
Thiruvananthapuram,2024-06-12,61.17391304347826,23.18,60.92,4.79,3.15,0.12
Thiruvananthapuram,2024-06-13,60.875,21.33,58.12,4.56,3.53,0.22
Thiruvananthapuram,2024-06-14,58.833333333333336,21.3,58.26,4.56,4.23,0.07
Thiruvananthapuram,2024-06-15,59.79166666666666,22.26,60.77,4.68,2.95,0.04
Thiruvananthapuram,2024-06-16,61.875,22.56,61.41,4.44,2.9,0.01
Thiruvananthapuram,2024-06-17,62.0,22.55,61.51,4.58,3.51,0.01
Thiruvananthapuram,2024-06-18,60.875,20.93,59.24,4.48,4.24,0.04
Thiruvananthapuram,2024-06-19,58.91666666666666,19.55,57.48,4.41,4.04,0.06
Thiruvananthapuram,2024-06-20,56.91666666666666,18.75,55.27,4.71,2.92,0.11
Thiruvananthapuram,2024-06-21,55.875,19.43,55.84,4.74,3.15,0.05
Thiruvananthapuram,2024-06-22,56.04166666666666,19.0,54.92,4.78,2.06,0.03
Thiruvananthapuram,2024-06-23,55.75,19.05,55.55,4.53,3.0,0.0
Thiruvananthapuram,2024-06-24,56.0,19.69,55.87,4.65,5.09,0.08
Thiruvananthapuram,2024-06-25,57.583333333333336,20.0,56.76,4.66,3.35,0.14
Thiruvananthapuram,2024-06-26,55.75,18.09,54.21,4.79,2.6,0.07
Thiruvananthapuram,2024-06-27,54.708333333333336,18.31,54.41,4.81,2.18,0.11
Thiruvananthapuram,2024-06-28,55.66666666666666,19.83,56.56,4.76,3.75,0.14
Thiruvananthapuram,2024-06-29,56.391304347826086,17.75,52.93,5.24,3.89,0.04
Thiruvananthapuram,2024-06-30,51.0,15.77,49.73,5.66,3.32,0.0
Dehradun,2024-06-01,132.41666666666666,66.72,130.38,2.56,2.49,0.0
Dehradun,2024-06-02,119.20833333333331,44.2,107.1,3.01,1.73,0.0
Dehradun,2024-06-03,128.25,52.11,148.15,1.55,2.36,0.0
Dehradun,2024-06-04,122.58333333333331,38.74,100.18,1.18,1.59,0.0
Dehradun,2024-06-05,113.41666666666669,37.29,120.41,1.0,1.44,0.0
Dehradun,2024-06-06,99.54166666666669,26.46,58.93,1.73,0.86,0.0
Dehradun,2024-06-07,108.08333333333331,33.25,92.95,2.54,1.28,0.0
Dehradun,2024-06-08,119.75,38.41,108.23,2.01,1.9,0.0
Dehradun,2024-06-09,121.25,33.94,100.43,1.47,1.77,0.0
Dehradun,2024-06-10,145.41666666666666,29.99,96.21,1.47,1.64,0.0
Dehradun,2024-06-11,161.08333333333334,39.06,93.93,1.9,2.55,0.0
Dehradun,2024-06-12,179.47826086956522,47.41,121.33,2.01,3.22,0.0
Dehradun,2024-06-13,148.91666666666666,50.59,133.85,1.68,3.46,0.0
Dehradun,2024-06-14,135.375,46.98,139.97,1.53,3.24,0.0
Dehradun,2024-06-15,144.08333333333334,47.69,156.67,1.93,3.85,0.0
Dehradun,2024-06-16,142.54166666666666,50.35,161.74,1.42,3.39,0.0
Dehradun,2024-06-17,137.25,44.54,145.06,1.14,2.88,0.0
Dehradun,2024-06-18,127.20833333333331,41.82,141.7,1.2,3.01,0.0
Dehradun,2024-06-19,120.41666666666669,37.97,113.12,1.72,2.33,0.21
Dehradun,2024-06-20,111.0,28.02,48.71,1.56,0.11,0.03
Dehradun,2024-06-21,53.833333333333336,25.57,49.28,1.07,0.0,0.0
Dehradun,2024-06-22,54.66666666666666,32.02,65.41,0.79,0.0,0.0
Dehradun,2024-06-23,67.16666666666667,33.39,63.76,0.8,0.0,0.0
Dehradun,2024-06-24,61.125,32.22,58.18,0.58,0.0,0.0
Dehradun,2024-06-25,53.583333333333336,30.23,52.83,0.64,0.0,0.0
Dehradun,2024-06-26,54.833333333333336,24.94,46.4,0.75,0.0,0.0
Dehradun,2024-06-27,39.54166666666666,18.78,37.38,0.31,0.0,0.0
Dehradun,2024-06-28,36.66666666666666,18.25,32.64,0.19,0.0,0.0
Dehradun,2024-06-29,38.78260869565217,22.31,40.34,0.08,0.01,0.0
Dehradun,2024-06-30,36.125,24.24,37.57,0.0,0.0,0.0
Jodhpur,2024-06-01,111.69565217391305,44.46,137.64,9.89,9.05,0.52
Jodhpur,2024-06-02,147.875,66.39,194.9,12.91,6.23,0.11
Jodhpur,2024-06-03,154.0,61.13,168.75,13.41,6.6,0.63
Jodhpur,2024-06-04,136.91666666666666,51.97,144.91,5.74,6.6,0.7
Jodhpur,2024-06-05,130.375,59.51,155.39,5.22,6.52,0.19
Jodhpur,2024-06-06,134.16666666666666,51.66,139.54,6.03,6.45,0.83
Jodhpur,2024-06-07,139.5,68.38,219.76,6.82,6.85,0.46
Jodhpur,2024-06-08,199.41666666666663,63.91,205.44,7.6,7.12,0.61
Jodhpur,2024-06-09,136.08333333333334,42.54,129.59,7.94,6.02,0.95
Jodhpur,2024-06-10,131.95833333333334,50.87,177.3,9.31,8.94,0.58
Jodhpur,2024-06-11,126.66666666666669,41.21,118.37,5.35,7.81,0.41
Jodhpur,2024-06-12,92.30434782608695,31.36,93.38,7.0,7.75,0.07
Jodhpur,2024-06-13,118.04166666666669,36.34,116.45,6.08,8.8,0.12
Jodhpur,2024-06-14,162.20833333333334,34.72,95.22,7.09,7.2,0.62
Jodhpur,2024-06-15,92.25,35.56,105.43,5.85,3.14,0.96
Jodhpur,2024-06-16,93.70833333333331,31.41,94.77,4.11,3.81,0.15
Jodhpur,2024-06-17,93.41666666666669,35.92,107.73,4.91,4.65,0.37
Jodhpur,2024-06-18,95.95833333333331,38.1,90.35,3.44,3.15,0.52
Jodhpur,2024-06-19,103.41176470588236,56.02,124.11,3.9,3.83,0.49
Jodhpur,2024-06-20,109.54166666666669,37.69,153.33,4.24,3.91,0.46
Jodhpur,2024-06-21,139.54166666666666,48.09,164.96,5.69,3.24,0.45
Jodhpur,2024-06-22,124.66666666666669,42.35,135.98,4.93,4.08,0.53
Jodhpur,2024-06-23,122.25,38.29,127.3,5.52,3.88,1.05
Jodhpur,2024-06-24,116.33333333333331,34.05,135.87,7.14,3.89,0.39
Jodhpur,2024-06-25,100.20833333333331,35.05,103.56,7.76,4.45,0.64
Jodhpur,2024-06-26,100.75,45.08,114.46,5.05,4.08,1.08
Jodhpur,2024-06-27,97.04166666666669,36.4,87.01,7.38,5.17,0.6
Jodhpur,2024-06-28,71.45833333333333,30.18,56.67,9.4,5.85,0.46
Jodhpur,2024-06-29,56.34782608695652,26.74,52.21,6.65,5.01,0.77
Jodhpur,2024-06-30,64.15789473684211,17.87,65.69,6.35,5.19,0.55
Dehradun,2024-05-01,114.54166666666669,35.03,103.45,1.24,1.86,0.0
Dehradun,2024-05-02,120.45833333333331,41.14,102.88,1.8,1.46,0.0
Dehradun,2024-05-03,134.45833333333334,51.49,116.01,2.04,1.89,0.0
Dehradun,2024-05-04,121.75,46.51,101.64,1.97,2.3,0.0
Dehradun,2024-05-05,101.75,47.07,108.38,1.9,1.59,0.02
Dehradun,2024-05-06,132.5,68.39,154.21,2.16,1.73,0.0
Dehradun,2024-05-07,132.375,63.11,131.73,1.53,1.18,0.0
Dehradun,2024-05-08,128.375,54.6,137.5,1.48,0.19,0.0
Dehradun,2024-05-09,100.54166666666669,37.51,79.16,1.26,0.23,0.0
Dehradun,2024-05-10,85.58333333333333,44.19,91.42,1.05,0.24,0.0
Dehradun,2024-05-11,88.75,42.55,92.29,1.24,0.38,0.0
Dehradun,2024-05-12,87.45833333333333,42.33,85.12,1.45,0.95,0.0
Dehradun,2024-05-13,94.25,46.07,87.29,1.35,1.16,0.0
Dehradun,2024-05-14,125.52173913043478,71.82,118.56,1.93,1.52,0.09
Dehradun,2024-05-15,158.66666666666666,70.58,115.73,2.17,2.57,0.19
Dehradun,2024-05-16,177.75,115.84,152.46,6.19,4.0,0.77
Dehradun,2024-05-17,199.04166666666663,79.11,142.61,1.88,3.92,0.14
Dehradun,2024-05-18,156.16666666666666,58.33,127.83,2.03,2.9,0.06
Dehradun,2024-05-19,142.58333333333334,51.33,106.13,1.43,1.91,0.0
Dehradun,2024-05-20,106.95833333333331,49.96,105.8,1.76,1.46,0.02
Dehradun,2024-05-21,100.75,35.19,90.07,1.08,1.44,0.01
Dehradun,2024-05-22,97.66666666666669,45.47,101.59,1.4,0.25,0.0
Dehradun,2024-05-23,87.95652173913044,39.08,74.51,0.71,0.02,0.0
Dehradun,2024-05-24,78.33333333333333,39.9,83.9,0.89,0.18,0.0
Dehradun,2024-05-25,92.3913043478261,52.36,106.05,0.77,0.17,0.0
Dehradun,2024-05-26,129.8695652173913,72.65,131.66,1.84,1.34,0.04
Dehradun,2024-05-27,143.08333333333334,62.42,122.43,2.02,2.02,0.01
Dehradun,2024-05-28,131.375,48.49,104.39,1.4,2.7,0.0
Dehradun,2024-05-29,155.95833333333334,46.09,121.53,1.51,3.21,0.0
Dehradun,2024-05-30,147.0,59.84,137.55,1.18,2.06,0.0
Dehradun,2024-05-31,146.5,55.41,117.96,1.91,2.36,0.02
Dehradun,2024-02-01,311.54545454545456,47.32,61.68,2.29,0.49,0.16
Dehradun,2024-02-02,46.66666666666666,36.89,62.33,1.91,0.12,0.0
Dehradun,2024-02-03,83.41666666666667,44.38,85.11,3.4,0.19,0.0
Dehradun,2024-02-04,65.0,30.7,41.55,2.32,0.15,0.02
Dehradun,2024-02-05,40.79166666666666,23.25,30.33,1.48,0.02,0.01
Dehradun,2024-02-06,53.75,39.6,63.34,1.96,0.11,0.01
Dehradun,2024-02-07,76.125,45.45,85.89,2.12,0.24,0.01
Dehradun,2024-02-08,100.33333333333331,56.88,94.42,2.52,0.19,0.08
Dehradun,2024-02-09,121.58333333333331,80.38,115.57,2.67,0.37,0.17
Dehradun,2024-02-10,183.875,84.16,127.85,2.32,0.26,0.2
Dehradun,2024-02-11,174.125,63.59,100.53,2.43,0.08,0.24
Dehradun,2024-02-12,97.7391304347826,51.71,97.73,3.21,0.18,0.42
Dehradun,2024-02-13,108.41666666666669,58.45,92.92,2.67,0.35,0.17
Dehradun,2024-02-14,94.45833333333331,55.32,100.18,2.26,0.33,0.12
Dehradun,2024-02-15,110.33333333333331,59.9,96.92,2.17,0.52,0.21
Dehradun,2024-02-16,124.125,67.62,110.69,2.16,0.31,0.12
Dehradun,2024-02-17,153.91666666666666,89.36,140.35,2.82,0.59,0.47
Dehradun,2024-02-18,241.95652173913044,111.71,162.22,1.89,0.52,0.77
Dehradun,2024-02-19,229.0,71.05,114.56,2.1,0.31,0.25
Dehradun,2024-02-20,86.83333333333333,41.71,67.06,1.52,0.26,0.0
Dehradun,2024-02-21,88.66666666666667,39.74,107.25,1.35,0.45,0.0
Dehradun,2024-02-22,78.95833333333333,22.02,62.98,1.45,0.24,0.0
Dehradun,2024-02-23,66.58333333333333,30.32,68.35,2.18,0.66,0.0
Dehradun,2024-02-24,71.875,33.12,73.78,2.12,0.46,0.0
Dehradun,2024-02-25,75.54166666666667,31.13,74.56,1.88,0.29,0.0
Dehradun,2024-02-26,70.5909090909091,32.03,75.2,2.41,0.26,0.0
Dehradun,2024-02-27,89.41666666666667,50.69,103.15,3.73,0.35,0.03
Dehradun,2024-02-28,88.33333333333333,42.34,83.46,2.31,0.35,0.04
Dehradun,2024-02-29,99.75,49.35,120.83,2.09,0.34,0.0
Raipur,2024-03-01,81.625,27.17,80.85,63.57,5.72,0.52
Raipur,2024-03-02,79.375,25.07,77.74,48.63,6.9,0.23
Raipur,2024-03-05,83.4,32.48,96.52,48.2,7.31,0.16
Raipur,2024-03-06,88.79166666666667,29.59,84.85,51.05,9.75,0.24
Raipur,2024-03-07,81.875,30.85,84.12,56.11,5.82,0.17
Raipur,2024-03-08,97.7391304347826,37.69,118.37,52.99,15.6,0.23
Raipur,2024-03-09,100.375,36.26,100.58,57.23,9.6,0.18
Raipur,2024-03-10,93.875,37.0,93.3,55.56,11.25,0.26
Raipur,2024-03-11,92.41666666666669,41.53,90.91,41.78,8.86,0.16
Raipur,2024-03-12,75.79166666666667,22.94,63.26,49.82,6.3,0.0
Raipur,2024-03-13,67.91304347826087,21.01,72.51,46.05,9.47,0.0
Raipur,2024-03-14,71.65217391304348,22.48,73.52,49.84,8.23,0.0
Raipur,2024-03-15,65.95833333333333,19.89,72.76,50.11,10.7,0.23
Raipur,2024-03-16,97.375,40.45,115.73,48.99,11.56,0.31
Raipur,2024-03-17,96.25,19.27,35.09,49.27,5.0,0.0
Raipur,2024-03-19,52.86363636363637,9.86,50.85,38.22,4.21,0.0
Raipur,2024-03-20,48.125,11.61,34.86,42.87,3.36,0.0
Raipur,2024-03-21,57.625,17.6,45.48,35.59,6.93,0.1
Raipur,2024-03-22,74.0,32.32,89.58,39.61,4.44,0.72
Raipur,2024-03-23,84.91666666666667,29.99,80.1,50.48,5.12,0.41
Raipur,2024-03-24,69.5,28.0,67.02,53.48,5.5,0.16
Raipur,2024-03-25,64.5,28.26,57.98,43.79,4.77,0.21
Raipur,2024-03-26,55.85714285714285,23.16,56.28,39.07,7.51,0.09
Raipur,2024-03-27,73.85714285714286,33.07,78.76,45.09,6.96,0.01
Raipur,2024-03-28,65.75,26.25,58.48,32.59,5.93,0.07
Raipur,2024-03-29,56.5,28.09,57.7,35.31,5.94,0.0
Raipur,2024-03-30,58.0,20.53,55.53,30.26,14.2,0.0
Raipur,2024-03-31,56.05,18.78,49.01,26.4,4.86,0.0
Thiruvananthapuram,2024-05-01,85.375,49.06,85.96,6.59,4.3,0.0
Thiruvananthapuram,2024-05-02,85.58333333333333,48.19,84.53,6.64,3.86,0.01
Thiruvananthapuram,2024-05-03,84.58333333333333,48.38,84.86,6.51,4.57,0.03
Thiruvananthapuram,2024-05-04,85.33333333333333,48.72,85.45,6.58,5.97,0.02
Thiruvananthapuram,2024-05-05,85.625,48.56,85.27,6.66,4.11,0.0
Thiruvananthapuram,2024-05-06,85.58333333333333,48.49,85.13,6.6,4.51,0.0
Thiruvananthapuram,2024-05-07,85.94736842105263,48.9,86.18,6.72,5.12,0.0
Thiruvananthapuram,2024-05-12,88.94117647058823,49.55,87.61,6.62,4.57,0.0
Thiruvananthapuram,2024-05-13,87.5,48.99,86.53,6.63,4.47,0.0
Thiruvananthapuram,2024-05-14,88.3913043478261,49.97,88.32,6.69,4.64,0.0
Thiruvananthapuram,2024-05-15,88.16666666666667,49.73,87.93,6.68,4.54,0.0
Thiruvananthapuram,2024-05-16,88.5,49.76,87.81,6.75,4.59,0.0
Thiruvananthapuram,2024-05-17,87.375,49.03,86.73,6.59,5.02,0.0
Thiruvananthapuram,2024-05-18,87.66666666666667,49.88,88.23,6.64,6.94,0.0
Thiruvananthapuram,2024-05-19,89.41666666666667,50.01,88.41,6.65,4.73,0.0
Thiruvananthapuram,2024-05-20,88.41666666666667,49.75,88.03,6.69,5.76,0.0
Thiruvananthapuram,2024-05-21,87.66666666666667,45.28,82.68,6.09,6.21,0.06
Thiruvananthapuram,2024-05-22,75.04166666666667,35.09,70.72,4.75,4.89,0.07
Thiruvananthapuram,2024-05-23,71.1304347826087,34.55,69.46,4.69,5.37,0.01
Thiruvananthapuram,2024-05-24,70.08333333333333,34.6,69.66,4.65,4.43,0.0
Thiruvananthapuram,2024-05-25,70.73913043478261,34.55,69.6,4.8,6.07,0.04
Thiruvananthapuram,2024-05-26,70.04347826086956,34.52,69.48,4.67,4.01,0.01
Thiruvananthapuram,2024-05-27,69.75,34.66,69.81,4.76,4.48,0.02
Thiruvananthapuram,2024-05-28,70.45833333333333,34.74,69.95,4.77,6.17,0.01
Thiruvananthapuram,2024-05-29,70.875,34.86,70.23,4.73,3.95,0.01
Thiruvananthapuram,2024-05-30,70.125,31.06,65.3,4.81,3.96,0.01
Thiruvananthapuram,2024-05-31,58.083333333333336,22.39,55.24,4.88,4.84,0.0
Guwahati,2024-06-01,27.041666666666668,15.99,37.17,0.24,9.77,0.0
Guwahati,2024-06-02,43.708333333333336,22.67,38.57,0.22,9.93,0.0
Guwahati,2024-06-03,33.625,10.08,20.8,0.07,9.55,0.0
Guwahati,2024-06-04,22.666666666666668,8.47,18.79,0.2,9.54,0.0
Guwahati,2024-06-05,26.75,12.34,26.17,0.23,9.46,0.0
Guwahati,2024-06-06,30.33333333333333,27.39,,0.84,9.72,0.0
Guwahati,2024-06-07,60.208333333333336,34.61,56.56,0.68,10.38,0.0
Guwahati,2024-06-08,57.66666666666666,32.59,64.45,0.34,10.09,0.0
Guwahati,2024-06-09,65.875,35.22,60.66,0.32,9.99,0.0
Guwahati,2024-06-10,77.125,54.23,97.03,1.17,10.15,0.0
Guwahati,2024-06-11,88.80952380952381,40.06,71.22,0.64,10.21,0.0
Guwahati,2024-06-13,79.52380952380952,40.84,73.56,1.57,10.0,0.0
Guwahati,2024-06-19,34.333333333333336,6.82,21.22,0.02,9.75,0.0
Guwahati,2024-06-22,44.10526315789474,22.7,58.41,0.45,10.32,0.0
Guwahati,2024-06-26,41.81818181818182,14.66,41.49,0.57,10.72,0.0
Jodhpur,2024-02-01,171.66666666666666,60.88,132.42,24.65,31.14,0.86
Jodhpur,2024-02-02,132.79166666666666,69.74,172.8,26.54,16.96,0.8
Jodhpur,2024-02-03,161.66666666666666,77.03,197.97,21.33,18.88,0.81
Jodhpur,2024-02-04,193.125,79.01,194.45,20.06,17.0,0.85
Jodhpur,2024-02-05,129.5,67.63,172.34,19.73,12.12,0.83
Jodhpur,2024-02-06,162.625,71.63,123.69,23.18,16.13,0.82
Jodhpur,2024-02-07,134.0,55.38,117.85,37.27,18.18,0.8
Jodhpur,2024-02-08,117.91666666666669,46.8,141.51,62.73,12.45,0.8
Jodhpur,2024-02-09,110.66666666666669,84.74,188.55,74.98,3.03,0.82
Jodhpur,2024-02-10,144.66666666666666,65.62,136.46,73.97,11.26,0.79
Jodhpur,2024-02-11,139.91666666666666,69.51,149.4,40.99,34.76,0.83
Jodhpur,2024-02-12,160.0625,64.65,196.27,35.43,26.51,0.87
Jodhpur,2024-02-13,160.75,66.85,138.17,37.73,15.43,0.83
Jodhpur,2024-02-14,130.45833333333334,52.82,157.03,36.27,15.12,0.83
Jodhpur,2024-02-15,137.70833333333334,60.04,178.03,30.26,14.83,0.82
Jodhpur,2024-02-16,167.79166666666666,62.27,186.15,29.41,15.04,0.81
Jodhpur,2024-02-17,161.45833333333334,187.58,301.71,21.91,15.24,0.83
Jodhpur,2024-02-18,305.7391304347826,55.23,296.78,12.35,15.03,0.8
Jodhpur,2024-02-19,180.7,94.11,147.97,21.6,15.18,0.82
Jodhpur,2024-02-20,162.20833333333334,80.4,176.84,6.12,14.98,0.81
Jodhpur,2024-02-21,195.66666666666663,72.24,148.18,6.81,15.07,0.83
Jodhpur,2024-02-22,152.91666666666666,64.63,163.01,5.0,15.16,0.81
Jodhpur,2024-02-23,148.04166666666666,86.12,181.37,15.59,15.26,0.83
Jodhpur,2024-02-24,179.66666666666666,55.43,105.19,29.71,15.0,0.8
Jodhpur,2024-02-25,98.20833333333331,64.02,140.85,29.38,15.19,0.82
Jodhpur,2024-02-26,157.22727272727272,77.68,144.92,29.76,14.99,0.83
Jodhpur,2024-02-27,170.58333333333334,77.96,136.41,29.47,15.07,0.82
Jodhpur,2024-02-28,146.45833333333334,56.19,120.41,23.46,23.23,0.8
Jodhpur,2024-02-29,124.0,74.23,245.84,29.46,15.08,0.8
Dehradun,2024-01-01,216.95833333333331,87.71,115.23,3.48,0.92,1.75
Dehradun,2024-01-02,189.1818181818182,82.88,106.9,3.11,0.9,1.61
Dehradun,2024-01-03,150.65,60.37,84.53,2.0,0.87,1.4
Dehradun,2024-01-04,113.04166666666669,66.1,100.73,2.45,0.81,1.36
Dehradun,2024-01-05,160.25,80.79,120.1,2.78,0.86,1.43
Dehradun,2024-01-06,181.70833333333331,93.3,137.03,3.49,0.9,1.56
Dehradun,2024-01-07,216.70833333333331,101.18,140.24,3.39,0.96,1.65
Dehradun,2024-01-08,221.0,89.1,133.76,2.8,0.88,1.63
Dehradun,2024-01-09,178.41666666666666,100.86,151.31,4.13,0.91,1.7
Dehradun,2024-01-10,218.2,137.89,209.04,4.62,0.94,1.73
Dehradun,2024-01-11,274.35,120.14,174.54,3.86,1.04,1.86
Dehradun,2024-01-12,264.625,125.86,153.04,4.4,1.04,2.11
Dehradun,2024-01-13,283.3333333333333,123.51,168.79,5.02,1.09,2.09
Dehradun,2024-01-14,269.4347826086956,118.38,174.47,3.82,1.0,1.98
Dehradun,2024-01-15,272.625,128.42,174.14,3.43,0.93,2.02
Dehradun,2024-01-16,243.54166666666663,86.68,120.08,2.96,0.88,1.77
Dehradun,2024-01-17,131.0,67.15,101.31,2.84,0.89,1.02
Dehradun,2024-01-18,196.375,103.98,149.59,3.23,0.91,1.46
Dehradun,2024-01-19,303.7916666666667,154.62,178.96,2.81,0.84,1.34
Dehradun,2024-01-20,250.9090909090909,96.44,127.92,2.59,0.78,0.81
Dehradun,2024-01-21,240.79166666666663,131.48,180.05,4.28,0.86,0.97
Dehradun,2024-01-22,288.4583333333333,125.87,156.27,3.15,0.89,0.97
Dehradun,2024-01-23,277.55555555555554,130.28,171.78,4.21,0.99,0.89
Dehradun,2024-01-24,248.27272727272728,111.81,162.56,3.91,0.94,0.89
Dehradun,2024-01-25,200.7826086956522,68.97,108.69,3.47,0.78,0.69
Dehradun,2024-01-26,140.33333333333334,96.87,148.48,4.22,0.99,0.85
Dehradun,2024-01-27,266.25,143.79,201.66,4.19,1.47,1.06
Dehradun,2024-01-28,296.4166666666667,135.98,177.36,3.19,1.12,1.03
Dehradun,2024-01-29,247.16666666666663,95.83,139.39,3.27,1.04,0.91
Dehradun,2024-01-30,247.375,142.49,190.58,4.08,1.77,1.12
Dehradun,2024-01-31,309.9583333333333,155.33,208.52,3.64,1.23,1.13
Dehradun,2024-03-01,115.625,55.06,134.2,3.95,0.25,0.09
Dehradun,2024-03-02,86.20833333333333,19.48,35.86,0.95,0.0,0.0
Dehradun,2024-03-03,24.17391304347826,9.89,13.58,0.22,0.0,0.0
Dehradun,2024-03-04,29.25,19.3,50.53,1.16,0.54,0.0
Dehradun,2024-03-05,72.125,36.21,84.28,1.74,0.2,0.0
Dehradun,2024-03-06,87.95833333333333,46.76,92.55,1.73,0.34,0.0
Dehradun,2024-03-07,88.16666666666667,41.31,80.53,1.08,0.35,0.0
Dehradun,2024-03-08,76.6086956521739,35.06,68.68,0.0,0.27,0.0
Dehradun,2024-03-09,79.54166666666667,40.43,90.79,0.02,0.36,0.0
Dehradun,2024-03-10,87.20833333333333,52.53,90.38,0.02,0.28,0.01
Dehradun,2024-03-11,118.75,68.72,108.39,0.02,0.96,0.03
Dehradun,2024-03-12,114.20833333333331,46.95,90.78,0.01,0.63,0.05
Dehradun,2024-03-13,85.73913043478261,53.09,97.06,0.02,0.7,0.01
Dehradun,2024-03-14,91.1304347826087,37.07,84.72,0.36,0.54,0.0
Dehradun,2024-03-15,84.25,26.45,77.27,1.22,0.54,0.0
Dehradun,2024-03-16,85.19047619047619,28.16,88.38,1.99,0.59,0.1
Dehradun,2024-03-17,97.625,22.12,89.45,2.17,0.65,0.25
Dehradun,2024-03-18,94.04166666666669,34.4,85.56,1.56,0.86,0.0
Dehradun,2024-03-19,98.95833333333331,42.08,92.64,1.86,0.72,0.08
Dehradun,2024-03-20,80.95833333333333,27.02,66.37,1.41,0.46,0.0
Dehradun,2024-03-21,104.5909090909091,49.53,118.4,1.09,0.64,0.01
Dehradun,2024-03-22,99.91666666666669,52.1,112.32,1.71,0.52,0.33
Dehradun,2024-03-23,108.625,47.97,102.86,1.23,0.78,0.1
Dehradun,2024-03-24,92.125,44.3,96.66,2.04,0.46,0.12
Dehradun,2024-03-25,94.25,36.28,78.61,1.51,0.53,0.19
Dehradun,2024-03-26,75.41666666666667,31.9,78.75,1.2,0.62,0.06
Dehradun,2024-03-27,93.91666666666669,40.18,95.79,1.51,1.5,0.2
Dehradun,2024-03-28,104.125,39.58,108.85,1.65,1.83,0.28
Dehradun,2024-03-29,97.86363636363636,42.54,103.89,1.18,2.67,0.17
Dehradun,2024-03-30,106.1875,50.64,98.64,0.79,1.82,0.04
Raipur,2024-06-01,104.58333333333331,45.89,127.74,24.99,22.6,0.0
Raipur,2024-06-02,93.875,33.34,80.38,16.26,5.94,0.0
Raipur,2024-06-04,52.41176470588236,21.32,54.31,11.16,5.18,0.0
Raipur,2024-06-05,53.875,17.19,44.6,12.34,4.57,0.0
Raipur,2024-06-06,45.91666666666666,19.88,51.39,10.85,4.61,0.0
Raipur,2024-06-07,52.583333333333336,21.12,49.68,9.79,4.25,0.0
Raipur,2024-06-08,44.25,19.86,46.37,9.29,4.43,0.0
Raipur,2024-06-09,46.91666666666666,17.88,39.95,8.72,4.07,0.0
Raipur,2024-06-10,45.16666666666666,20.47,50.89,9.53,5.71,0.0
Raipur,2024-06-11,65.45833333333333,32.42,74.44,18.95,5.52,0.0
Raipur,2024-06-12,59.95652173913044,18.41,51.71,12.12,3.78,0.0
Raipur,2024-06-13,56.94444444444444,22.23,55.43,9.74,2.8,0.0
Raipur,2024-06-16,52.16666666666666,21.79,58.05,13.7,4.69,0.0
Raipur,2024-06-17,60.42857142857143,16.64,51.4,20.62,3.53,0.0
Raipur,2024-06-18,50.333333333333336,15.61,49.45,11.86,3.46,0.0
Raipur,2024-06-19,43.833333333333336,11.93,37.97,10.55,2.77,0.0
Raipur,2024-06-20,36.0,6.77,29.5,9.96,2.62,0.0
Raipur,2024-06-21,25.58333333333333,7.3,24.65,9.3,3.07,0.0
Raipur,2024-06-22,25.25,7.98,21.86,,2.27,0.0
Raipur,2024-06-23,31.125,15.96,36.44,,2.86,0.0
Raipur,2024-06-24,32.583333333333336,8.41,33.54,26.52,2.91,0.0
Raipur,2024-06-25,37.54166666666666,11.54,36.25,11.88,2.6,0.0
Raipur,2024-06-26,38.833333333333336,12.01,37.87,11.72,2.46,0.0
Raipur,2024-06-27,38.66666666666666,16.58,39.28,11.26,4.41,0.0
Raipur,2024-06-28,30.09090909090909,6.0,23.17,8.38,1.8,0.0
Raipur,2024-06-29,24.608695652173918,4.73,25.98,11.16,3.4,0.0
Raipur,2024-06-30,28.416666666666668,7.24,26.49,8.34,2.31,0.0
Guwahati,2024-02-01,199.45833333333331,76.23,141.23,2.46,9.2,0.0
Guwahati,2024-02-02,195.16666666666663,94.45,157.9,3.15,10.1,0.0
Guwahati,2024-02-03,180.33333333333331,81.12,124.55,1.75,9.07,0.0
Guwahati,2024-02-04,185.375,84.39,122.47,1.22,9.06,0.0
Guwahati,2024-02-05,191.66666666666663,81.07,172.42,1.49,9.17,0.0
Guwahati,2024-02-06,148.16666666666666,91.64,144.44,3.03,9.18,0.0
Guwahati,2024-02-07,255.79166666666663,126.47,182.7,4.27,9.93,0.0
Guwahati,2024-02-08,165.625,98.29,180.3,5.45,9.4,0.0
Guwahati,2024-02-09,215.0,87.92,147.84,3.66,9.21,0.0
Guwahati,2024-02-10,152.83333333333334,,165.95,4.91,9.25,0.0
Guwahati,2024-02-11,149.16666666666666,,171.3,6.2,9.15,0.0
Guwahati,2024-02-12,152.52173913043478,,181.23,6.72,9.43,0.0
Guwahati,2024-02-13,175.70833333333334,100.67,232.43,6.71,9.55,0.0
Guwahati,2024-02-14,241.45833333333331,115.96,187.08,7.05,9.17,0.0
Guwahati,2024-02-15,235.20833333333331,91.83,214.59,3.88,9.77,0.0
Guwahati,2024-02-16,166.375,65.89,129.95,2.95,9.19,0.0
Guwahati,2024-02-17,207.58333333333331,118.09,197.79,5.31,9.44,0.0
Guwahati,2024-02-18,274.2608695652174,131.26,190.9,3.31,9.11,0.0
Guwahati,2024-02-19,286.5833333333333,114.73,164.53,4.21,9.45,0.0
Guwahati,2024-02-20,296.7916666666667,153.32,252.57,5.74,9.82,0.0
Guwahati,2024-02-21,223.04166666666663,91.24,181.38,2.61,9.42,0.0
Guwahati,2024-02-22,277.1666666666667,159.49,223.31,5.03,10.1,0.0
Guwahati,2024-02-23,273.5,103.09,149.02,3.11,9.8,0.0
Guwahati,2024-02-24,176.83333333333334,73.48,121.48,3.72,9.73,0.0
Guwahati,2024-02-25,213.41666666666663,117.97,188.56,5.07,10.09,0.0
Guwahati,2024-02-26,201.22727272727272,69.74,158.99,2.34,9.38,0.0
Guwahati,2024-02-27,204.875,106.68,167.83,5.54,10.01,0.0
Guwahati,2024-02-28,232.45833333333331,111.38,211.05,5.06,10.32,0.0
Guwahati,2024-02-29,222.08333333333331,96.83,174.3,4.01,9.82,0.0
Jodhpur,2024-04-01,147.66666666666666,51.6,139.31,29.18,12.09,0.85
Jodhpur,2024-04-02,135.29166666666666,68.32,176.86,29.37,12.67,0.81
Jodhpur,2024-04-03,146.08333333333334,66.98,155.08,29.53,15.7,0.81
Jodhpur,2024-04-04,143.0,74.32,175.99,29.31,16.17,0.82
Jodhpur,2024-04-05,157.28571428571428,76.43,169.78,29.36,22.74,0.78
Jodhpur,2024-04-09,171.95,87.72,203.25,69.03,22.66,1.17
Jodhpur,2024-04-10,166.45833333333334,63.15,138.33,42.06,5.73,0.89
Jodhpur,2024-04-11,135.41666666666666,57.84,133.16,25.85,7.0,0.92
Jodhpur,2024-04-12,112.08333333333331,42.25,93.58,30.44,7.31,0.88
Jodhpur,2024-04-13,100.625,76.17,192.03,27.72,6.38,0.93
Jodhpur,2024-04-14,174.0,35.04,150.63,20.59,6.59,0.89
Jodhpur,2024-04-15,106.75,30.53,95.7,17.75,8.13,0.96
Jodhpur,2024-04-16,94.45833333333331,72.07,93.56,13.28,9.65,0.91
Jodhpur,2024-04-17,143.625,56.22,119.38,27.31,11.98,0.94
Jodhpur,2024-04-18,126.79166666666669,68.89,156.93,30.01,11.53,0.91
Jodhpur,2024-04-19,164.91666666666666,68.55,169.76,18.07,10.67,0.92
Jodhpur,2024-04-20,143.33333333333334,41.36,118.8,11.93,11.81,0.89
Jodhpur,2024-04-21,96.79166666666669,46.82,123.66,18.48,8.73,0.95
Jodhpur,2024-04-22,110.75,41.85,122.94,22.25,8.73,0.95
Jodhpur,2024-04-23,141.16666666666666,62.52,175.26,25.83,9.66,0.51
Jodhpur,2024-04-24,133.83333333333334,46.51,141.26,32.77,8.72,0.22
Jodhpur,2024-04-25,115.625,59.64,145.29,25.22,8.09,0.26
Jodhpur,2024-04-26,107.1304347826087,35.86,108.22,11.49,9.28,0.02
Jodhpur,2024-04-27,165.04166666666666,128.58,192.75,18.2,8.75,0.11
Jodhpur,2024-04-28,150.75,52.6,183.95,22.53,9.39,0.31
Jodhpur,2024-04-29,155.5,63.42,190.37,14.29,9.65,0.09
Jodhpur,2024-04-30,226.58333333333331,82.56,278.58,16.88,7.25,0.24
Raipur,2024-02-01,88.6,37.58,54.65,46.74,6.1,0.26
Raipur,2024-02-06,64.05882352941177,25.88,73.72,33.28,7.7,0.0
Raipur,2024-02-07,86.83333333333333,33.89,91.19,38.35,6.21,0.0
Raipur,2024-02-08,86.625,23.89,80.41,36.64,8.14,0.1
Raipur,2024-02-09,63.125,25.57,84.31,45.79,19.76,0.09
Raipur,2024-02-10,97.41666666666669,41.73,117.67,42.32,7.33,0.1
Raipur,2024-02-11,109.70833333333331,43.94,114.39,42.34,7.26,0.14
Raipur,2024-02-12,90.65217391304348,37.72,85.95,43.83,6.53,0.06
Raipur,2024-02-13,90.20833333333331,37.43,92.58,40.27,7.51,0.26
Raipur,2024-02-14,81.0,26.84,72.0,40.24,5.05,0.28
Raipur,2024-02-15,75.33333333333333,33.12,97.92,40.1,13.11,0.16
Raipur,2024-02-16,103.875,43.22,106.24,40.59,7.38,0.14
Raipur,2024-02-17,94.0,36.93,87.39,35.62,6.22,0.0
Raipur,2024-02-18,83.56521739130434,30.25,81.61,36.69,5.03,0.0
Raipur,2024-02-19,78.04166666666667,37.9,80.26,44.98,6.73,0.42
Raipur,2024-02-20,73.375,18.39,62.8,36.77,4.75,0.07
Raipur,2024-02-21,56.79166666666666,14.97,49.79,31.42,5.61,0.0
Raipur,2024-02-22,44.875,12.08,39.14,27.97,4.21,0.0
Raipur,2024-02-23,39.2,30.11,98.98,37.22,17.33,0.23
Raipur,2024-02-24,101.61904761904762,37.75,108.26,35.08,7.66,0.03
Raipur,2024-02-25,101.5,36.07,101.66,38.9,6.05,0.0
Raipur,2024-02-26,82.4090909090909,27.74,77.94,33.7,7.91,0.13
Raipur,2024-02-27,85.20833333333333,26.21,78.37,32.17,4.35,0.07
Raipur,2024-02-28,64.29166666666667,20.13,62.69,36.56,5.36,0.08
Raipur,2024-02-29,75.54166666666667,29.12,86.36,48.17,4.05,0.24
Thiruvananthapuram,2024-01-01,71.125,38.95,71.13,7.12,7.28,0.53
Thiruvananthapuram,2024-01-02,70.91666666666667,38.6,70.53,7.15,7.05,0.41
Thiruvananthapuram,2024-01-03,71.25,40.14,72.11,7.11,8.6,0.5
Thiruvananthapuram,2024-01-04,73.0,41.91,73.75,7.17,6.75,0.42
Thiruvananthapuram,2024-01-05,73.45833333333333,42.49,76.02,7.19,8.72,0.5
Thiruvananthapuram,2024-01-06,80.45833333333333,44.36,83.35,7.19,7.09,0.53
Thiruvananthapuram,2024-01-07,82.91666666666667,43.93,82.73,7.21,7.54,0.49
Thiruvananthapuram,2024-01-08,82.58333333333333,42.67,80.71,7.17,8.21,0.39
Thiruvananthapuram,2024-01-09,77.25,39.92,76.07,7.19,6.15,0.43
Thiruvananthapuram,2024-01-10,75.8695652173913,39.78,75.79,7.13,8.27,0.47
Thiruvananthapuram,2024-01-11,76.875,40.86,77.79,7.13,6.83,0.34
Thiruvananthapuram,2024-01-12,76.95833333333333,40.29,76.74,7.12,7.16,0.43
Thiruvananthapuram,2024-01-13,75.875,39.89,76.0,7.2,7.23,0.51
Thiruvananthapuram,2024-01-14,77.04347826086956,40.52,77.16,7.15,6.28,0.5
Thiruvananthapuram,2024-01-15,76.375,40.19,76.55,7.16,7.0,0.48
Thiruvananthapuram,2024-01-16,76.875,40.5,77.13,7.15,7.63,0.5
Thiruvananthapuram,2024-01-17,76.54166666666667,39.92,76.06,7.18,7.25,0.46
Thiruvananthapuram,2024-01-18,76.0,40.01,76.22,7.17,7.75,0.55
Thiruvananthapuram,2024-01-19,76.29166666666667,40.44,77.02,7.16,6.67,0.55
Thiruvananthapuram,2024-01-20,76.27272727272727,39.92,76.05,7.04,6.79,0.5
Thiruvananthapuram,2024-01-21,76.875,40.39,76.92,7.17,6.6,0.44
Thiruvananthapuram,2024-01-22,76.83333333333333,40.6,77.31,7.1,5.99,0.43
Thiruvananthapuram,2024-01-23,77.0,41.32,77.49,7.07,6.49,0.49
Thiruvananthapuram,2024-01-24,79.375,43.71,79.99,7.18,6.13,0.44
Thiruvananthapuram,2024-01-25,79.47826086956522,44.05,79.19,7.04,6.75,0.4
Thiruvananthapuram,2024-01-26,79.875,46.7,80.83,7.02,6.41,0.46
Thiruvananthapuram,2024-01-27,80.91666666666667,46.75,80.89,7.08,5.89,0.39
Thiruvananthapuram,2024-01-28,80.95833333333333,46.7,80.83,7.14,6.6,0.38
Thiruvananthapuram,2024-01-29,79.95833333333333,46.18,79.54,7.24,5.79,0.46
Thiruvananthapuram,2024-01-30,78.83333333333333,46.39,78.61,7.09,5.51,0.45
Thiruvananthapuram,2024-01-31,79.58333333333333,46.7,79.08,7.12,6.08,0.55
Guwahati,2024-05-01,103.33333333333331,33.03,86.55,0.46,9.27,0.0
Guwahati,2024-05-02,125.54166666666669,67.54,195.98,2.39,9.38,0.0
Guwahati,2024-05-03,194.875,53.22,245.99,0.55,9.35,0.0
Guwahati,2024-05-04,193.26666666666668,47.42,133.58,0.67,9.52,0.0
Guwahati,2024-05-06,48.25,,45.69,0.01,11.02,0.0
Guwahati,2024-05-07,40.75,,37.78,0.23,11.22,0.0
Guwahati,2024-05-08,47.5,44.9,61.97,0.7,10.36,0.0
Guwahati,2024-05-09,82.66666666666667,35.9,74.58,1.17,9.91,0.0
Guwahati,2024-05-10,50.083333333333336,16.5,45.0,0.14,9.92,0.0
Guwahati,2024-05-11,49.333333333333336,27.32,53.82,0.31,9.86,0.0
Guwahati,2024-05-12,56.583333333333336,28.14,56.51,0.53,9.89,0.0
Guwahati,2024-05-13,74.16666666666667,43.59,84.48,2.04,9.69,0.0
Guwahati,2024-05-14,108.21739130434784,62.06,126.75,2.99,9.97,0.0
Guwahati,2024-05-15,126.125,70.03,131.51,2.23,9.98,0.0
Guwahati,2024-05-16,152.66666666666666,47.1,93.83,1.98,10.26,0.0
Guwahati,2024-05-17,83.8,43.3,80.15,0.62,10.2,0.0
Guwahati,2024-05-18,85.0,29.58,47.64,0.72,9.94,0.0
Guwahati,2024-05-19,49.6,24.95,44.35,0.56,10.0,0.0
Guwahati,2024-05-20,37.375,21.68,41.68,0.65,9.97,0.0
Guwahati,2024-05-21,59.25,37.58,77.8,1.36,10.0,0.0
Guwahati,2024-05-22,94.95833333333331,49.03,90.33,1.66,10.11,0.0
Guwahati,2024-05-23,84.82608695652173,41.18,89.21,3.14,10.12,0.0
Guwahati,2024-05-24,81.5,37.77,86.5,1.6,10.33,0.0
Guwahati,2024-05-25,92.3913043478261,40.61,94.03,1.26,10.45,0.0
Guwahati,2024-05-26,59.17391304347826,18.87,50.11,0.24,10.42,0.0
Guwahati,2024-05-27,34.958333333333336,3.69,11.68,0.06,10.0,0.0
Guwahati,2024-05-28,25.416666666666668,3.55,10.33,0.38,10.0,0.0
Guwahati,2024-05-29,21.45833333333333,14.09,35.23,0.16,10.01,0.0
Guwahati,2024-05-30,36.25,13.46,27.53,0.24,10.0,0.0
Guwahati,2024-05-31,25.70833333333333,10.95,24.61,0.08,9.95,0.0
Jodhpur,2024-05-01,201.83333333333331,86.34,211.6,16.01,9.18,0.93
Jodhpur,2024-05-02,154.54166666666666,62.84,172.0,19.53,8.41,0.92
Jodhpur,2024-05-03,223.33333333333331,92.16,295.47,19.45,7.94,1.94
Jodhpur,2024-05-04,228.5,54.22,229.69,19.52,10.18,0.67
Jodhpur,2024-05-05,179.41666666666666,73.15,233.22,19.51,6.26,0.88
Jodhpur,2024-05-06,166.20833333333334,50.91,158.92,19.49,8.74,1.16
Jodhpur,2024-05-07,153.875,76.45,166.05,19.59,7.62,1.61
Jodhpur,2024-05-08,141.16666666666666,46.82,127.78,19.45,8.02,0.57
Jodhpur,2024-05-09,112.91666666666669,37.01,132.91,19.47,8.01,0.45
Jodhpur,2024-05-10,108.75,39.0,120.68,19.49,8.31,0.18
Jodhpur,2024-05-11,105.875,33.1,125.94,19.38,8.42,1.32
Jodhpur,2024-05-12,108.58333333333331,33.98,108.83,19.4,8.51,1.19
Jodhpur,2024-05-13,99.83333333333331,33.91,107.56,19.46,8.17,1.44
Jodhpur,2024-05-14,98.1304347826087,38.95,130.99,19.42,8.33,0.57
Jodhpur,2024-05-15,119.83333333333331,38.67,161.59,19.39,8.09,0.93
Jodhpur,2024-05-16,150.875,48.18,132.03,19.52,8.11,0.35
Jodhpur,2024-05-17,131.04166666666666,56.37,173.07,19.51,8.31,1.13
Jodhpur,2024-05-18,139.58333333333334,46.89,128.85,19.48,8.35,0.66
Jodhpur,2024-05-19,109.83333333333331,47.98,146.71,19.45,8.18,0.52
Jodhpur,2024-05-20,116.04166666666669,49.01,96.11,19.57,8.14,0.42
Jodhpur,2024-05-21,113.33333333333331,60.99,125.57,19.4,7.79,0.33
Jodhpur,2024-05-22,122.58333333333331,53.51,134.57,19.43,7.84,0.3
Jodhpur,2024-05-23,118.95652173913044,43.29,119.36,19.41,6.98,0.83
Jodhpur,2024-05-24,100.83333333333331,50.84,99.2,19.38,8.82,0.53
Jodhpur,2024-05-25,124.69565217391305,63.19,144.03,19.57,7.8,0.34
Jodhpur,2024-05-26,130.04347826086956,58.24,147.89,19.56,7.69,0.15
Jodhpur,2024-05-27,147.20833333333334,59.94,167.06,19.54,6.79,0.26
Jodhpur,2024-05-28,166.70833333333334,67.88,237.9,19.5,9.86,0.07
Jodhpur,2024-05-29,204.41666666666663,52.89,200.09,19.56,7.16,0.25
Jodhpur,2024-05-30,137.33333333333334,52.08,147.31,19.49,9.05,0.12
Jodhpur,2024-05-31,111.85714285714286,51.72,115.97,16.85,6.38,0.4
Raipur,2024-01-01,150.66666666666666,72.14,126.37,51.72,4.96,1.21
Raipur,2024-01-02,136.79166666666666,68.35,128.52,51.45,4.84,1.31
Raipur,2024-01-03,105.33333333333331,47.67,100.95,48.43,4.97,1.07
Raipur,2024-01-04,107.58333333333331,62.35,139.26,50.71,13.51,1.08
Raipur,2024-01-05,121.04166666666669,54.79,113.49,48.94,5.97,1.11
Raipur,2024-01-06,103.29166666666669,50.31,107.99,45.85,5.25,0.87
Raipur,2024-01-07,104.83333333333331,57.21,118.36,44.0,5.02,0.94
Raipur,2024-01-08,116.91666666666669,58.05,124.65,48.41,16.12,1.05
Raipur,2024-01-09,122.66666666666669,61.58,138.2,48.89,6.42,1.19
Raipur,2024-01-10,127.47826086956522,62.11,142.66,49.15,9.71,1.13
Raipur,2024-01-11,109.95833333333331,47.17,103.87,45.98,5.83,0.96
Raipur,2024-01-12,93.20833333333331,37.19,94.89,44.52,11.29,0.91
Raipur,2024-01-13,86.41666666666667,34.89,92.02,43.25,5.93,0.89
Raipur,2024-01-14,90.82608695652172,41.34,94.87,43.67,12.14,0.86
Raipur,2024-01-15,81.04166666666667,31.85,80.59,48.29,15.14,0.8
Raipur,2024-01-16,83.20833333333333,36.76,87.44,44.47,8.04,0.8
Raipur,2024-01-17,101.04166666666669,54.32,130.82,50.08,6.79,1.18
Raipur,2024-01-18,110.5,49.47,96.6,44.3,7.16,0.91
Raipur,2024-01-19,98.0,55.14,124.33,46.22,13.15,1.0
Raipur,2024-01-20,125.5,60.94,133.88,42.91,7.77,1.02
Raipur,2024-01-21,108.33333333333331,49.03,95.19,41.16,6.07,0.87
Raipur,2024-01-22,96.83333333333331,52.39,109.66,40.75,8.74,0.82
Raipur,2024-01-23,98.79166666666669,56.84,102.54,42.92,10.8,1.02
Raipur,2024-01-24,105.375,55.52,117.49,42.67,8.57,1.1
Raipur,2024-01-25,102.04347826086956,42.24,91.38,50.96,7.66,0.83
Raipur,2024-01-26,105.375,55.58,116.89,46.31,7.12,0.85
Raipur,2024-01-27,86.75,42.91,86.06,51.59,6.67,0.78
Raipur,2024-01-30,74.82352941176471,35.3,71.83,47.71,6.44,0.7
Raipur,2024-01-31,83.125,46.27,107.08,49.27,7.2,0.83
Thiruvananthapuram,2024-02-01,79.33333333333333,46.47,79.05,6.6,4.87,0.0
Thiruvananthapuram,2024-02-02,79.45833333333333,45.87,78.06,6.66,5.38,0.0
Thiruvananthapuram,2024-02-03,78.16666666666667,45.54,77.58,6.69,5.66,0.01
Thiruvananthapuram,2024-02-04,79.125,46.38,78.96,6.62,5.08,0.01
Thiruvananthapuram,2024-02-05,79.54166666666667,46.04,79.52,6.67,5.25,0.02
Thiruvananthapuram,2024-02-06,81.5,46.44,81.77,6.72,5.02,0.01
Thiruvananthapuram,2024-02-07,82.58333333333333,46.92,82.68,6.65,5.91,0.07
Thiruvananthapuram,2024-02-08,84.08333333333333,47.16,83.04,6.65,6.08,0.1
Thiruvananthapuram,2024-02-09,83.95833333333333,47.11,83.09,6.57,5.16,0.02
Thiruvananthapuram,2024-02-10,82.95833333333333,46.6,82.15,6.74,6.44,0.01
Thiruvananthapuram,2024-02-11,83.25,47.05,83.01,6.56,5.83,0.01
Thiruvananthapuram,2024-02-12,83.47826086956522,46.73,82.32,6.62,6.5,0.03
Thiruvananthapuram,2024-02-13,82.83333333333333,46.33,81.73,6.67,6.64,0.0
Thiruvananthapuram,2024-02-14,82.25,46.26,81.55,6.59,4.73,0.04
Thiruvananthapuram,2024-02-15,82.0,46.36,82.24,6.57,6.82,0.05
Thiruvananthapuram,2024-02-16,82.70833333333333,46.69,83.28,6.6,6.84,0.01
Thiruvananthapuram,2024-02-17,83.0,46.13,82.23,6.74,6.16,0.01
Thiruvananthapuram,2024-02-18,83.56521739130434,46.87,83.64,6.63,7.46,0.0
Thiruvananthapuram,2024-02-19,83.91666666666667,46.54,83.16,6.54,6.26,0.0
Thiruvananthapuram,2024-02-20,83.29166666666667,46.62,83.2,6.65,8.01,0.04
Thiruvananthapuram,2024-02-21,84.04166666666667,46.77,83.34,6.76,5.71,0.0
Thiruvananthapuram,2024-02-22,83.83333333333333,46.47,82.96,6.64,6.91,0.0
Thiruvananthapuram,2024-02-23,83.54166666666667,46.85,83.57,6.56,6.89,0.0
Thiruvananthapuram,2024-02-24,83.91666666666667,46.86,83.58,6.53,5.78,0.0
Thiruvananthapuram,2024-02-25,84.20833333333333,46.44,82.79,6.63,6.92,0.0
Thiruvananthapuram,2024-02-26,82.5909090909091,46.14,82.31,6.67,5.78,0.1
Thiruvananthapuram,2024-02-27,82.91666666666667,46.83,83.49,6.66,6.75,0.0
Thiruvananthapuram,2024-02-28,83.20833333333333,46.16,82.38,6.61,5.99,0.06
Thiruvananthapuram,2024-02-29,82.91666666666667,46.43,82.78,6.49,6.54,0.01
Jodhpur,2024-01-01,164.53846153846155,36.13,162.94,18.06,14.48,1.26
Jodhpur,2024-01-02,140.5,62.82,160.99,18.05,14.24,1.21
Jodhpur,2024-01-03,164.5,65.86,160.47,18.04,14.22,1.23
Jodhpur,2024-01-04,122.0625,58.29,138.2,18.03,14.29,1.25
Jodhpur,2024-01-06,150.8181818181818,79.22,159.68,18.08,14.33,1.25
Jodhpur,2024-01-07,167.0909090909091,68.19,160.98,18.01,14.58,1.23
Jodhpur,2024-01-08,119.3529411764706,78.42,143.82,17.95,14.5,1.25
Jodhpur,2024-01-09,121.25,71.54,168.46,17.8,14.08,1.24
Jodhpur,2024-01-10,175.65217391304347,79.31,162.25,18.15,14.28,1.24
Jodhpur,2024-01-11,174.70833333333334,80.2,218.5,18.02,14.36,1.23
Jodhpur,2024-01-12,194.8571428571429,96.8,282.33,18.07,14.25,1.24
Jodhpur,2024-01-13,306.0625,147.36,369.62,17.95,14.4,1.24
Jodhpur,2024-01-14,274.7826086956522,113.69,246.43,17.94,14.28,1.25
Jodhpur,2024-01-15,143.33333333333334,102.78,348.15,17.96,14.65,1.25
Jodhpur,2024-01-16,274.9583333333333,126.42,273.43,18.06,14.28,1.24
Jodhpur,2024-01-17,284.3333333333333,129.19,336.33,17.88,13.54,1.26
Jodhpur,2024-01-18,248.25,106.84,251.96,18.19,14.44,1.24
Jodhpur,2024-01-19,207.95833333333331,95.48,284.53,18.16,14.31,1.24
Jodhpur,2024-01-20,218.95454545454547,62.57,190.81,18.08,14.42,1.26
Jodhpur,2024-01-21,163.25,67.65,181.77,17.89,14.57,1.23
Jodhpur,2024-01-22,146.16666666666666,113.83,231.66,19.83,32.34,1.25
Jodhpur,2024-01-23,279.5416666666667,194.51,337.14,27.1,15.59,1.26
Jodhpur,2024-01-24,196.25,89.36,278.83,10.33,15.57,1.24
Jodhpur,2024-01-25,222.4782608695652,107.18,235.38,15.84,15.69,1.25
Jodhpur,2024-01-26,233.75,87.07,176.81,15.97,15.64,1.24
Jodhpur,2024-01-28,288.6,135.43,251.12,36.45,15.89,1.25
Jodhpur,2024-01-29,253.45833333333331,93.48,200.09,37.57,15.74,1.24
Jodhpur,2024-01-30,206.75,96.73,218.77,31.65,15.69,1.24
Jodhpur,2024-01-31,257.25,122.67,311.1,28.35,15.98,1.24
Guwahati,2024-04-01,81.625,36.8,68.9,1.0,8.98,0.0
Guwahati,2024-04-02,74.375,35.72,102.2,1.47,8.97,0.0
Guwahati,2024-04-03,150.16666666666666,54.36,226.3,1.32,8.95,0.0
Guwahati,2024-04-04,195.16666666666663,51.08,343.76,0.24,8.97,0.0
Guwahati,2024-04-05,229.70833333333331,35.71,106.12,0.32,8.95,0.0
Guwahati,2024-04-06,97.5,53.18,107.67,1.66,9.61,0.0
Guwahati,2024-04-07,169.58333333333334,92.89,235.33,2.62,10.02,0.0
Guwahati,2024-04-08,174.95833333333334,71.22,149.18,2.78,8.77,0.0
Guwahati,2024-04-09,190.58333333333331,101.91,195.29,3.41,9.72,0.0
Guwahati,2024-04-10,244.83333333333331,115.24,217.1,3.11,9.4,0.0
Guwahati,2024-04-11,278.0,71.02,132.6,1.06,9.62,0.0
Guwahati,2024-04-17,82.0,,92.75,0.07,9.62,0.0
Guwahati,2024-04-18,77.25,40.38,76.88,0.18,9.27,0.0
Guwahati,2024-04-19,95.70833333333331,46.21,113.09,0.31,9.65,0.0
Guwahati,2024-04-20,80.125,24.07,42.65,0.0,8.6,0.0
Guwahati,2024-04-21,43.91666666666666,29.11,57.84,0.06,9.64,0.0
Guwahati,2024-04-22,69.04166666666667,31.76,110.54,0.06,9.89,0.0
Guwahati,2024-04-23,104.58333333333331,42.51,100.86,1.2,9.26,0.0
Guwahati,2024-04-24,150.5,82.6,212.81,2.67,9.61,0.0
Guwahati,2024-04-25,206.04166666666663,49.58,317.54,0.5,9.18,0.0
Guwahati,2024-04-26,194.7826086956522,41.43,189.83,0.29,9.24,0.0
Guwahati,2024-04-27,124.70833333333331,32.43,64.77,0.47,9.17,0.0
Guwahati,2024-04-28,74.33333333333333,38.94,77.2,0.51,9.06,0.0
Guwahati,2024-04-29,58.375,19.12,51.14,0.12,9.17,0.0
Guwahati,2024-04-30,67.875,28.52,117.11,0.03,9.21,0.0
Dehradun,2024-04-02,97.73684210526316,31.07,90.34,1.53,1.42,0.01
Dehradun,2024-04-03,89.25,31.54,94.66,1.98,1.32,0.18
Dehradun,2024-04-04,104.375,31.42,93.29,1.67,1.75,0.06
Dehradun,2024-04-05,91.45833333333331,33.65,94.73,2.04,1.91,0.24
Dehradun,2024-04-06,96.83333333333331,26.86,81.29,1.22,1.44,0.0
Dehradun,2024-04-07,94.66666666666669,30.3,83.46,1.29,2.04,0.07
Dehradun,2024-04-08,98.08333333333331,30.39,79.21,1.49,1.67,0.17
Dehradun,2024-04-09,122.66666666666669,37.59,96.45,1.67,1.69,0.32
Dehradun,2024-04-10,124.0,29.63,75.16,1.06,1.62,0.08
Dehradun,2024-04-11,91.66666666666669,25.06,83.17,1.25,1.28,0.17
Dehradun,2024-04-12,86.79166666666667,30.57,88.21,1.36,2.05,0.27
Dehradun,2024-04-13,133.375,43.47,130.86,1.88,2.89,0.78
Dehradun,2024-04-14,155.16666666666666,68.99,189.56,3.58,2.16,1.0
Dehradun,2024-04-15,128.25,54.19,118.09,3.29,1.97,1.0
Dehradun,2024-04-16,104.04166666666669,42.54,90.95,1.79,1.52,0.42
Dehradun,2024-04-17,91.0,37.94,78.24,1.29,1.64,0.0
Dehradun,2024-04-18,88.79166666666667,31.54,88.57,1.59,1.12,0.0
Dehradun,2024-04-19,79.2,41.75,104.84,1.14,0.9,0.0
Dehradun,2024-04-20,84.4,33.16,89.61,0.94,0.62,0.0
Dehradun,2024-04-21,101.41666666666669,35.54,87.27,1.28,1.08,0.0
Dehradun,2024-04-22,98.25,38.21,88.45,1.62,1.35,0.0
Dehradun,2024-04-23,99.45833333333331,39.42,103.73,2.04,1.52,0.0
Dehradun,2024-04-24,111.79166666666669,44.86,87.59,1.77,1.62,0.0
Dehradun,2024-04-25,115.08333333333331,39.87,85.26,1.49,1.61,0.0
Dehradun,2024-04-26,105.82608695652172,36.65,91.97,1.61,2.15,0.0
Dehradun,2024-04-27,89.375,25.02,63.08,0.85,0.92,0.0
Dehradun,2024-04-28,76.45833333333333,24.94,56.45,1.44,0.73,0.0
Dehradun,2024-04-29,81.20833333333333,32.82,91.44,1.92,1.02,0.0
Dehradun,2024-04-30,94.29166666666669,35.06,114.81,0.93,1.16,0.0
Thiruvananthapuram,2024-04-01,98.16666666666669,48.52,97.6,6.62,5.83,0.0
Thiruvananthapuram,2024-04-02,97.95833333333331,48.57,97.82,6.71,5.36,0.04
Thiruvananthapuram,2024-04-03,98.0,48.46,97.44,6.71,4.44,0.03
Thiruvananthapuram,2024-04-04,98.125,48.45,97.61,6.68,4.93,0.03
Thiruvananthapuram,2024-04-05,98.625,48.8,98.11,6.67,6.76,0.02
Thiruvananthapuram,2024-04-06,98.20833333333331,49.37,99.04,6.63,4.77,0.0
Thiruvananthapuram,2024-04-07,98.66666666666669,48.23,97.19,6.66,5.01,0.0
Thiruvananthapuram,2024-04-08,98.20833333333331,48.97,98.41,6.73,4.48,0.01
Thiruvananthapuram,2024-04-09,98.29166666666669,48.72,94.36,6.71,8.41,0.01
Thiruvananthapuram,2024-04-10,88.91666666666667,48.66,85.3,6.68,6.74,0.01
Thiruvananthapuram,2024-04-11,86.58333333333333,49.05,86.04,6.6,5.6,0.0
Thiruvananthapuram,2024-04-12,85.5,47.89,84.05,6.61,5.28,0.02
Thiruvananthapuram,2024-04-13,85.45833333333333,48.51,85.12,6.67,5.5,0.03
Thiruvananthapuram,2024-04-14,85.79166666666667,48.89,85.68,6.66,4.88,0.0
Thiruvananthapuram,2024-04-15,85.45833333333333,48.69,85.37,6.61,4.35,0.02
Thiruvananthapuram,2024-04-16,86.0,48.63,85.32,6.63,4.89,0.06
Thiruvananthapuram,2024-04-17,86.125,49.19,86.23,6.64,6.24,0.01
Thiruvananthapuram,2024-04-18,86.45833333333333,48.76,85.45,6.62,5.58,0.0
Thiruvananthapuram,2024-04-19,86.25,48.21,84.46,6.6,4.33,0.0
Thiruvananthapuram,2024-04-20,85.625,48.44,85.01,6.73,4.78,0.0
Thiruvananthapuram,2024-04-21,85.41666666666667,48.15,84.39,6.73,5.57,0.0
Thiruvananthapuram,2024-04-22,85.625,48.76,85.55,6.59,6.2,0.0
Thiruvananthapuram,2024-04-23,86.16666666666667,48.71,85.39,6.62,5.39,0.01
Thiruvananthapuram,2024-04-24,86.0,48.79,85.52,6.62,4.9,0.02
Thiruvananthapuram,2024-04-25,87.33333333333333,49.34,86.48,6.61,5.38,0.0
Thiruvananthapuram,2024-04-26,86.26086956521739,48.86,85.71,6.6,5.94,0.0
Thiruvananthapuram,2024-04-27,86.625,48.93,85.75,6.6,3.8,0.01
Thiruvananthapuram,2024-04-28,86.54166666666667,48.57,85.25,6.58,4.31,0.01
Thiruvananthapuram,2024-04-29,85.20833333333333,48.84,85.67,6.61,4.31,0.02
Thiruvananthapuram,2024-04-30,85.95833333333333,48.15,84.52,6.64,5.96,0.05
Jodhpur,2024-03-01,228.04166666666663,75.83,214.34,29.42,15.17,0.81
Jodhpur,2024-03-02,144.83333333333334,38.37,143.93,29.4,15.08,0.8
Jodhpur,2024-03-03,128.70833333333334,49.2,145.19,29.79,14.98,0.79
Jodhpur,2024-03-04,123.33333333333331,50.67,132.49,29.29,15.24,0.84
Jodhpur,2024-03-05,128.625,27.48,132.36,29.52,15.12,0.84
Jodhpur,2024-03-06,102.66666666666669,30.38,117.26,29.83,15.01,0.79
Jodhpur,2024-03-07,106.08333333333331,43.58,106.69,29.29,15.28,0.82
Jodhpur,2024-03-08,106.69565217391305,41.98,118.47,29.65,15.26,0.84
Jodhpur,2024-03-09,100.91666666666669,39.66,98.86,29.25,15.07,0.82
Jodhpur,2024-03-10,113.70833333333331,52.62,147.64,29.74,15.22,0.81
Jodhpur,2024-03-11,131.04166666666666,52.31,139.81,27.64,15.04,0.81
Jodhpur,2024-03-12,118.125,53.75,117.19,29.71,15.0,0.83
Jodhpur,2024-03-13,106.47826086956522,57.49,112.34,29.37,15.04,0.82
Jodhpur,2024-03-14,149.56521739130434,72.63,186.65,29.3,15.22,0.82
Jodhpur,2024-03-15,135.70833333333334,42.36,123.8,29.44,15.0,0.82
Jodhpur,2024-03-16,109.25,43.31,109.29,29.38,15.07,0.81
Jodhpur,2024-03-17,112.16666666666669,55.24,120.34,29.28,15.15,0.82
Jodhpur,2024-03-18,109.75,46.86,157.65,29.35,15.09,0.82
Jodhpur,2024-03-19,207.16666666666663,65.49,220.34,29.49,15.09,0.82
Jodhpur,2024-03-20,134.875,43.14,114.73,29.38,14.96,0.82
Jodhpur,2024-03-21,111.5,48.54,167.93,29.32,15.16,0.83
Jodhpur,2024-03-22,171.0,55.64,201.6,29.48,15.11,0.84
Jodhpur,2024-03-23,149.45833333333334,62.4,153.12,29.4,15.05,0.81
Jodhpur,2024-03-24,118.79166666666669,48.2,125.27,29.61,15.15,0.83
Jodhpur,2024-03-25,136.375,76.66,173.62,29.63,15.18,0.81
Jodhpur,2024-03-26,155.5,39.58,181.76,29.15,15.26,0.8
Jodhpur,2024-03-27,139.75,56.18,134.74,29.59,15.16,0.83
Jodhpur,2024-03-28,114.04166666666669,43.67,153.22,29.53,15.24,0.77
Jodhpur,2024-03-29,149.27272727272728,48.58,163.41,29.46,14.92,0.8
Jodhpur,2024-03-30,134.45833333333334,50.38,160.72,29.36,13.56,0.81
Jodhpur,2024-03-31,153.79166666666666,63.67,191.17,29.28,12.49,0.83
Thiruvananthapuram,2024-03-01,83.54166666666667,46.76,83.38,6.68,5.93,0.06
Thiruvananthapuram,2024-03-02,83.25,46.59,83.05,6.64,7.38,0.0
Thiruvananthapuram,2024-03-03,84.04166666666667,46.99,83.97,6.66,7.38,0.0
Thiruvananthapuram,2024-03-04,83.54166666666667,46.08,82.26,6.65,5.03,0.0
Thiruvananthapuram,2024-03-05,83.625,46.26,83.95,6.56,7.44,0.01
Thiruvananthapuram,2024-03-06,86.0,45.28,86.17,6.6,6.03,0.0
Thiruvananthapuram,2024-03-07,87.91666666666667,45.58,86.69,6.71,4.7,0.03
Thiruvananthapuram,2024-03-08,86.43478260869566,44.66,84.94,6.82,4.06,0.0
Thiruvananthapuram,2024-03-09,86.20833333333333,45.42,86.4,6.58,6.58,0.0
Thiruvananthapuram,2024-03-10,86.75,44.85,85.21,6.67,6.4,0.0
Thiruvananthapuram,2024-03-11,85.95833333333333,45.78,86.94,6.63,5.38,0.0
Thiruvananthapuram,2024-03-12,86.875,44.88,85.39,6.57,5.9,0.0
Thiruvananthapuram,2024-03-13,85.73913043478261,44.96,85.44,6.59,6.78,0.02
Thiruvananthapuram,2024-03-14,86.47826086956522,45.4,86.46,6.72,5.89,0.0
Thiruvananthapuram,2024-03-15,88.16666666666667,47.56,92.56,6.68,4.76,0.0
Thiruvananthapuram,2024-03-16,97.41666666666669,49.15,98.71,6.55,5.17,0.0
Thiruvananthapuram,2024-03-17,98.95833333333331,48.93,98.32,6.62,5.72,0.0
Thiruvananthapuram,2024-03-18,97.41666666666669,48.24,97.18,6.61,4.9,0.04
Thiruvananthapuram,2024-03-19,97.0,48.39,97.43,6.64,5.33,0.0
Thiruvananthapuram,2024-03-20,97.29166666666669,48.13,97.0,6.72,6.51,0.0
Thiruvananthapuram,2024-03-21,97.9090909090909,48.52,97.55,6.53,5.99,0.01
Thiruvananthapuram,2024-03-22,98.25,48.68,97.93,6.67,5.59,0.0
Thiruvananthapuram,2024-03-23,97.875,48.75,97.85,6.67,5.59,0.01
Thiruvananthapuram,2024-03-24,98.45833333333331,48.74,97.99,6.66,6.42,0.0
Thiruvananthapuram,2024-03-25,98.16666666666669,49.09,98.58,6.58,4.74,0.03
Thiruvananthapuram,2024-03-26,99.25,48.63,97.8,6.6,4.48,0.0
Thiruvananthapuram,2024-03-27,98.625,48.63,97.78,6.65,5.37,0.0
Thiruvananthapuram,2024-03-28,98.125,48.96,98.33,6.73,7.49,0.0
Thiruvananthapuram,2024-03-29,98.5909090909091,48.8,98.04,6.56,6.37,0.01
Thiruvananthapuram,2024-03-30,97.83333333333331,49.08,98.63,6.47,5.42,0.0
Thiruvananthapuram,2024-03-31,98.79166666666669,49.38,98.94,6.63,3.88,0.0
Guwahati,2024-03-01,206.33333333333331,89.73,167.55,3.55,9.72,0.0
Guwahati,2024-03-02,223.41666666666663,151.97,201.66,6.31,9.76,0.0
Guwahati,2024-03-03,166.45833333333334,,204.58,3.19,9.65,0.0
Guwahati,2024-03-04,166.83333333333334,64.54,194.34,3.2,9.91,0.0
Guwahati,2024-03-05,168.375,75.08,225.83,2.46,9.86,0.0
Guwahati,2024-03-06,176.58333333333334,63.54,141.74,2.95,9.49,0.0
Guwahati,2024-03-07,174.08333333333334,97.89,169.28,4.2,9.55,0.0
Guwahati,2024-03-08,214.3913043478261,90.72,166.92,3.4,10.34,0.0
Guwahati,2024-03-09,212.58333333333331,108.93,198.41,4.93,10.09,0.0
Guwahati,2024-03-10,217.0,116.71,201.52,6.17,10.2,0.0
Guwahati,2024-03-13,190.0,89.89,211.82,1.85,9.22,0.0
Guwahati,2024-03-15,176.91304347826087,69.75,205.31,1.35,9.3,0.0
Guwahati,2024-03-16,163.91666666666666,74.02,177.96,2.14,9.3,0.0
Guwahati,2024-03-17,210.83333333333331,117.86,255.53,5.0,9.44,0.0
Guwahati,2024-03-18,244.75,120.67,217.02,4.47,9.39,0.0
Guwahati,2024-03-19,276.6666666666667,153.76,286.74,3.93,9.65,0.0
Guwahati,2024-03-20,319.1666666666667,147.88,206.51,2.84,9.89,0.0
Guwahati,2024-03-21,238.3636363636364,70.23,87.68,0.88,9.85,0.0
Guwahati,2024-03-22,131.375,66.22,102.12,1.68,9.5,0.0
Guwahati,2024-03-23,124.16666666666669,63.98,106.55,2.08,9.06,0.0
Guwahati,2024-03-24,100.95833333333331,50.11,87.0,0.78,9.0,0.0
Guwahati,2024-03-25,133.58333333333334,61.74,106.47,1.01,8.93,0.0
Guwahati,2024-03-26,66.875,19.23,35.01,0.13,9.0,0.0
Guwahati,2024-03-27,32.0,16.2,35.62,0.4,9.0,0.0
Guwahati,2024-03-28,55.0,38.28,79.28,1.7,8.99,0.0
Guwahati,2024-03-29,114.5,65.55,125.53,2.69,9.09,0.0
Guwahati,2024-03-30,180.08333333333334,102.48,180.24,3.94,8.98,0.0
Guwahati,2024-03-31,186.0,70.41,119.85,2.85,9.03,0.0
Raipur,2024-04-01,43.0,21.76,50.49,30.64,7.57,0.0
Raipur,2024-04-02,73.0,33.72,87.47,42.37,8.61,0.06
Raipur,2024-04-03,86.875,42.52,110.6,43.65,22.73,0.39
Raipur,2024-04-04,82.83333333333333,34.0,74.44,25.6,9.98,0.0
Raipur,2024-04-05,81.0,32.45,80.68,35.23,9.23,0.0
Raipur,2024-04-06,79.33333333333333,30.77,76.21,32.55,8.94,0.0
Raipur,2024-04-07,79.45833333333333,30.44,87.99,32.79,9.08,0.0
Raipur,2024-04-08,68.0,20.43,44.31,28.24,4.19,0.0
Raipur,2024-04-09,40.5,16.69,35.88,25.7,3.21,0.0
Raipur,2024-04-10,42.583333333333336,19.48,49.86,24.33,4.44,0.01
Raipur,2024-04-11,36.41666666666666,9.82,23.42,24.12,3.18,0.0
Raipur,2024-04-12,38.16666666666666,17.57,43.41,20.04,3.51,0.0
Raipur,2024-04-13,61.66666666666666,30.34,70.3,18.27,3.83,0.1
Raipur,2024-04-14,51.5,18.01,43.09,17.4,4.61,0.0
Raipur,2024-04-15,50.833333333333336,24.49,58.67,17.32,5.73,0.0
Raipur,2024-04-16,65.95833333333333,32.22,81.01,19.66,10.18,0.08
Raipur,2024-04-17,78.58333333333333,26.14,64.67,18.82,9.64,0.0
Raipur,2024-04-18,64.55,30.07,86.48,21.91,13.09,0.0
Raipur,2024-04-20,63.0,22.49,60.89,24.64,10.68,0.0
Raipur,2024-04-21,50.5,19.73,44.57,19.49,5.54,0.0
Raipur,2024-04-22,45.55555555555556,13.42,37.42,20.27,7.18,0.0
Raipur,2024-04-23,40.76190476190476,21.3,49.53,19.14,6.16,0.08
Raipur,2024-04-24,54.36842105263158,19.46,50.59,15.84,4.22,0.0
Raipur,2024-04-26,63.1764705882353,27.16,66.3,15.92,5.68,0.0
Raipur,2024-04-28,77.9090909090909,36.67,90.91,25.66,11.61,0.08
Raipur,2024-04-29,91.75,25.19,65.65,19.66,9.19,0.0
Raipur,2024-04-30,60.0,29.48,63.77,18.32,9.63,0.0
Raipur,2024-05-01,84.0625,32.26,82.84,20.19,6.65,0.0
Raipur,2024-05-02,81.95833333333333,32.71,89.39,25.47,14.49,0.0
Raipur,2024-05-03,89.75,39.36,87.11,32.26,15.92,0.15
Raipur,2024-05-04,77.46666666666667,48.52,60.52,33.86,6.95,0.0
Raipur,2024-05-07,60.30769230769231,15.65,50.85,15.55,5.41,0.0
Raipur,2024-05-08,39.29166666666666,15.35,37.2,20.13,4.31,0.16
Raipur,2024-05-09,64.66666666666667,14.02,38.37,15.83,3.44,0.0
Raipur,2024-05-10,43.9375,19.76,51.93,15.52,3.11,0.0
Raipur,2024-05-12,80.55555555555556,40.62,110.98,14.58,6.51,0.0
Raipur,2024-05-14,69.85,36.72,92.48,15.54,6.72,0.0
Raipur,2024-05-16,86.38095238095238,35.91,75.23,18.62,10.64,0.02
Raipur,2024-05-17,65.04166666666667,25.25,52.57,11.74,5.72,0.0
Raipur,2024-05-18,38.79166666666666,10.07,26.11,7.53,3.79,0.0
Raipur,2024-05-23,106.8181818181818,48.48,126.64,12.32,5.45,0.0
Raipur,2024-05-25,75.0952380952381,35.15,69.42,11.23,6.52,0.0
Raipur,2024-05-28,88.54545454545455,30.58,85.7,15.06,7.83,0.0
Raipur,2024-05-29,86.04166666666667,34.82,94.27,13.22,7.74,0.0
Raipur,2024-05-30,104.5,37.14,104.59,21.16,7.58,0.0
Raipur,2024-05-31,97.66666666666669,31.01,95.76,25.46,9.9,0.0
